STT,Câu hỏi,Trả lời , Nguồn,
1,"Tôi lái xe đến trạm thu phí cao tốc Hà Nội - Hải Phòng và gặp sự cố, nhân viên tại trạm thu phí cho phép tôi lùi xe, rẽ sang làn ETC để xử lý sự cố thì tôi có bị phạt nguội hay không? Các trường hợp sẽ bị phạt nguội khi đi trên cao tốc là gì? Mức xử phạt cụ thể là bao nhiêu?","Khoản 1 Điều 67 Luật Trật tự, an toàn giao thông đường bộ (được sửa đổi, bổ sung tại Luật sửa đổi, bổ sung một số điều của 10 luật có liên quan đến an ninh, trật tự năm 2025) quy định biện pháp phát hiện vi phạm pháp luật về trật tự, an toàn giao thông đường bộ gồm vận hành, sử dụng hệ thống giám sát bảo đảm an ninh, trật tự, an toàn giao thông đường bộ; hệ thống camera trên tuyến giao thông, trong đô thị; công trình, hệ thống thiết bị kỹ thuật nghiệp vụ kiểm tra, kiểm soát tải trọng xe cơ giới.
Việc xử lý kết quả thu thập được bằng phương tiện, thiết bị kỹ thuật nghiệp vụ được thực hiện theo quy định tại Điều 15 Nghị định số 135/2021/NĐ-CP ngày 31/12/2021 của Chính phủ quy định về danh mục, việc quản lý, sử dụng phương tiện, thiết bị kỹ thuật nghiệp vụ và quy trình thu thập, sử dụng dữ liệu thu được từ phương tiện, thiết bị kỹ thuật do cá nhân, tổ chức cung cấp để phát hiện vi phạm hành chính (được sửa đổi, bổ sung tại Nghị định số 184/2025/NĐ-CP ngày 01/7/2025 của Chính phủ, sẽ được thay thế bởi Nghị định số 61/2026/NĐ-CP ngày 13/02/2026 của Chính phủ quy định về danh mục, việc quản lý, sử dụng phương tiện, thiết bị kỹ thuật nghiệp vụ và quy trình thu thập, sử dụng dữ liệu thu được từ phương tiện, thiết bị kỹ thuật do cá nhân, tổ chức cung cấp để phát hiện vi phạm hành chính kể từ ngày 01/4/2026).
Điều 11 Luật Xử lý vi phạm hành chính (được sửa đổi, bổ sung năm 2020 và năm 2025) quy định không xử phạt vi phạm hành chính đối với các trường hợp sau đây: (1) Thực hiện hành vi vi phạm hành chính trong tình thế cấp thiết; (2) Thực hiện hành vi vi phạm hành chính do phòng vệ chính đáng; (3) Thực hiện hành vi vi phạm hành chính do sự kiện bất ngờ; (4) Thực hiện hành vi vi phạm hành chính do sự kiện bất khả kháng; (5) Người thực hiện hành vi vi phạm hành chính không có năng lực trách nhiệm hành chính; người thực hiện hành vi vi phạm hành chính chưa đủ tuổi bị xử phạt vi phạm hành chính.
Như vậy, nếu người điều khiển phương tiện thực hiện hành vi vi phạm trong các trường hợp trên thì không bị xử phạt vi phạm hành chính.
Về xử phạt, trừ điểm giấy phép lái xe đối với người điều khiển xe ô tô lùi xe trên đường cao tốc: Điểm đ khoản 11, điểm d khoản 16 Điều 6 Nghị định số 168/2024/NĐ-CP ngày 26/12/2024 của Chính phủ quy định xử phạt vi phạm hành chính về trật tự, an toàn giao thông trong lĩnh vực giao thông đường bộ; trừ điểm, phục hồi điểm giấy phép lái xe quy định phạt tiền từ 30.000.000 đồng đến 40.000.000 đồng, trừ điểm giấy phép lái xe 10 điểm.",https://bocongan.gov.vn/chinh-sach-phap-luat/chi-tiet-cau-hoi/48479427-9f0d-4629-86dc-5dba2982f7c4,
2,Xe ô tô 04 chỗ của công ty em đã trễ hạn đăng kiểm trên 01 tháng thì mức phạt đối với công ty hoặc chủ xe quy định như thế nào?,"Người điều khiển xe ô tô có giấy chứng nhận hoặc tem kiểm định an toàn kỹ thuật và bảo vệ môi trường nhưng đã hết hiệu lực (hạn sử dụng) từ 01 tháng trở lên bị phạt tiền từ 4.000.000 đồng đến 6.000.000 đồng, trừ điểm giấy phép lái xe 02 điểm theo quy định tại điểm b khoản 6, điểm a khoản 13 Điều 13 Nghị định số 168/2024/NĐ-CP ngày 26/12/2024 của Chính phủ quy định xử phạt vi phạm hành chính về trật tự, an toàn giao thông trong lĩnh vực giao thông đường bộ; trừ điểm, phục hồi điểm giấy phép lái xe.
Chủ phương tiện đưa xe cơ giới có giấy chứng nhận hoặc tem kiểm định an toàn kỹ thuật và bảo vệ môi trường nhưng đã hết hiệu lực (hạn sử dụng) từ 01 tháng trở lên tham gia giao thông bị phạt tiền từ 10.000.000 đồng đến 12.000.000 đồng đối với cá nhân, từ 20.000.000 đồng đến 24.000.000 đồng đối với tổ chức; tước quyền sử dụng phù hiệu từ 01 tháng đến 03 tháng (nếu có); trừ điểm giấy phép lái xe 02 điểm (trong trường hợp chủ phương tiện trực tiếp điều khiển phương tiện) theo quy định tại điểm a khoản 11, điểm đ khoản 18, điểm a khoản 21 Điều 32 Nghị định số 168/2024/NĐ-CP ngày 26/12/2024 của Chính phủ quy định xử phạt vi phạm hành chính về trật tự, an toàn giao thông trong lĩnh vực giao thông đường bộ; trừ điểm, phục hồi điểm giấy phép lái xe.",https://bocongan.gov.vn/chinh-sach-phap-luat/chi-tiet-cau-hoi/9fb380b3-8865-4f91-a1ea-6efec7b36d9d,
3,"Tôi đang sử dụng 01 chiếc xe máy không chính chủ mua từ năm 2021, do thời điểm đó là dịch Covid nên hình thức mua là Giấy viết tay và không có hợp đồng mua bán. Đến nay tôi không liên lạc được với chủ cũ của chiếc xe. Tôi chỉ có Giấy đăng ký xe và Giấy viết tay mua bán với chủ trước. Tôi đã liên hệ Công an xã (nơi giữ hồ sơ xe) thì được biết trường hợp của tôi phải đóng phạt khá cao do lỗi đi xe máy không chính chủ chưa kể phí sang tên xe để ra biển số mới.
Bộ Công an cho tôi hỏi, mức phạt đối với trường hợp của tôi chính xác là bao nhiêu? Khi tôi không liên lạc được với chủ cũ của xe và tôi muốn sang tên xe thì tôi phải làm gì? Mong được hướng dẫn thủ tục, hồ sơ và quy trình đối với trường hợp của tôi.","Về thủ tục sang tên xe, đề nghị bạn căn cứ theo quy định tại Điều 32 Thông tư số 79/2024/TT-BCA ngày 15/11/2024 của Bộ Công an quy định về cấp, thu hồi chứng nhận đăng ký xe, biển số xe cơ giới, xe máy chuyên dùng để thực hiện. Cụ thể:
“Điều 32. Giải quyết đăng ký sang tên xe đối với xe đã chuyển quyền sở hữu qua nhiều tổ chức, cá nhân
1. Tổ chức, cá nhân đang sử dụng xe đến cơ quan đăng ký xe quản lý hồ sơ xe đó để làm thủ tục thu hồi.
Sau đó đến cơ quan đăng ký xe nơi tổ chức, cá nhân đang sử dụng xe có trụ sở, cư trú quy định tại Điều 4 Thông tư này làm thủ tục đăng ký sang tên xe.
2. Hồ sơ thu hồi: Thực hiện hồ sơ theo quy định tại khoản 1 Điều 16 Thông tư này.
3. Thủ tục thu hồi
a) Trường hợp tổ chức, cá nhân đang sử dụng xe có chứng từ chuyển quyền sở hữu xe của chủ xe và chứng từ chuyển quyền sở hữu xe của người bán cuối cùng: Trong thời hạn 02 ngày làm việc kể từ ngày cơ quan đăng ký xe làm thủ tục thu hồi nhận đủ hồ sơ thu hồi thì người có thẩm quyền lập biên bản vi phạm hành chính đối với chủ xe và tiến hành xử phạt theo quy định của pháp luật, tổ chức, cá nhân đang sử dụng xe ký vào biên bản vi phạm hành chính với tư cách là người chứng kiến và ký vào các giấy tờ có liên quan đến thủ tục thu hồi; sau đó giải quyết cấp chứng nhận thu hồi chứng nhận đăng ký xe, biển số xe theo quy định.
b) Trường hợp tổ chức, cá nhân đang sử dụng xe không có chứng từ chuyển quyền sở hữu xe của chủ xe và chứng từ chuyển quyền sở hữu xe của người bán cuối cùng: Sau khi nhận đủ hồ sơ thu hồi thì người có thẩm quyền lập biên bản vi phạm hành chính đối với chủ xe và tiến hành xử phạt theo quy định của pháp luật, tổ chức, cá nhân đang sử dụng xe ký vào biên bản vi phạm hành chính với tư cách là người chứng kiến và ký vào các giấy tờ có liên quan đến thủ tục thu hồi, cơ quan đăng ký xe cấp giấy hẹn có giá trị được sử dụng xe trong thời gian 30 ngày.
Trong thời hạn 02 ngày làm việc, cơ quan đăng ký xe phải gửi thông báo cho chủ xe, niêm yết công khai tại trụ sở cơ quan, tra cứu, xác minh tàng thư xe mất cắp và dữ liệu đăng ký xe. Sau 30 ngày nếu không tranh chấp, khiếu kiện, người có thẩm quyền thực hiện thủ tục xử phạt vi phạm hành chính theo quy định; sau đó giải quyết cấp chứng nhận thu hồi chứng nhận đăng ký xe, biển số xe theo quy định.
4. Hồ sơ, thủ tục đăng ký sang tên xe: Thực hiện theo quy định tại khoản 2 Điều 16, khoản 2 Điều 17 Thông tư này.
5. Trách nhiệm của các đơn vị quản lý cơ sở dữ liệu xe mất cắp, xe vật chứng
Trong thời hạn 07 ngày làm việc, kể từ ngày tiếp nhận văn bản của cơ quan đăng ký xe đề nghị xác minh, đơn vị quản lý dữ liệu xe mất cắp, xe vật chứng trả lời bằng văn bản cho cơ quan đăng ký xe.”.
Về mức phạt đối với trường hợp chưa sang tên chính chủ: Thực hiện theo quy định tại Điều 32 Nghị định số 168/2024/NĐ-CP ngày 26/12/2024 của Chính phủ quy định xử phạt vi phạm hành chính về trật tự, an toàn giao thông trong lĩnh vực giao thông đường bộ; trừ điểm phục hồi Giấy phép lái xe. Cụ thể:
- Phạt tiền từ 800.000 đồng đến 1.000.000 đồng đối với cá nhân, từ 1.600.000 đồng đến 2.000.000 đồng đối với tổ chức là chủ xe mô tô, xe gắn máy và các loại xe tương tự xe mô tô, các loại xe tương tự xe gắn máy thực hiện một trong các hành vi vi phạm như: Không làm thủ tục cấp chứng nhận đăng ký xe, biển số xe trong trường hợp thay đổi chủ xe theo quy định; Không làm thủ tục đổi chứng nhận đăng ký xe, biển số xe theo quy định…
- Phạt tiền từ 4.000.000 đồng đến 6.000.000 đồng đối với cá nhân, từ 8.000.000 đồng đến 12.000.000 đồng đối với tổ chức là chủ xe ô tô (kể cả rơ moóc và sơ mi rơ moóc), xe chở người bốn bánh có gắn động cơ, xe chở hàng bốn bánh có gắn động cơ, xe máy chuyên dùng và các loại xe tương tự xe ô tô thực hiện một trong các hành vi vi phạm như: Không làm thủ tục thu hồi chứng nhận đăng ký xe; biển số xe; giấy chứng nhận kiểm định an toàn kỹ thuật và bảo vệ môi trường theo quy định; Không làm thủ tục đổi chứng nhận đăng ký xe, biển số xe theo quy định; Không làm thủ tục cấp chứng nhận đăng ký xe, biển số xe trong trường hợp thay đổi chủ xe theo quy định…",https://bocongan.gov.vn/chinh-sach-phap-luat/chi-tiet-cau-hoi/54288b43-75a4-406f-9dad-49853f421746,
4,"Thời gian gần đây, trên không gian mạng xuất hiện một số ý kiến cho rằng, quy định xử phạt hành vi sử dụng tai nghe khi tham gia giao thông đã ""lỗi thời"", không còn phù hợp với điều kiện phát triển công nghệ hiện nay và cần được xem xét, điều chỉnh. Do đó, đề nghị Bộ Công an cung cấp thông tin về cơ sở pháp lý, cơ sở thực tiễn (nguy cơ tiềm ẩn tai nạn giao thông khi sử dụng tai nghe trong khi tham gia giao thông), sự cần thiết, các hình thức xử phạt đối với hành vi sử dụng tai nghe khi tham gia giao thông?","Căn cứ điểm c khoản 3 Điều 33 Luật Trật tự, an toàn giao thông đường bộ năm 2024 quy định: ""Người lái xe mô tô hai bánh, xe mô tô ba bánh, xe gắn máy không được sử dụng thiết bị âm thanh, trừ thiết bị trợ thính"" và điểm đ khoản 4 Điều 7 Nghị định số 168/2024/NĐ-CP ngày 26/12/2024 của Chính phủ quy định xử phạt vi phạm hành chính về trật tự, an toàn giao thông trong lĩnh vực giao thông đường bộ; trừ điểm, phục hồi điểm giấy phép lái xe quy định: ""Người đang điều khiển xe mô tô, xe gắn máy sử dụng thiết bị âm thanh (trừ thiết bị trợ thính) bị phạt tiền từ 800.000 đồng đến 1.000.000 đồng, bị trừ điểm giấy phép lái xe 04 điểm"". 
Như vậy, Luật Trật tự an toàn giao thông đường bộ năm 2024 và Nghị định số 168/2024/NĐ-CP quy định chế tài xử phạt đối với hành vi sử dụng tai nghe nhằm bảo đảm người điều khiển phương tiện tập trung quan sát, lắng nghe các tín hiệu giao thông, âm thanh cảnh báo từ các phương tiện khác, góp phần phòng ngừa nguy cơ tai nạn giao thông và bảo đảm trật tự, an toàn giao thông. 
Bộ Công an ghi nhận ý kiến phản ánh của công dân và sẽ tổng hợp, nghiên cứu trong quá trình rà soát, đánh giá việc thực hiện các quy định của pháp luật về trật tự, an toàn giao thông đường bộ.",https://bocongan.gov.vn/chinh-sach-phap-luat/chi-tiet-cau-hoi/c8973694-5d2f-4334-b792-39f6e0f0fb4a,
5,"Tôi muốn hỏi, theo quy định, mức xử phạt vi phạm nồng độ cồn đối với người điều khiển xe ô tô như thế nào?","Theo Nghị định 168/2024/NĐ-CP của Chính phủ quy định xử phạt vi phạm hành chính về trật tự, an toàn giao thông trong lĩnh vực giao thông đường bộ; trừ điểm, phục hồi điểm giấy phép lái xe, trong đó, tại Điều 6 quy định về “Xử phạt, trừ điểm giấy phép lái xe của người điều khiển xe ô tô, xe chở người bốn bánh có gắn động cơ, xe chở hàng bốn bánh có gắn động cơ và các loại xe tương tự xe ô tô vi phạm quy tắc giao thông đường bộ” như sau:
- Cụ thể, theo quy định tại điểm c khoản 6, phạt tiền từ 6.000.000 đồng đến 8.000.000 đồng đối với người điều khiển xe trên đường mà trong máu hoặc hơi thở có nồng độ cồn nhưng chưa vượt quá 50 miligam/100 mililít máu hoặc chưa vượt quá 0,25 miligam/1 lít khí thở. Ngoài ra, còn bị trừ 04 điểm giấy phép lái xe.
- Theo quy định tại điểm a khoản 9, phạt tiền từ 18.000.000 đồng đến 20.000.000 đồng đối với người điều khiển xe trên đường mà trong máu hoặc hơi thở có nồng độ cồn vượt quá 50 miligam đến 80 miligam/100 mililít máu hoặc vượt quá 0,25 miligam đến 0,4 miligam/1 lít khí thở. Ngoài ra, còn bị trừ 10 điểm giấy phép lái xe.
Tại điểm a khoản 11 quy định phạt tiền từ 30.000.000 đồng đến 40.000.000 đồng đối với người điều khiển xe trên đường mà trong máu hoặc hơi thở có nồng độ cồn vượt quá 80 miligam/100 mililít máu hoặc vượt quá 0,4 miligam/1 lít khí thở. Ngoài ra, còn bị tước quyền sử dụng giấy phép lái xe từ 22 tháng đến 24 tháng.",https://bocongan.gov.vn/chinh-sach-phap-luat/chi-tiet-cau-hoi/9440997c-446b-4523-96cd-2ec659d24ea6,
6,Trường hợp thêm các ký tự làm biến dạng biển báo giao thông thì có vi phạm pháp luật hay không? Và quy định cụ thể trường hợp này tại văn bản quy phạm pháp luật nào?,"Tại điểm b khoản 2 Điều 17 Nghị định số 144/2021/NĐ-CP ngày 31/12/2021 của Chính phủ quy định xử phạt vi phạm hành chính trong lĩnh vực an ninh, trật tự, an toàn xã hội; phòng, chống tệ nạn xã hội; phòng cháy, chữa cháy; cứu nạn, cứu hộ; phòng, chống bạo lực gia đình, quy định phạt tiền từ 1.000.000đ đến 2.000.000đ đối với hành vi: ""Tháo dỡ, phá hủy hoặc làm bất cứ việc gì khác gây hư hại đến các loại biển báo, biển chỉ dẫn, biển hiệu của cơ quan, tổ chức""; biện pháp khắc phục hậu quả: Buộc khôi phục lại tình trạng ban đầu.",https://bocongan.gov.vn/chinh-sach-phap-luat/chi-tiet-cau-hoi/9269c2a7-8b67-4144-ae5f-39aae85f54b0,
7,"Tôi thường trú ở tỉnh Bà Rịa-Vũng Tàu nhưng ở Thừa Thiên Huế có xe gắn biển số của tôi và tham gia giao thông bị lỗi phạt nguội. Bộ Công an cho tôi hỏi, tôi phải khiếu nại ở đâu về trường hợp xe của tôi và cách chứng minh để tôi không bị lỗi phạt nguội là gì?","Trường hợp của bạn cần tra cứu trên trang web www.csgt.vn để biết phương tiện vi phạm ở đâu, liên hệ với cơ quan Công an đã gửi thông báo vi phạm cho bạn (thông báo ""phạt nguội""), để được hướng dẫn giải quyết. Trường hợp liên hệ gặp khó khăn, gửi đầy đủ thông tin (đăng ký xe, giấy chứng nhận kiểm định, giấy tờ của chủ xe, số điện thoại liên hệ) vào hộp thư điện tử phonghdttksgtdb.csgt@gmail.com của Phòng Hướng dẫn tuần tra kiểm soát giao thông đường bộ, đường sắt, Cục Cảnh sát giao thông để được hỗ trợ giải quyết.",https://bocongan.gov.vn/chinh-sach-phap-luat/chi-tiet-cau-hoi/fb5d3a04-cc61-4468-b78e-d6a948d23af9,
8,"Tôi có cho khách hàng thuê xe ô tô tự lái, sau khi khách trả xe, tôi có kiểm tra nhưng do hệ thống cập nhật muộn, mấy hôm sau mới phát hiện xe vi phạm giao thông do khách thuê xe gây ra. Ngay sau đó, tôi có gọi điện cho khách thuê xe, nhưng khách hàng không nhận lỗi do mình gây ra (tôi có hợp đồng thuê xe và hình chụp thẻ căn cước cùng bằng lái của khách). Tôi muốn hỏi nếu người thuê xe không chịu hợp tác đến cơ quan Công an để xử lý thì chủ xe có bị phạt không? Nếu chủ xe không bị phạt thì theo quy định đã có chế tài nào để xử lý hành vi trên chưa?","1. Về xác định người vi phạm:
Căn cứ quy định tại khoản 8 Điều 47 Nghị định số 168/2024/NĐ-CP ngày 26/12/2024 của Chính phủ quy định xử phạt vi phạm hành chính về trật tự, an toàn giao thông trong lĩnh vực giao thông đường bộ; trừ điểm, phục hồi điểm giấy phép lái xe (Nghị định 168); cụ thể:
""8. Đối với trường hợp hành vi vi phạm hành chính được phát hiện thông qua sử dụng phương tiện, thiết bị kỹ thuật nghiệp vụ mà cơ quan chức năng chưa dừng ngay được phương tiện để xử lý thì thực hiện như sau:
a) Cơ quan chức năng gửi thông báo yêu cầu chủ phương tiện và cá nhân, tổ chức có liên quan (nếu có) đến trụ sở cơ quan, đơn vị của người có thẩm quyền xử phạt vi phạm hành chính để giải quyết vụ việc vi phạm. Việc thông báo được thực hiện bằng văn bản hoặc thực hiện thông báo bằng phương thức điện tử thông qua Ứng dụng giao thông trên thiết bị di động dành cho công dân (sau đây viết gọn là Ứng dụng giao thông trên thiết bị di động) do Bộ Công an xây dựng, quản lý, vận hành khi đáp ứng điều kiện về cơ sở hạ tầng, kỹ thuật, thông tin; đồng thời cập nhật thông tin về phương tiện vi phạm trên Trang thông tin điện tử của Cục Cảnh sát giao thông;
b) Chủ phương tiện có nghĩa vụ phải hợp tác với cơ quan chức năng để xác định người đã điều khiển phương tiện thực hiện hành vi vi phạm.
Trường hợp chủ phương tiện là cá nhân, nếu không hợp tác với cơ quan chức năng, không chứng minh hoặc không giải trình được mình không phải là người đã điều khiển phương tiện thực hiện hành vi vi phạm thì bị xử phạt đối với hành vi vi phạm được phát hiện;
Trường hợp chủ phương tiện là tổ chức, nếu không hợp tác với cơ quan chức năng, không giải trình để xác định được người đã điều khiển phương tiện thực hiện hành vi vi phạm thì bị xử phạt vi phạm hành chính đối với tổ chức thực hiện hành vi vi phạm được phát hiện, trừ trường hợp phương tiện bị chiếm đoạt, sử dụng trái phép"".
2. Về chế tài xử lý hành vi vi phạm nêu trên
Căn cứ quy định tại khoản 11 Điều 47 Nghị định 168 quy định về xử lý trường hợp người vi phạm chưa thực hiện giải quyết vụ việc vi phạm theo quy định, cụ thể:
""11. Trường hợp quá thời hạn hẹn đến giải quyết vụ việc vi phạm được ghi trong biên bản vi phạm hành chính hoặc trong thông báo của người có thẩm quyền xử phạt hoặc quá thời hạn thi hành quyết định xử phạt mà chủ phương tiện vi phạm, người vi phạm chưa thực hiện giải quyết vụ việc vi phạm theo quy định hoặc chưa chấp hành quyết định xử phạt thì người có thẩm quyền xử phạt gửi thông báo cho cơ quan đăng kiểm (đối với phương tiện có quy định phải kiểm định), cơ quan đăng ký xe, cơ quan cấp giấy phép lái xe (nếu đã xác định được người vi phạm). Việc gửi thông báo được thực hiện bằng văn bản hoặc thực hiện thông báo bằng phương thức điện tử thông qua kết nối, chia sẻ dữ liệu khi đáp ứng điều kiện về cơ sở hạ tầng, kỹ thuật, thông tin.
a) Cơ quan đăng kiểm, Cơ quan đăng ký xe, Cơ quan cấp giấy phép lái xe trước khi thực hiện đăng kiểm, đăng ký xe, cấp, đổi, cấp lại giấy phép lái xe có trách nhiệm tra cứu dữ liệu phương tiện vi phạm, người vi phạm được Cơ quan Cảnh sát giao thông gửi thông báo đến;
b) Trường hợp khi tra cứu dữ liệu theo quy định tại điểm a khoản này nếu có thông tin về phương tiện vi phạm, người vi phạm thì chưa giải quyết việc đăng kiểm, đăng ký phương tiện vi phạm, chưa cấp, đổi, cấp lại giấy phép lái xe đối với người vi phạm;
c) Sau khi chủ phương tiện, người vi phạm đã giải quyết vụ việc vi phạm theo quy định, người có thẩm quyền xử phạt phải gửi thông báo ngay cho Cơ quan đăng kiếm, Cơ quan đăng ký xe, Cơ quan cấp giấy phép lái xe bằng văn bản hoặc theo hình thức kết nối, chia sẻ dữ liệu khi đáp ứng điều kiện về cơ sở hạ tầng, kỹ thuật, thông tin để thực hiện việc đăng kiểm, đăng ký xe, cấp, đổi, cấp lại giấy phép lái xe theo quy định"".",https://bocongan.gov.vn/chinh-sach-phap-luat/chi-tiet-cau-hoi/7511a592-d684-4380-978a-26ebfc4adff4,
9,"Trường hợp lái xe không chấp hành tín hiệu đèn giao thông để nhường đường cho xe ưu tiên, xe cấp cứu có bị xử phạt theo Nghị định 168 không?","Tại Điều 11 Luật Xử lý vi phạm hành chính cũng quy định rõ rằng, không xử phạt hành vi vi phạm trong tình thế cấp thiết;
Khoản 5 Điều 27 Luật Trật tự, an toàn giao thông đường bộ số 36/2024 yêu cầu khi có tín hiệu của xe ưu tiên, người và phương tiện tham gia giao thông đường bộ phải giảm tốc độ, đi sát lề đường bên phải hoặc dừng lại để nhường đường, trạm thu phí phải ưu tiên cho xe ưu tiên qua trạm trong mọi tình huống, không được gây cản trở.
Do đó, người dân yên tâm, việc không chấp hành tín hiệu đèn giao thông để nhường đường cho xe cấp cứu, xe ưu tiên trong trường hợp ""tình thế cấp thiết"" sẽ không bị xử phạt vi
phạm hành chính. Trong các trường hợp này, khi lập biên bản xử phạt, lực lượng phụ trách đèn tín hiệu sẽ phối hợp với Cảnh sát giao thông tại chốt, trích xuất camera, hình ảnh vi phạm của người điều khiển xe, cho xem trực tiếp diễn biến hành vi vi phạm và tín hiệu đèn thời điểm đó.
Đối với việc phạt nguội, Cảnh sát giao thông sẽ cho người vi phạm xem lại clip diễn biến toàn trình của vi phạm vượt đèn đỏ trước khi lập biên bản, đảm bảo người dân ""tâm phục, khẩu phục"", tránh oan sai.",https://bocongan.gov.vn/chinh-sach-phap-luat/chi-tiet-cau-hoi/8d97fff5-8c2a-4393-8870-feab8166fca3,
10,"Khi tham gia giao thông, tôi thấy có hiện tượng đèn tín giao thông “đang xanh bỗng dưng chuyển sang đỏ” khiến người tham gia giao thông có thể bị phạt oan. Tôi muốn hỏi trường hợp người dân lái xe qua đoạn đường có đèn tín hiệu ""đang xanh bỗng dưng chuyển sang đỏ” thì có bị xử phạt không? Ngoài ra, trường hợp người dân không chấp hành đèn tín hiệu giao thông để nhường đường cho xe ưu tiên, xe cấp cứu thì có bị xử phạt không?","1. Nguyên nhân của tình trạng trên là do một số đèn tín hiệu giao thông thế hệ cũ, phải điều khiển thủ công nên có độ trễ khi điều chỉnh chu kỳ đèn trong ngày. Theo đó, một cột đèn tín hiệu giao thông sẽ chuyển chu kỳ từ khung giờ cao điểm sang thấp điểm hoặc ngược lại. Để khắc phục tình trạng này, Cục Cảnh sát giao thông (CSGT) - Bộ Công an đã có văn bản chỉ đạo công an các địa phương, phối hợp với các cơ quan chức năng rà soát sửa chữa đèn tín hiệu, kiến nghị đơn vị vận hành, quản lý đèn tín hiệu giao thông sớm nâng cấp các đèn đã cũ. Những nút giao có hiện tượng ""nhảy đèn"", CSGT sẽ không xử phạt, ngoài ra, hiện tượng đèn có độ trễ đó cũng không nhiều. ""Người dân yên tâm sẽ không bị CSGT phạt oan, phạt sai trong các trường hợp này. Khi lập biên bản xử phạt, lực lượng phụ trách đèn tín hiệu sẽ phối hợp với CSGT tại chốt, trích xuất camera, hình ảnh vi phạm của người điều khiển xe, cho xem trực tiếp diễn biến hành vi vi phạm và tín hiệu đèn thời điểm đó"". Đối với việc phạt nguội, CSGT sẽ cho người vi phạm xem lại clip diễn biến toàn trình của vi phạm vượt đèn đỏ trước khi lập biên bản, đảm bảo người dân ""tâm phục, khẩu phục"", tránh oan sai.
2. Đối với trường hợp lái xe không chấp hành tín hiệu đèn để nhường đường cho xe ưu tiên, xe cấp cứu… sẽ không bị xử phạt do Luật Xử lý vi phạm hành chính quy định không xử phạt vi phạm hành chính đối với trường hợp thực hiện hành vi vi phạm hành chính trong tình thế cấp thiết.",https://bocongan.gov.vn/chinh-sach-phap-luat/chi-tiet-cau-hoi/3bdfcd82-6f23-4665-aac1-f930ad1477de,
11,"Thời gian vừa qua, tại một số nơi đã xuất hiện tình trạng người dân xịt sơn, bôi chất bẩn lên biển báo giao thông nhằm đối phó với lực lượng chức năng trong quá trình xử lý vi phạm đối với các phương tiện bị cấm lưu thông vào các tuyến đường. Cho tôi hỏi, hành vi bôi chất bẩn hay xịt sơn để tẩy xóa biển báo giao thông để đối phó với lực lượng chức năng sẽ bị xử lý như thế nào?","Điểm b khoản 2 Điều 17 Nghị định số 144/2021/NĐ-CP ngày 31/12/2021 của Chính phủ quy định xử phạt vi phạm hành chính trong lĩnh vực an ninh, trật tự, an toàn xã hội; phòng, chống tệ nạn xã hội; phòng cháy, chữa cháy, cứu nạn, cứu hộ; phòng, chống bạo lực gia đình quy định: Phạt tiền từ 1.000.000 đồng đến 2.000.000 đồng đối với hành vi “Tháo dỡ, phá hủy hoặc làm bất cứ việc gì khác hư hại đến các loại biển báo, biển chỉ dẫn, biển hiệu của cơ quan, tổ chức”. Ngoài ra, người thực hiện hành vi vi phạm còn bị áp dụng hình thức xử phạt bổ sung tịch thu tang vật, phương tiện vi phạm hành chính và biện pháp khắc phục hậu quả buộc khôi phục lại tình trạng ban đầu.",https://bocongan.gov.vn/chinh-sach-phap-luat/chi-tiet-cau-hoi/9129c4cf-54d3-4cec-9d48-b910c6a63ae3,
12,"Vừa qua, theo dõi báo chí, tôi thấy có trường hợp ở Hải Dương đã bị khởi tố khi cho bạn mượn xe máy sau khi người bạn kia uống bia, dẫn đến người này điều khiển xe tự gây tai nạn và tử vong. Cho tôi hỏi, trường hợp giao ô tô, xe máy cho người uống bia, rượu điều khiển sẽ bị xử lý như thế nào?","Hành vi giao ô tô, xe máy cho người đã uống rượu, bia điều khiển là hành vi vi phạm pháp luật nghiêm trọng, bị phạt tiền rất nặng đối với chủ xe; trường hợp để xảy ra tai nạn giao thông gây hậu quả nghiêm trọng thì chủ xe sẽ bị truy cứu trách nhiệm hình sự.

Căn cứ pháp lý:
- Khoản 2 Điều 9, khoản 1 Điều 56 Luật Trật tự, an toàn giao thông đường bộ số 36/2024/QH15.
- Khoản 10, điểm i khoản 14 Điều 32 Nghị định số 168/2024/NĐ-CP (được sửa đổi, bổ sung bởi Nghị định số 238/2026/NĐ-CP).
- Điều 264 Bộ luật Hình sự năm 2015 (sửa đổi, bổ sung năm 2017).

Mức xử phạt và chế tài cụ thể:
1. Xử phạt vi phạm hành chính đối với chủ phương tiện:
- Đối với chủ xe mô tô, xe gắn máy: Phạt tiền từ 8.000.000 đồng đến 10.000.000 đồng đối với cá nhân; từ 16.000.000 đồng đến 20.000.000 đồng đối với tổ chức thực hiện hành vi giao xe hoặc để cho người không đủ điều kiện (người đang có nồng độ cồn trong máu hoặc hơi thở) điều khiển xe tham gia giao thông theo khoản 10 Điều 32 Nghị định số 168/2024/NĐ-CP.
- Đối với chủ xe ô tô: Phạt tiền từ 28.000.000 đồng đến 30.000.000 đồng đối với cá nhân; từ 56.000.000 đồng đến 60.000.000 đồng đối với tổ chức thực hiện hành vi giao xe hoặc để cho người không đủ điều kiện điều khiển xe tham gia giao thông theo điểm i khoản 14 Điều 32 Nghị định số 168/2024/NĐ-CP.
2. Truy cứu trách nhiệm hình sự:
Căn cứ Điều 264 Bộ luật Hình sự (Tội giao cho người không đủ điều kiện điều khiển phương tiện tham gia giao thông đường bộ), chủ xe biết rõ người được giao xe đang trong tình trạng có sử dụng rượu, bia mà trong máu hoặc hơi thở có nồng độ cồn vượt quá mức quy định điều khiển xe gây thiệt hại cho người khác sẽ bị xử lý như sau: 
- Khung 1 (khoản 1 Điều 264): Làm chết 01 người; gây thương tích cho 01 người tổn thương cơ thể 61% trở lên; gây thương tích cho từ 02 người tổng tỷ lệ từ 61% đến 121%; thiệt hại tài sản từ 100.000.000 đồng đến dưới 500.000.000 đồng: phạt tiền từ 10.000.000 đồng đến 50.000.000 đồng hoặc phạt cải tạo không giam giữ đến 03 năm. 
- Khung 2 (khoản 2 Điều 264): Làm chết 02 người; gây thương tích cho từ 02 người tổng tỷ lệ từ 122% đến 200%; thiệt hại tài sản từ 500.000.000 đồng đến dưới 1.500.000.000 đồng: phạt tiền từ 50.000.000 đồng đến 200.000.000 đồng hoặc phạt tù từ 06 tháng đến 03 năm. 
- Khung 3 (khoản 3 Điều 264): Làm chết 03 người trở lên; gây thương tích cho từ 03 người tổng tỷ lệ 201% trở lên; thiệt hại tài sản từ 1.500.000.000 đồng trở lên: phạt tù từ 02 năm đến 07 năm. 
- Hình phạt bổ sung (khoản 4 Điều 264): Người phạm tội còn có thể bị phạt tiền từ 10.000.000 đồng đến 30.000.000 đồng.",https://bocongan.gov.vn/chinh-sach-phap-luat/chi-tiet-cau-hoi/9e7c93ef-cfd5-4f84-9366-a217c9d23805,
13,"Năm 2020, tôi có chuyển nhượng 01 xe ôtô cho người khác và thỏa thuận người mua tiến hành các thủ tục sang tên đổi chủ đối với chiếc xe ôtô nêu trên. Tuy nhiên đến nay, người mua xe chưa thực hiện các thủ tục sang tên đổi chủ. Cho tôi hỏi:
- Trường hợp đến nay chưa làm thủ tục sang tên đổi chủ đối với chiếc xe tôi đã bán thì biển số xe gắn theo chiếc xe này có được coi là biển số định danh của tôi không?
- Theo thỏa thuận chuyển nhượng, người mua xe chưa làm thủ tục sang tên đổi chủ có vi phạm pháp luật không? Nếu vi phạm thì sẽ bị xử lý như thế nào? Tôi phải làm thế nào để chuyển tên chính chủ sang cho người mua xe?","Trường hợp đã bán xe nhưng chưa làm thủ tục thu hồi, sang tên thì biển số xe vẫn gắn với định danh của chủ cũ (người đứng tên trên đăng ký); cả người bán và người mua đều có hành vi vi phạm pháp luật nếu không thực hiện thủ tục theo thời hạn 30 ngày luật định và đều bị xử phạt tiền.
Căn cứ pháp lý:
- Khoản 3 Điều 36, Khoản 6 Điều 39, Điểm c khoản 2 Điều 43 Luật Trật tự, an toàn giao thông đường bộ số 36/2024/QH15.
- Điểm a khoản 3, điểm b và điểm h khoản 7, điểm d khoản 8 Điều 32 Nghị định số 168/2024/NĐ-CP (được sửa đổi, bổ sung bởi Nghị định số 238/2026/NĐ-CP).
- Khoản 3 Điều 3, Khoản 4 và Khoản 5 Điều 6, Điều 15, Điều 16, Điều 17 Thông tư số 79/2024/TT-BCA của Bộ Công an.
Nội dung giải đáp chi tiết và mức xử phạt:
1. Về nguyên tắc quản lý biển số định danh và trách nhiệm của chủ cũ:
- Căn cứ Khoản 3 Điều 36 Luật số 36/2024/QH15 và Khoản 3 Điều 3 Thông tư số 79/2024/TT-BCA, biển số xe được quản lý theo mã định danh của chủ xe. Khi chuyển quyền sở hữu xe, chủ xe phải giữ lại chứng nhận đăng ký xe, biển số xe và nộp cho cơ quan đăng ký xe để làm thủ tục thu hồi. Cơ quan đăng ký xe giữ lại số biển số định danh đó cho chủ xe trong thời hạn 05 năm để cấp lại khi chủ xe đăng ký cho xe khác thuộc quyền sở hữu của mình. Biển số xe không tự động chuyển sang cho người mua.
- Căn cứ điểm c khoản 2 Điều 43 Luật số 36/2024/QH15, tổ chức, cá nhân đứng tên trong giấy chứng nhận đăng ký xe tiếp tục phải chịu trách nhiệm pháp lý của chủ xe khi chưa thực hiện thu hồi chứng nhận đăng ký xe, biển số xe theo quy định.
2. Mức xử phạt vi phạm hành chính khi không làm thủ tục đúng thời hạn 30 ngày:
- Đối với người bán (chủ cũ): Trong thời hạn 30 ngày kể từ ngày lập giấy tờ chuyển quyền sở hữu xe mà không làm thủ tục thu hồi thì bị phạt tiền từ 4.000.000 đồng đến 6.000.000 đồng đối với cá nhân, từ 8.000.000 đồng đến 12.000.000 đồng đối với tổ chức về hành vi không làm thủ tục thu hồi chứng nhận đăng ký xe, biển số xe (điểm b khoản 7 Điều 32 đối với ô tô; điểm d khoản 8 Điều 32 Nghị định số 168/2024/NĐ-CP đối với mô tô). 
- Đối với người mua (chủ mới): Không làm thủ tục cấp chứng nhận đăng ký xe, biển số xe khi mua lại xe (đăng ký sang tên) thì bị phạt tiền như sau:
+ Đối với xe ô tô: Phạt tiền từ 4.000.000 đồng đến 6.000.000 đồng đối với cá nhân, từ 8.000.000 đồng đến 12.000.000 đồng đối với tổ chức (điểm h khoản 7 Điều 32 Nghị định số 168/2024/NĐ-CP). 
+ Đối với xe mô tô, xe gắn máy: Phạt tiền từ 800.000 đồng đến 1.000.000 đồng đối với cá nhân, từ 1.600.000 đồng đến 2.000.000 đồng đối với tổ chức (điểm a khoản 3 Điều 32 Nghị định số 168/2024/NĐ-CP).
3. Cách giải quyết để chuyển chính chủ:
- Bước 1 (Thu hồi): Người bán chủ động kê khai giấy khai thu hồi trên Cổng dịch vụ công hoặc trực tiếp tại cơ quan đăng ký xe nơi đã đăng ký trước đây, nộp lại chứng nhận đăng ký xe và biển số xe để cơ quan Công an cấp 02 bản Chứng nhận thu hồi chứng nhận đăng ký xe, biển số xe. 
- Bước 2 (Đăng ký sang tên): Người bán giao 01 bản Chứng nhận thu hồi cùng chứng từ chuyển quyền sở hữu cho người mua. Người mua đưa xe đến kiểm tra, nộp chứng từ lề phí trước bạ và hồ sơ sang tên tại cơ quan đăng ký xe nơi người mua cư trú/đặt trụ sở để được cấp chứng nhận đăng ký xe và biển số định danh mới theo quy định tại Thông tư số 79/2024/TT-BCA.",https://bocongan.gov.vn/chinh-sach-phap-luat/chi-tiet-cau-hoi/e9b29883-87cf-45f5-ad57-74f8b4d14bd0,
14,"Thời gian qua, khi lực lượng Cảnh sát giao thông tăng cường xử lý vi phạm nồng độ cồn, tạm giữ rất nhiều phương tiện của người vi phạm. Sau đó, không ít trong số những người vi phạm nồng độ cồn đã bỏ lại xe, vì giá trị của chiếc xe không bằng mức phạt phải nộp. Từ thực tế trên, tôi xin hỏi, việc bỏ lại xe khi bị Cảnh sát giao thông tạm giữ sẽ ảnh hưởng như thế nào trong quá trình giải quyết thủ tục hành chính sau này? Người vi phạm giao thông không nộp phạt, bỏ lại xe của mình sẽ bị xử lý như thế nào?","Hành vi bỏ lại xe sau khi bị tạm giữ do vi phạm nồng độ cồn không giúp người vi phạm trốn tránh trách nhiệm nộp phạt; người vi phạm vẫn bị tính tiền chậm nộp 0,05%/ngày, bị áp dụng các biện pháp cưỡng chế thi hành, bị chặn các thủ tục hành chính về đăng ký, đăng kiểm xe, cấp đổi GPLX và chiếc xe bỏ lại sẽ bị tịch thu sung công quỹ nhà nước.
Căn cứ pháp lý:
- Khoản 4 Điều 62, Điểm d khoản 2 Điều 43 Luật Trật tự, an toàn giao thông đường bộ số 36/2024/QH15. 
- Điều 73, Điều 78, Điều 86, Điều 125, Điều 126 Luật Xử lý vi phạm hành chính số 15/2012/QH13 (sửa đổi, bổ sung năm 2020). 
- Khoản 11 Điều 47 Nghị định số 168/2024/NĐ-CP (được sửa đổi, bổ sung bởi Nghị định số 238/2026/NĐ-CP). 
- Khoản 10 Điều 3 Thông tư số 79/2024/TT-BCA của Bộ Công an. - Khoản 3 Điều 12, Khoản 2 Điều 20, Điểm đ khoản 1 Điều 21, Điểm c khoản 1 Điều 22 Thông tư số 108/2026/TT-BCA của Bộ Công an.

Hậu quả pháp lý và chế tài xử lý:
1. Về nghĩa vụ nộp phạt:
Căn cứ Điều 73 Luật Xử lý vi phạm hành chính, cá nhân bị xử phạt có nghĩa vụ chấp hành quyết định xử phạt trong thời hạn quy định. Việc cố tình bỏ xe không làm mất đi hiệu lực của quyết định xử phạt. Quá thời hạn thi hành, người vi phạm sẽ bị tính tiền chậm nộp phạt mỗi ngày 0,05% trên tổng số tiền phạt chưa nộp theo Điều 78 Luật XLVPHC; đồng thời bị áp dụng các biện pháp cưỡng chế thi hành như: khấu trừ một phần lương hoặc thu nhập, khấu trừ tiền từ tài khoản ngân hàng, kê biên tài sản hoặc các biện pháp cưỡng chế khác theo Điều 86 Luật XLVPHC.
2. Ảnh hưởng đến thủ tục hành chính sau này:
- Bị chặn đăng ký, đăng kiểm xe: Căn cứ điểm d khoản 2 Điều 43 Luật số 36/2024/QH15 và khoản 10 Điều 3 Thông tư số 79/2024/TT-BCA, cá nhân vi phạm TTATGT mà chưa chấp hành xong quyết định xử phạt vi phạm hành chính thì chưa được giải quyết việc đăng ký, đăng kiểm phương tiện vi phạm và phương tiện mới.
- Bị chặn cấp, đổi, cấp lại và sát hạch GPLX: Căn cứ khoản 4 Điều 62 Luật số 36/2024/QH15, khoản 11 Điều 47 Nghị định số 168/2024/NĐ-CP và Thông tư số 108/2026/TT-BCA, thông tin chưa nộp phạt được cập nhật đồng bộ trên hệ thống dữ liệu quốc gia, người vi phạm sẽ bị từ chối phục vụ tất cả các thủ tục sát hạch, cấp mới, đổi, cấp lại Giấy phép lái xe cho đến khi hoàn thành xong nghĩa vụ nộp phạt.
3. Xử lý đối với phương tiện bị bỏ lại:
Căn cứ điểm a khoản 4 Điều 126 Luật Xử lý vi phạm hành chính, đối với phương tiện tạm giữ đã xác định được người vi phạm/chủ sở hữu, khi hết thời hạn tạm giữ mà người vi phạm không đến giải quyết, cơ quan Công an sẽ gửi thông báo trực tiếp 02 lần cho người vi phạm/chủ xe. Hết thời hạn 01 tháng kể từ ngày thông báo lần thứ hai, nếu người vi phạm không đến nhận thì trong thời hạn 05 ngày làm việc, người có thẩm quyền sẽ ra quyết định tịch thu phương tiện để bán đấu giá nộp ngân sách nhà nước hoặc xử lý theo quy định của pháp luật.",https://bocongan.gov.vn/chinh-sach-phap-luat/chi-tiet-cau-hoi/78afbb40-0d6e-4d8e-80d5-c0d690c3ca68,
15,"Cho tôi hỏi, người điều khiển xe gắn máy uống rượu bia khi thấy Cảnh sát giao thông hoặc chốt kiểm tra nồng độ cồn thì xuống dắt xe đi bộ nhằm tránh việc kiểm tra của lực lượng Cảnh sát giao thông thì có thể coi là hành vi đối phó với lực lượng chức năng hay không? Và việc uống rượu bia dắt xe máy qua chốt kiểm tra nồng độ cồn có bị xử phạt không?","Hành vi uống rượu bia khi thấy chốt CSGT thì nhảy xuống dắt bộ qua chốt nhằm trốn tránh kiểm tra vẫn có thể bị xử lý nếu lực lượng chức năng có đủ chứng cứ (hình ảnh, camera) ghi nhận người đó vừa điều khiển xe trước đó; trường hợp không chấp hành yêu cầu kiểm tra nồng độ cồn sẽ bị xử phạt ở mức cao nhất từ 8.000.000 đồng đến 10.000.000 đồng và bị tước quyền sử dụng giấy phép lái xe từ 22 tháng đến 24 tháng.

Căn cứ pháp lý:
- Khoản 2 Điều 9, Điểm b khoản 2 Điều 72, Điểm a khoản 1 Điều 73 Luật Trật tự, an toàn giao thông đường bộ số 36/2024/QH15. 
- Điểm b khoản 9 Điều 7, Điểm c khoản 12 Điều 7 Nghị định số 168/2024/NĐ-CP (được sửa đổi, bổ sung bởi Nghị định số 238/2026/NĐ-CP). 
- Điều 330 Bộ luật Hình sự số 100/2015/QH13 (sửa đổi, bổ sung năm 2017).

Nội dung giải đáp chi tiết và mức xử phạt:
1. Trường hợp chứng minh được hành vi điều khiển phương tiện:
Nếu lực lượng Cảnh sát giao thông có hình ảnh, video ghi nhận hoặc có căn cứ xác định người đó đã điều khiển phương tiện giao thông trên đường rồi mới dừng xe dắt bộ để đối phó khi thấy chốt kiểm tra, Cảnh sát giao thông hoàn toàn có quyền yêu cầu người này đo nồng độ cồn và xử phạt về lỗi điều khiển xe trên đường mà trong máu hoặc hơi thở có nồng độ cồn theo quy định tại Điều 7 Nghị định số 168/2024/NĐ-CP.
2. Chế tài khi không chấp hành yêu cầu kiểm tra nồng độ cồn:
Trường hợp người điều khiển phương tiện cố tình từ chối, không chấp hành yêu cầu kiểm tra nồng độ cồn của người thi hành công vụ sẽ bị xử lý ở khung kịch khung (Mức 3):
- Phạt tiền: Phạt tiền từ 8.000.000 đồng đến 10.000.000 đồng đối với người điều khiển xe mô tô, xe gắn máy theo điểm b khoản 9 Điều 7 Nghị định số 168/2024/NĐ-CP.
- Hình thức xử phạt bổ sung: Bị tước quyền sử dụng Giấy phép lái xe từ 22 tháng đến 24 tháng theo điểm c khoản 12 Điều 7 Nghị định số 168/2024/NĐ-CP.
3. Trách nhiệm hình sự nếu có hành vi chống đối:
Trường hợp người vi phạm có hành vi lăng mạ, đe dọa, dùng vũ lực hoặc cản trở người thi hành công vụ thực hiện nhiệm vụ thì có thể bị tạm giữ và truy cứu trách nhiệm hình sự về Tội chống người thi hành công vụ theo Điều 330 Bộ luật Hình sự với khung hình phạt cải tạo không giam giữ đến 03 năm hoặc phạt tù từ 06 tháng đến 07 năm.",https://bocongan.gov.vn/chinh-sach-phap-luat/chi-tiet-cau-hoi/175d9f7a-3541-401d-9bd6-8c4f4642a44e,
16,"Tôi đang lái xe ô tô trên đường, không sử dụng rượu bia, đi đúng làn đường, không vi phạm gì nhưng rất nhiều lần bị Cảnh sát giao thông yêu cầu dừng xe để thổi nồng độ cồn, làm mất thời gian của tôi. Về vấn đề này, Cho tôi hỏi một số nội dung sau:
 - Cảnh sát giao thông được quyền yêu cầu dừng phương tiện để kiểm tra trong trường hợp nào?
- Trường hợp người lái xe không vi phạm gì thì Cảnh sát giao thông có được dừng xe để kiểm tra nồng độ cồn không? Nếu được thì theo quy định tại văn bản nào? 
- Trường hợp người lái xe thấy mình không vi phạm gì nên không chấp hành hiệu lệnh của Cảnh sát giao thông thì có bị xử phạt không?     ","Cảnh sát giao thông hoàn toàn có quyền dừng phương tiện để kiểm soát nồng độ cồn ngay cả khi người lái xe không có dấu hiệu vi phạm trước đó nếu đang thực hiện theo kế hoạch tuần tra, kiểm soát hoặc chuyên đề đã được cấp có thẩm quyền phê duyệt; người lái xe không chấp hành hiệu lệnh dừng xe hoặc từ chối kiểm tra nồng độ cồn sẽ bị xử phạt tiền rất nặng, bị trừ điểm hoặc tước quyền sử dụng giấy phép lái xe.

Căn cứ pháp lý:
- Khoản 5 Điều 65, Điều 66 Luật Trật tự, an toàn giao thông đường bộ số 36/2024/QH15. 
- Khoản 1 Điều 12 Thông tư số 73/2024/TT-BCA của Bộ Công an quy định về tuần tra, kiểm soát của CSGT. 
- Điểm c khoản 9, điểm b khoản 11, điểm c khoản 15, điểm b khoản 16 Điều 6 Nghị định số 168/2024/NĐ-CP (được sửa đổi, bổ sung bởi Nghị định số 238/2026/NĐ-CP). 
- Điều 330 Bộ luật Hình sự số 100/2015/QH13 (sửa đổi, bổ sung năm 2017).

Nội dung giải đáp chi tiết:
1. 04 trường hợp CSGT được dừng phương tiện kiểm tra (Điều 66 Luật TTATGTĐB 2024):
- Phát hiện hành vi vi phạm pháp luật hoặc có căn cứ xác định có hành vi vi phạm pháp luật về trật tự, an toàn giao thông đường bộ hoặc vi phạm pháp luật khác; 
- Thực hiện theo mệnh lệnh, kế hoạch tuần tra, kiểm soát của cấp có thẩm quyền để phát hiện hành vi vi phạm pháp luật về trật tự, an toàn giao thông đường bộ mà buộc phải dừng phương tiện để kiểm tra, kiểm soát mới phát hiện được (như kế hoạch chuyên đề kiểm tra nồng độ cồn, chất ma túy); 
- Phục vụ bảo vệ an ninh quốc gia, bảo đảm trật tự, an toàn xã hội và đấu tranh phòng, chống tội phạm, phòng chống thiên tai, phòng cháy chữa cháy, cứu nạn cứu hộ, phòng chống dịch bệnh; 
- Có tin báo, tố giác, phản ánh, kiến nghị, đề nghị của cơ quan, tổ chức, cá nhân về tội phạm, hành vi vi phạm pháp luật khác. 
Do đó, dù người lái xe không có dấu hiệu vi phạm ban đầu, Cảnh sát giao thông vẫn hoàn toàn có quyền dừng xe kiểm tra nồng độ cồn theo kế hoạch chuyên đề đã phê duyệt (khoản 1 Điều 12 Thông tư số 73/2024/TT-BCA).
2. Chế tài xử phạt nếu không chấp hành hiệu lệnh của CSGT (đối với ô tô):
- Không chấp hành hiệu lệnh dừng xe / hiệu lệnh kiểm soát của người thi hành công vụ: Phạt tiền từ 18.000.000 đồng đến 20.000.000 đồng, đồng thời bị trừ 04 điểm giấy phép lái xe (điểm c khoản 9, điểm b khoản 16 Điều 6 Nghị định số 168/2024/NĐ-CP). 
- Không chấp hành yêu cầu kiểm tra về nồng độ cồn của người thi hành công vụ: Phạt tiền từ 30.000.000 đồng đến 40.000.000 đồng, đồng thời bị tước quyền sử dụng Giấy phép lái xe từ 22 tháng đến 24 tháng (điểm b khoản 11, điểm c khoản 15 Điều 6 Nghị định số 168/2024/NĐ-CP). 
- Trường hợp người vi phạm có hành vi dùng vũ lực, lăng mạ hoặc cản trở thi hành công vụ sẽ bị truy cứu trách nhiệm hình sự về Tội chống người thi hành công vụ theo Điều 330 Bộ luật Hình sự.",https://bocongan.gov.vn/chinh-sach-phap-luat/chi-tiet-cau-hoi/a17189ed-3d32-4305-abe4-a2c470e1b2b1,
17,"Vừa qua, tại đường vành đai 3 trên cao, xuất hiện một nữ tài xế điều khiển xe ô tô đi ngược chiều gây nguy hiểm cho các phương tiện khác và khiến dư luận rất bức xúc. Cho tôi hỏi, hành vi đi ngược chiều trên đường cao tốc sẽ bị xử lý như thế nào? Vi phạm ở mức độ nào sẽ bị truy tố và mức hình phạt cho hành vi này khi bị truy tố như thế nào?","Hành vi điều khiển xe ô tô đi ngược chiều trên đường cao tốc là hành vi vi phạm đặc biệt nguy hiểm, bị phạt tiền từ 30.000.000 đồng đến 40.000.000 đồng và bị trừ 10 điểm giấy phép lái xe; trường hợp gây tai nạn giao thông hoặc có nguy cơ thực tế gây hậu quả đặc biệt nghiêm trọng sẽ bị truy cứu trách nhiệm hình sự với mức phạt tù cao nhất lên đến 15 năm.

Căn cứ pháp lý:
- Khoản 1 Điều 10, Khoản 4 Điều 15, Khoản 2 Điều 16 Luật Trật tự, an toàn giao thông đường bộ số 36/2024/QH15. 
- Điểm đ khoản 11, điểm d khoản 16 Điều 6 Nghị định số 168/2024/NĐ-CP (được sửa đổi, bổ sung bởi Nghị định số 238/2026/NĐ-CP). 
- Điều 260 Bộ luật Hình sự số 100/2015/QH13 (sửa đổi, bổ sung năm 2017).

Mức xử phạt và chế tài cụ thể:
1. Xử phạt vi phạm hành chính (chưa gây hậu quả hình sự):
- Phạt tiền: Căn cứ điểm đ khoản 11 Điều 6 Nghị định số 168/2024/NĐ-CP, phạt tiền từ 30.000.000 đồng đến 40.000.000 đồng đối với người điều khiển xe ô tô thực hiện hành vi: ""Điều khiển xe đi ngược chiều trên đường cao tốc, lùi xe trên đường cao tốc, quay đầu xe trên đường cao tốc, trừ các xe ưu tiên đang đi làm nhiệm vụ khẩn cấp theo quy định"". 
- Trừ điểm giấy phép lái xe: Bị trừ 10 điểm giấy phép lái xe theo điểm d khoản 16 Điều 6 Nghị định số 168/2024/NĐ-CP.
2. Truy cứu trách nhiệm hình sự khi gây tai nạn giao thông (Điều 260 Bộ luật Hình sự):
Nếu hành vi đi ngược chiều trên cao tốc gây tai nạn giao thông thuộc một trong các trường hợp sau thì bị khởi tố, truy tố theo Điều 260 BLHS (Tội vi phạm quy định về tham gia giao thông đường bộ):
- Làm chết 01 người hoặc gây thương tích cho 01 người với tỷ lệ tổn thương cơ thể 61% trở lên; gây thương tích cho 02 người trở lên mà tổng tỷ lệ tổn thương cơ thể từ 61% đến 121%; hoặc gây thiệt hại về tài sản từ 100.000.000 đồng đến dưới 500.000.000 đồng: Phạt tiền từ 30.000.000 đồng đến 100.000.000 đồng, phạt cải tạo không giam giữ đến 03 năm hoặc phạt tù từ 01 năm đến 05 năm (khoản 1). 
- Làm chết 02 người, thương tật cho từ 02 người tổng tỷ lệ từ 122% đến 200%, hoặc thiệt hại tài sản từ 500.000.000 đồng đến dưới 1.500.000.000 đồng: Phạt tù từ 03 năm đến 10 năm (khoản 2). 
- Làm chết 03 người trở lên, thương tật từ 03 người tổng tỷ lệ 201% trở lên, hoặc thiệt hại tài sản từ 1.500.000.000 đồng trở lên: Phạt tù từ 07 năm đến 15 năm (khoản 3). 
- Trường hợp có khả năng thực tế dẫn đến hậu quả quy định tại khoản 3 nếu không được ngăn chặn kịp thời: Phạt tiền từ 10.000.000 đồng đến 50.000.000 đồng, phạt cải tạo không giam giữ đến 01 năm hoặc phạt tù từ 03 tháng đến 01 năm (khoản 4).",https://bocongan.gov.vn/chinh-sach-phap-luat/chi-tiet-cau-hoi/f71f7bb7-e80c-40d7-96a8-fa09b4f149d0,
18,"Vừa qua, tại Đắk Lắk đã xảy vụ tại nạn giao thông nghiêm trọng do thanh niên lái xe phân khối lớn khi mới 16 tuổi, chưa đáp ứng quy định về tuổi điều khiển xe, khiến dư luận rất xót xa, đồng thời cũng rất bức xúc, đòi truy trách nhiệm người chủ xe, giao xe. Bộ Công an cho tôi hỏi, trường hợp giao xe máy, ô tô cho người không đủ quy định về tuổi, sức khỏe, không có giấy phép lái xe hoặc đã sử dụng rượu, bia, ma túy sẽ bị xử lý như thế nào?","Hành vi giao xe máy, ô tô cho người không đủ điều kiện về tuổi, sức khỏe, không có Giấy phép lái xe hoặc đã sử dụng rượu, bia, ma túy là hành vi bị pháp luật nghiêm cấm, bị xử phạt tiền rất nặng đối với chủ xe và bị truy cứu trách nhiệm hình sự nếu người được giao xe gây tai nạn giao thông gây hậu quả nghiêm trọng.

Căn cứ pháp lý:
- Khoản 2 và Khoản 7 Điều 9, Khoản 1 và Khoản 2 Điều 56, Điều 59 Luật Trật tự, an toàn giao thông đường bộ số 36/2024/QH15.
- Khoản 10, điểm i khoản 14 Điều 32 Nghị định số 168/2024/NĐ-CP (được sửa đổi, bổ sung bởi Nghị định số 238/2026/NĐ-CP).
- Điều 264 Bộ luật Hình sự năm 2015 (sửa đổi, bổ sung năm 2017).

Mức xử phạt và chế tài cụ thể:
1. Xử phạt vi phạm hành chính đối với chủ phương tiện giao xe:
- Đối với chủ xe mô tô, xe gắn máy: Phạt tiền từ 8.000.000 đồng đến 10.000.000 đồng đối với cá nhân; từ 16.000.000 đồng đến 20.000.000 đồng đối với tổ chức là chủ xe giao xe hoặc để cho người không đủ điều kiện theo quy định tại khoản 1 Điều 56 Luật TTATGTĐB điều khiển xe tham gia giao thông (khoản 10 Điều 32). 
- Đối với chủ xe ô tô, xe máy chuyên dùng: Phạt tiền từ 28.000.000 đồng đến 30.000.000 đồng đối với cá nhân; từ 56.000.000 đồng đến 60.000.000 đồng đối với tổ chức là chủ xe giao xe hoặc để cho người không đủ điều kiện theo quy định tại khoản 1, khoản 2 Điều 56 Luật TTATGTĐB điều khiển xe tham gia giao thông (điểm i khoản 14 Điều 32). 
(Lưu ý: Trường hợp người điều khiển phương tiện có Giấy phép lái xe nhưng đã hết hạn sử dụng hoặc đang trong thời gian bị tước quyền sử dụng thì chủ xe giao xe vẫn bị xử phạt về lỗi này).
2. Xử phạt đối với người trực tiếp điều khiển xe (nếu đủ tuổi xử phạt VPHC):
Người trực tiếp điều khiển xe bị xử phạt riêng rẽ về các hành vi vi phạm thực tế như: không đủ tuổi điều khiển xe, không có Giấy phép lái xe, điều khiển xe trên đường mà trong máu hoặc hơi thở có nồng độ cồn, trong cơ thể có chất ma túy theo các điều khoản tương ứng của Nghị định số 168/2024/NĐ-CP.
3. Truy cứu trách nhiệm hình sự chủ xe (Điều 264 Bộ luật Hình sự):
Người nào giao cho người mà biết rõ người đó không có Giấy phép lái xe, không đủ điều kiện về độ tuổi, sức khỏe hoặc đang trong tình trạng có sử dụng rượu, bia mà nồng độ cồn vượt quá mức quy định, có sử dụng chất ma túy hoặc chất kích thích mạnh khác điều khiển phương tiện gây thiệt hại cho người khác sẽ bị truy cứu trách nhiệm hình sự về Tội giao cho người không đủ điều kiện điều khiển phương tiện tham gia giao thông đường bộ: 
- Khung 1 (khoản 1 Điều 264): Làm chết 01 người; gây thương tích cho 01 người tổn thương cơ thể 61% trở lên; gây thương tích cho từ 02 người tổng tỷ lệ từ 61% đến 121%; thiệt hại tài sản từ 100.000.000 đồng đến dưới 500.000.000 đồng: phạt tiền từ 10.000.000 đồng đến 50.000.000 đồng hoặc phạt cải tạo không giam giữ đến 03 năm. 
- Khung 2 (khoản 2 Điều 264): Làm chết 02 người; gây thương tích cho từ 02 người tổng tỷ lệ từ 122% đến 200%; thiệt hại tài sản từ 500.000.000 đồng đến dưới 1.500.000.000 đồng: phạt tiền từ 50.000.000 đồng đến 200.000.000 đồng hoặc phạt tù từ 06 tháng đến 03 năm.
 - Khung 3 (khoản 3 Điều 264): Làm chết 03 người trở lên; gây thương tích cho từ 03 người tổng tỷ lệ 201% trở lên; thiệt hại tài sản từ 1.500.000.000 đồng trở lên: phạt tù từ 02 năm đến 07 năm. - Hình phạt bổ sung (khoản 4 Điều 264): Người phạm tội còn có thể bị phạt tiền từ 10.000.000 đồng đến 30.000.000 đồng.",https://bocongan.gov.vn/chinh-sach-phap-luat/chi-tiet-cau-hoi/f8e59d5a-6acf-422c-a805-74d50a7e751f,
19,"Gần đây, có nhiều vụ xe ô tô khi đang di chuyển trên các tuyến đường cao tốc thì bị người dân đứng trên cầu vượt ném đá vào kính ô tô, gây thương tích cho người trong xe và hư hỏng phương tiện. Cho tôi hỏi, theo quy định hiện hành thì hành vi trên sẽ bị xử lý như thế nào?","Hành vi đứng trên cầu vượt ném đá vào ô tô đang di chuyển trên cao tốc là hành vi bị pháp luật nghiêm cấm, có thể bị xử phạt hành chính từ 500.000 đồng đến 5.000.000 đồng; trường hợp gây vỡ kính, hư hỏng xe hoặc làm người trên xe bị thương, tử vong thì người thực hiện hành vi sẽ bị truy cứu trách nhiệm hình sự về Tội cản trở giao thông đường bộ, Tội cố ý gây thương tích hoặc Tội hủy hoại tài sản với mức hình phạt tù lên đến tù chung thân.

Căn cứ pháp lý:
- Khoản 21 Điều 9 Luật Trật tự, an toàn giao thông đường bộ số 36/2024/QH15. 
- Điểm c khoản 6 Điều 12 Nghị định số 168/2024/NĐ-CP (được sửa đổi, bổ sung bởi Nghị định số 238/2026/NĐ-CP). 
- Điểm đ khoản 4 Điều 7, Điểm a khoản 2 Điều 18 Nghị định số 282/2025/NĐ-CP của Chính phủ. 
- Điều 134, Điều 178, Điều 261 Bộ luật Hình sự số 100/2015/QH13 (sửa đổi, bổ sung năm 2017).

Mức xử phạt và chế tài cụ thể:
1. Xử phạt vi phạm hành chính (nếu chưa đến mức truy cứu trách nhiệm hình sự):
- Xử phạt hành vi ném đá vào phương tiện giao thông: Phạt tiền từ 500.000 đồng đến 1.000.000 đồng đối với cá nhân (từ 1.000.000 đồng đến 2.000.000 đồng đối với tổ chức) đối với hành vi ném gạch, đất, đá, cát hoặc vật thể khác vào người, phương tiện đang tham gia giao thông trên đường bộ theo điểm c khoản 6 Điều 12 Nghị định số 168/2024/NĐ-CP. 
- Xử phạt hành vi làm hư hỏng tài sản (chưa đến mức hình sự): Phạt tiền từ 3.000.000 đồng đến 5.000.000 đồng đối với hành vi hủy hoại hoặc cố ý làm hư hỏng tài sản của người khác theo điểm a khoản 2 Điều 18 Nghị định số 282/2025/NĐ-CP. 
- Biện pháp khắc phục hậu quả: Buộc khôi phục lại tình trạng ban đầu hoặc buộc bồi thường toàn bộ chi phí sửa chữa thiệt hại do hành vi vi phạm gây ra theo quy định của pháp luật dân sự.
2. Truy cứu trách nhiệm hình sự:
Cơ quan điều tra sẽ khởi tố vụ án hình sự tùy theo hậu quả thực tế:
- Tội cản trở giao thông đường bộ (Điều 261 Bộ luật Hình sự): Hành vi ném đá vào xe đang chạy trên đường cao tốc cấu thành Tội cản trở giao thông đường bộ với tình tiết định khung tăng nặng phạm tội tại đường cao tốc (điểm a khoản 2 Điều 261), khung hình phạt từ 100.000.000 đồng đến 300.000.000 đồng hoặc phạt tù từ 02 năm đến 07 năm; nếu làm chết 03 người trở lên hoặc thiệt hại tài sản từ 1,5 tỷ đồng trở lên thì bị phạt tù từ 05 năm đến 10 năm. 
- Tội cố ý gây thương tích (Điều 134 Bộ luật Hình sự): Do việc ném đá từ trên cao xuống xe chạy tốc độ cao được coi là dùng hung khí nguy hiểm hoặc thủ đoạn có khả năng gây nguy hại cho nhiều người, người ném đá bị khởi tố kể cả khi tỷ lệ thương tật của nạn nhân dưới 11% (khoản 1), mức phạt tù từ 06 tháng đến 20 năm hoặc tù chung thân (nếu làm chết 02 người trở lên). 
- Tội hủy hoại hoặc cố ý làm hư hỏng tài sản (Điều 178 Bộ luật Hình sự): Nếu gây thiệt hại tài sản từ 2.000.000 đồng trở lên, người ném đá bị phạt tiền từ 10.000.000 đồng đến 50.000.000 đồng, phạt cải tạo không giam giữ đến 03 năm hoặc phạt tù từ 06 tháng đến 20 năm tùy theo giá trị tài sản bị hư hỏng.",https://bocongan.gov.vn/chinh-sach-phap-luat/chi-tiet-cau-hoi/6f98c5cd-a4fc-4810-8cdd-cba85a107dd9,
20,"Cho tôi hỏi, khi thấy xe cứu thương phát tín hiệu yêu cầu các phương tiện nhường đường, nếu trường hợp xe phía trước đang dừng chờ đèn đỏ, và bắt buộc phải vượt đèn đỏ mới có thể nhường đường cho xe cứu thương đi thì có bị phạt lỗi vượt đèn đỏ không?","Khi đang dừng đèn đỏ mà có xe cứu thương phát tín hiệu ưu tiên xin đường, người điều khiển phương tiện được phép chủ động di chuyển sang một bên hoặc vượt qua vạch dừng để nhường đường và KHÔNG BỊ XỬ PHẠT lỗi vượt đèn đỏ do hành vi này thuộc tình thế cấp thiết theo quy định của Luật Xử lý vi phạm hành chính.

Căn cứ pháp lý:
- Khoản 5 Điều 27 Luật Trật tự, an toàn giao thông đường bộ số 36/2024/QH15. 
- Khoản 1 Điều 11, Khoản 1 Điều 65 Luật Xử lý vi phạm hành chính số 15/2012/QH13 (sửa đổi, bổ sung năm 2020).
- Điểm b khoản 9, điểm d khoản 16 Điều 6; Điểm c khoản 7, điểm c khoản 13 Điều 7 Nghị định số 168/2024/NĐ-CP (được sửa đổi, bổ sung bởi Nghị định số 238/2026/NĐ-CP). 
- Nghị định số 135/2021/NĐ-CP của Chính phủ và Thông tư số 73/2024/TT-BCA của Bộ Công an.

Nội dung giải đáp chi tiết:
1. Quy định về nhường đường cho xe ưu tiên:
Căn cứ khoản 5 Điều 27 Luật Trật tự, an toàn giao thông đường bộ số 36/2024/QH15, khi có tín hiệu của xe ưu tiên (đèn nhấp nháy, còi phát tín hiệu ưu tiên), người và phương tiện tham gia giao thông đường bộ phải giảm tốc độ, đi sát lề đường bên phải hoặc dừng lại để nhường đường, không được gây cản trở xe ưu tiên.
2. Cơ sở không bị xử phạt vượt đèn đỏ:
- Căn cứ khoản 1 Điều 11 và khoản 1 Điều 65 Luật Xử lý vi phạm hành chính, hành vi vi phạm hành chính được thực hiện trong tình thế cấp thiết thuộc trường hợp không bị xử phạt và cơ quan có thẩm quyền không ra quyết định xử phạt vi phạm hành chính. 
- Tình thế cấp thiết là tình thế vì muốn tránh gây thiệt hại cho tính mạng, sức khỏe của người khác (bệnh nhân cấp cứu trên xe) mà người điều khiển phương tiện buộc phải di chuyển tạo khoảng trống, dù phải đè vạch hoặc vượt qua vạch dừng đèn đỏ. Do đó, hành vi vượt đèn đỏ để nhường đường cho xe cứu thương không bị phạt tiền và không bị trừ điểm Giấy phép lái xe. 
- Khung xử phạt thông thường nếu không thuộc tình thế cấp thiết: Lỗi không chấp hành hiệu lệnh của đèn tín hiệu giao thông bị phạt từ 18.000.000 đồng đến 20.000.000 đồng, trừ 10 điểm GPLX đối với ô tô (điểm b khoản 9 Điều 6); phạt từ 4.000.000 đồng đến 6.000.000 đồng, trừ 06 điểm GPLX đối với mô tô (điểm c khoản 7 Điều 7 Nghị định số 168/2024/NĐ-CP).
3. Hướng dẫn xử lý khi nhận thông báo phạt nguội:
Trường hợp hành vi vượt qua vạch dừng đèn đỏ bị hệ thống camera giám sát tự động ghi nhận và gửi thông báo phạt nguội, người điều khiển phương tiện làm văn bản giải trình hoặc trực tiếp đến trụ sở cơ quan Cảnh sát giao thông nơi phát hành thông báo. Khi kiểm tra lại dữ liệu hình ảnh, video ghi nhận có xe cứu thương đang phát tín hiệu còi, đèn ưu tiên di chuyển ngay phía sau, cơ quan Công an sẽ kết luận vụ việc thuộc trường hợp không xử phạt vi phạm hành chính và ra quyết định hủy bỏ thông báo vi phạm theo đúng quy định pháp luật.",https://bocongan.gov.vn/chinh-sach-phap-luat/chi-tiet-cau-hoi/89b9d0f5-4dcd-477f-935c-8cfc3aad8eeb,
21,"Thời gian gần đây, tôi thấy ngày càng nhiều vụ giả biển số, che biển, thậm chí còn giả mạo màu sắc, thông tin đăng kiểm giả của xe ô tô nhằm tránh bị thu phí tại các trạm thu phí không dừng hay tránh “phạt nguội” gây khó khăn cho chủ xe thật. Về việc này cho tôi hỏi một số nội dung sau:
- Hành vi nêu trên nếu bị phát hiện sẽ bị xử lý như thế nào?
- Trường hợp lái xe sử dụng biển số giả vi phạm giao thông mà bị “phạt nguội” dẫn đến chủ xe thật bị phạt khi đi đăng kiểm thì chủ xe thật phải xử lý việc này như thế nào?","Hành vi sử dụng biển số giả, che hoặc làm thay đổi chữ, số trên biển số để né phạt nguội bị xử phạt tiền từ 20.000.000 đồng đến 26.000.000 đồng đối với ô tô, từ 4.000.000 đồng đến 6.000.000 đồng đối với xe máy, bị trừ từ 06 đến 10 điểm giấy phép lái xe và bị tịch thu biển số; chủ xe thật bị phạt oan có quyền đề nghị cơ quan Công an trích xuất dữ liệu hình ảnh để đối soát, minh oan và hủy bỏ phạt nguội.

Căn cứ pháp lý:
- Khoản 17 Điều 9 Luật Trật tự, an toàn giao thông đường bộ số 36/2024/QH15. 
- Khoản 8, điểm a khoản 10, khoản 13 Điều 13; Khoản 3, điểm a khoản 5, khoản 8 Điều 14; Điều 32 Nghị định số 168/2024/NĐ-CP (được sửa đổi, bổ sung bởi Nghị định số 238/2026/NĐ-CP). 
- Nghị định số 135/2021/NĐ-CP của Chính phủ; Thông tư số 73/2024/TT-BCA của Bộ Công an. 
- Điều 341 Bộ luật Hình sự số 100/2015/QH13 (sửa đổi, bổ sung năm 2017).

Mức xử phạt và hướng dẫn giải quyết cho chủ xe thật:
1. Mức xử phạt hành vi che, dán, giả mạo biển số:
- Đối với người điều khiển xe ô tô:
 + Phạt tiền từ 20.000.000 đồng đến 26.000.000 đồng đối với hành vi che lấp, bẻ cong, dán, làm thay đổi chữ, số, màu sắc của biển số xe; sử dụng chất liệu, thiết bị làm thay đổi khả năng nhận diện biển số; hoặc gắn biển số không đúng với chứng nhận đăng ký xe, gắn biển số không do cơ quan có thẩm quyền cấp (khoản 8 Điều 13 Nghị định số 168/2024/NĐ-CP). 
+ Trừ điểm giấy phép lái xe: Bị trừ 06 điểm GPLX đối với hành vi che lấp, bẻ cong, làm thay đổi chữ số biển số (điểm b khoản 13 Điều 13); bị trừ 10 điểm GPLX đối với hành vi gắn biển số giả/không do cơ quan có thẩm quyền cấp (điểm c khoản 13 Điều 13). 
+ Hình thức xử phạt bổ sung: Tịch thu biển số xe không do cơ quan có thẩm quyền cấp (điểm a khoản 10 Điều 13).
- Đối với người điều khiển xe mô tô, xe gắn máy:
+ Phạt tiền từ 4.000.000 đồng đến 6.000.000 đồng đối với hành vi che lấp, bẻ cong, sơn, dán làm thay đổi chữ số biển số hoặc gắn biển số không do cơ quan có thẩm quyền cấp (khoản 3 Điều 14 Nghị định số 168/2024/NĐ-CP). 
+ Trừ điểm giấy phép lái xe: Bị trừ 06 điểm GPLX (điểm b khoản 8 Điều 14). 
+ Hình thức xử phạt bổ sung: Tịch thu biển số xe không do cơ quan có thẩm quyền cấp (điểm a khoản 5 Điều 14).
- Trường hợp có dấu hiệu cố ý làm giả biển số nhà nước để trục lợi hoặc thực hiện hành vi vi phạm pháp luật khác: Bị truy cứu trách nhiệm hình sự về Tội làm giả hoặc sử dụng con dấu, tài liệu giả của cơ quan, tổ chức theo Điều 341 Bộ luật Hình sự với mức phạt tiền từ 30.000.000 đồng đến 100.000.000 đồng, phạt cải tạo không giam giữ đến 03 năm hoặc phạt tù từ 06 tháng đến 07 năm.
2. Hướng dẫn dành cho chủ xe thật bị ghi nhận phạt nguội oan:
Căn cứ Nghị định 135/2021/NĐ-CP và Thông tư 73/2024/TT-BCA, khi đi đăng kiểm hoặc nhận được thông báo phạt nguội mà phương tiện không hề vi phạm tại thời điểm, địa điểm đó, chủ xe thật cần làm như sau:
- Mang giấy tờ xe (chứng nhận đăng ký xe, giấy chứng nhận kiểm định an toàn kỹ thuật) và phương tiện đến trụ sở cơ quan Cảnh sát giao thông nơi phát hiện vi phạm hoặc Công an cấp huyện/xã nơi cư trú để phối hợp giải quyết. 
- Cảnh sát giao thông sẽ trích xuất dữ liệu hình ảnh, video gốc có độ phân giải cao thu thập từ hệ thống giám sát để so sánh chi tiết đặc điểm nhận dạng của xe (chủng loại xe, nhãn hiệu, màu sơn, kiểu dáng lazang, giá nóc, vị trí dán tem đăng kiểm, vết xước độc bản...). 
- Khi xác định phương tiện vi phạm thực tế là xe khác sử dụng biển số giả/dán sửa biển số, cơ quan Công an sẽ lập biên bản xác minh, gỡ bỏ trạng thái cảnh báo vi phạm trên hệ thống dữ liệu đăng kiểm và Cổng thông tin Cục Cảnh sát giao thông, không xử phạt chủ xe thật; đồng thời chuyển toàn bộ dữ liệu hình ảnh, hồ sơ vụ việc sang lực lượng Cảnh sát điều tra để truy tìm và xử lý nghiêm đối tượng điều khiển xe gắn biển số giả.",https://bocongan.gov.vn/chinh-sach-phap-luat/chi-tiet-cau-hoi/e842bb53-f782-475f-8e6a-b893ea31c62d,
22,"Qua theo dõi báo chí phản ánh, tôi thấy thời gian vừa qua lực lượng chức năng liên tiếp kiểm tra và phát hiện các tài xế sử dụng giấy chứng nhận đăng kiểm giả, tem đăng kiểm giả để tham gia giao thông. Tôi muốn hỏi hành vi như trên sẽ bị xử lý như thế nào?","Hành vi sử dụng giấy chứng nhận đăng kiểm giả hoặc tem kiểm định giả khi tham gia giao thông bị phạt tiền từ 4.000.000 đồng đến 6.000.000 đồng đối với người điều khiển (từ 8.000.000 đồng đến 12.000.000 đồng đối với tổ chức là chủ xe), bị trừ 02 điểm giấy phép lái xe và bị thu hồi/tịch thu tang vật; trường hợp đủ dấu hiệu cấu thành tội phạm sẽ bị truy cứu trách nhiệm hình sự về Tội sử dụng con dấu hoặc tài liệu giả của cơ quan, tổ chức với khung hình phạt tù lên đến 07 năm.

Căn cứ pháp lý:
- Điểm a khoản 6, điểm d khoản 11, Khoản 12, Điểm a khoản 13 Điều 13 Nghị định số 168/2024/NĐ-CP (được sửa đổi, bổ sung bởi Nghị định số 238/2026/NĐ-CP). 
- Điểm đ khoản 9, Điểm i khoản 19, Khoản 20, Điểm a khoản 21 Điều 32 Nghị định số 168/2024/NĐ-CP (được sửa đổi, bổ sung bởi Nghị định số 238/2026/NĐ-CP). 
- Điều 341 Bộ luật Hình sự số 100/2015/QH13 (sửa đổi, bổ sung năm 2017).
Mức xử phạt và chế tài cụ thể:
1. Xử phạt vi phạm hành chính đối với người điều khiển phương tiện (Điều 13 Nghị định 168/2024/NĐ-CP):
- Phạt tiền: Căn cứ điểm a khoản 6 Điều 13, phạt tiền từ 4.000.000 đồng đến 6.000.000 đồng đối với người điều khiển xe ô tô thực hiện hành vi: ""Sử dụng chứng nhận đăng ký xe, giấy chứng nhận, tem kiểm định an toàn kỹ thuật và bảo vệ môi trường không do cơ quan có thẩm quyền cấp hoặc bị tẩy xóa"". 
- Trừ điểm giấy phép lái xe: Bị trừ 02 điểm giấy phép lái xe theo điểm a khoản 13 Điều 13. 
- Biện pháp xử lý tang vật:
+ Buộc nộp lại giấy chứng nhận, tem kiểm định an toàn kỹ thuật và bảo vệ môi trường bị tẩy xóa theo điểm d khoản 11 Điều 13. 
+ Bị thu hồi giấy chứng nhận, tem kiểm định an toàn kỹ thuật và bảo vệ môi trường không do cơ quan có thẩm quyền cấp theo khoản 12 Điều 13. 
+ Trường hợp không có chứng nhận đăng ký xe hợp lệ hoặc sử dụng chứng nhận đăng ký xe giả/bị tẩy xóa mà không chứng minh được nguồn gốc xuất xứ hợp pháp của phương tiện thì bị tịch thu phương tiện theo điểm b khoản 10 Điều 13.
2. Xử phạt đối với chủ phương tiện (nếu chủ xe đưa xe có tem/giấy kiểm định giả tham gia giao thông):
- Căn cứ điểm đ khoản 9 Điều 32, chủ xe là cá nhân bị phạt tiền từ 4.000.000 đồng đến 6.000.000 đồng, chủ xe là tổ chức bị phạt tiền từ 8.000.000 đồng đến 12.000.000 đồng đối với hành vi đưa phương tiện có giấy chứng nhận, tem kiểm định an toàn kỹ thuật và bảo vệ môi trường của xe nhưng không do cơ quan có thẩm quyền cấp hoặc bị tẩy xóa tham gia giao thông. 
- Thu hồi, nộp lại tang vật: Buộc nộp lại tem/giấy kiểm định bị tẩy xóa (điểm i khoản 19 Điều 32) hoặc bị thu hồi tem/giấy kiểm định giả không do cơ quan có thẩm quyền cấp (khoản 20 Điều 32). 
- Trừ điểm giấy phép lái xe: Trường hợp chủ xe là cá nhân trực tiếp điều khiển phương tiện vi phạm còn bị trừ 02 điểm giấy phép lái xe theo điểm a khoản 21 Điều 32.
3. Truy cứu trách nhiệm hình sự:
Người nào mua, bán hoặc sử dụng tem kiểm định, giấy chứng nhận đăng kiểm giả để giao thông, đối phó lực lượng chức năng khi đủ yếu tố cấu thành tội phạm sẽ bị truy cứu trách nhiệm hình sự về Tội làm giả con dấu, tài liệu của cơ quan, tổ chức; tội sử dụng con dấu hoặc tài liệu giả của cơ quan, tổ chức:
- Khung 1 (khoản 1 Điều 341): Phạt tiền từ 30.000.000 đồng đến 100.000.000 đồng, phạt cải tạo không giam giữ đến 03 năm hoặc phạt tù từ 06 tháng đến 02 năm. 
- Khung 2 (khoản 2 Điều 341): Phạt tù từ 02 năm đến 05 năm nếu phạm tội có tổ chức, phạm tội 02 lần trở lên hoặc sử dụng tài liệu giả thực hiện tội phạm ít nghiêm trọng hoặc tội phạm nghiêm trọng. 
- Khung 3 (khoản 3 Điều 341): Phạt tù từ 03 năm đến 07 năm nếu sử dụng tài liệu giả thực hiện tội phạm rất nghiêm trọng hoặc đặc biệt nghiêm trọng hoặc thu lợi bất chính từ 50.000.000 đồng trở lên.",https://bocongan.gov.vn/chinh-sach-phap-luat/chi-tiet-cau-hoi/89d4bb5e-0072-4e7c-a8e9-af8a37545db3,
23,"Hiện nay trên mạng rao bán rất nhiều các loại máy đo nồng độ cồn giá rẻ, nhiều người dân đã tự ý mua về sử dụng. Cho tôi hỏi, người dân có được sử dụng máy đo nồng độ cồn không rõ nguồn gốc để đối chứng kết quả với máy đo nồng độ cồn của lực lượng chức năng không? Việc sử dụng máy đo nồng độ cồn được căn cứ theo quy định nào?","Người dân không được quyền sử dụng các loại máy đo nồng độ cồn cá nhân trôi nổi trên mạng để đối chứng hay bác bỏ kết quả kiểm tra của Cảnh sát giao thông; máy đo nồng độ cồn của lực lượng Cảnh sát giao thông bắt buộc phải tuân thủ nghiêm ngặt quy định của Luật Đo lường và Luật Xử lý vi phạm hành chính, phải được kiểm định định kỳ và có tem, chứng chỉ kiểm định hợp lệ.

Căn cứ pháp lý:
- Khoản 2 Điều 64 Luật Xử lý vi phạm hành chính số 15/2012/QH13 (sửa đổi, bổ sung năm 2020). 
- Khoản 2 Điều 16, Điều 19, Điều 21 Luật Đo lường số 04/2011/QH13\. - Khoản 3 Điều 21 Luật Phòng, chống tác hại của rượu, bia số 44/2019/QH14. 
- Điều 65, Điều 67, Điều 70, Khoản 3 Điều 80 Luật Trật tự, an toàn giao thông đường bộ số 36/2024/QH15. 
- Điều 4, Điều 6, Điều 12 và Danh mục I, IX ban hành kèm theo Nghị định số 135/2021/NĐ-CP của Chính phủ. 
- Khoản 4 Điều 9, Điều 12, Điều 15 Thông tư số 73/2024/TT-BCA; Thông tư số 72/2024/TT-BCA của Bộ Công an. 
- Thông tư số 46/2024/TT-BCA của Bộ Công an quy định về thực hiện dân chủ trong công tác bảo đảm trật tự, an toàn giao thông.

Nội dung giải đáp chi tiết:
1. Quy định về thiết bị đo nồng độ cồn của lực lượng CSGT:
- Thuộc danh mục phương tiện kỹ thuật nghiệp vụ: Căn cứ Nghị định số 135/2021/NĐ-CP và Thông tư số 73/2024/TT-BCA, phương tiện đo nồng độ cồn trong hơi thở là trang bị kỹ thuật nghiệp vụ chuyên dụng do Bộ Công an trang cấp cho lực lượng làm nhiệm vụ. 
- Tuân thủ Luật Đo lường và Luật XLVPHC: Phương tiện đo nồng độ cồn thuộc danh mục phương tiện đo nhóm 2 bắt buộc phải được phê duyệt mẫu, kiểm định ban đầu, kiểm định định kỳ và kiểm định sau sửa chữa bởi tổ chức kiểm định được Nhà nước chỉ định; trên máy phải có tem kiểm định còn nguyên vẹn và còn hạn hiệu lực. Căn cứ khoản 2 Điều 64 Luật Xử lý vi phạm hành chính, kết quả đo thu được từ thiết bị đã qua kiểm định hợp pháp là chứng cứ pháp lý duy nhất để xác định hành vi vi phạm hành chính.
2. Giá trị của máy đo cá nhân do người dân tự mua:
Các loại máy đo nồng độ cồn bán tự do trên thị trường là thiết bị dân sự, không rõ nguồn gốc xuất xứ, chưa qua kiểm định chất lượng đo lường theo chuẩn quốc gia nên kết quả chỉ mang tính chất tham khảo cá nhân, không có giá trị pháp lý và tuyệt đối không được dùng làm căn cứ đối chứng hay thay thế kết quả đo của phương tiện kỹ thuật nghiệp vụ của cơ quan chức năng.
3. Quyền của người tham gia giao thông khi kiểm tra nồng độ cồn:
- Đề nghị kiểm tra tem kiểm định: Căn cứ Nghị định số 135/2021/NĐ-CP và Thông tư số 46/2024/TT-BCA, người tham gia giao thông có quyền đề nghị cán bộ Cảnh sát giao thông cho xem tem kiểm định dán trên phương tiện đo hoặc giấy chứng nhận kiểm định để bảo đảm máy đo còn hạn kiểm định theo quy định. 
- Yêu cầu xét nghiệm máu tại cơ sở y tế: Trường hợp không đồng ý với kết quả đo khí thở do nghi ngờ máy có sai số hoặc do tác động khách quan, người vi phạm có quyền ghi rõ ý kiến chưa đồng ý vào Biên bản vi phạm hành chính và yêu cầu Cảnh sát giao thông đưa đến cơ sở y tế đủ điều kiện để lấy mẫu máu xét nghiệm nồng độ cồn theo quy định tại Luật Phòng, chống tác hại của rượu, bia 2019, Luật TTATGTĐB 2024 và Thông tư số 72/2024/TT-BCA để làm căn cứ chính thức giải quyết vụ việc.",https://bocongan.gov.vn/chinh-sach-phap-luat/chi-tiet-cau-hoi/121d40a8-489b-4591-b21e-40168f2b00e0,
24,"Vừa qua, báo chí phản ánh lực lượng chức năng phát hiện nhiều trường hợp xe ô tô quá niên hạn sử dụng, quá hạn đăng kiểm vẫn tham gia giao thông. Tôi muốn hỏi trường hợp điều khiển ô tô quá niên hạn sử dụng hoặc quá hạn đăng kiểm nếu bị phát hiện sẽ bị xử lý như thế nào?","Hành vi điều khiển xe ô tô quá hạn kiểm định từ 01 tháng trở lên bị phạt tiền từ 4.000.000 đồng đến 6.000.000 đồng và trừ 02 điểm giấy phép lái xe; hành vi điều khiển xe quá niên hạn sử dụng bị phạt tiền từ 4.000.000 đồng đến 6.000.000 đồng, bị trừ 02 điểm giấy phép lái xe và bị áp dụng biện pháp TỊCH THU PHƯƠNG TIỆN sung công quỹ nhà nước.

Căn cứ pháp lý:
- Khoản 8 Điều 9, Điều 35, Điều 40, Điều 42 Luật Trật tự, an toàn giao thông đường bộ số 36/2024/QH15 (sửa đổi, bổ sung bởi Luật số 118/2025/QH15). 
- Khoản 5, Khoản 6, Khoản 9, Khoản 13 Điều 13 Nghị định số 168/2024/NĐ-CP (được sửa đổi, bổ sung bởi Nghị định số 238/2026/NĐ-CP). 
- Điểm b khoản 9, Điểm a khoản 11, Điểm c khoản 17 Điều 32 Nghị định số 168/2024/NĐ-CP (được sửa đổi, bổ sung bởi Nghị định số 238/2026/NĐ-CP).

Mức xử phạt và chế tài cụ thể:
1. Trường hợp xe quá hạn kiểm định (đối với người điều khiển xe ô tô):
- Hết hạn dưới 01 tháng (điểm a khoản 5, điểm a khoản 13 Điều 13): Phạt tiền từ 3.000.000 đồng đến 4.000.000 đồng, đồng thời bị trừ 02 điểm giấy phép lái xe. 
- Hết hạn từ 01 tháng trở lên hoặc không có giấy chứng nhận/tem kiểm định (điểm b khoản 6, điểm a khoản 13 Điều 13): Phạt tiền từ 4.000.000 đồng đến 6.000.000 đồng, đồng thời bị trừ 02 điểm giấy phép lái xe. 
- Chủ xe đưa xe vi phạm tham gia giao thông cũng bị phạt tiền từ 4.000.000 đồng đến 6.000.000 đồng đối với cá nhân theo điểm b khoản 9 Điều 32 nếu hết hạn dưới 01 tháng; phạt từ 10.000.000 đồng đến 12.000.000 đồng đối với cá nhân theo điểm a khoản 11 Điều 32 Nghị định 168/2024/NĐ-CP nếu hết hạn từ 01 tháng trở lên.
2. Trường hợp xe quá niên hạn sử dụng tham gia giao thông:
- Phạt tiền người điều khiển: Căn cứ điểm đ khoản 6 Điều 13 Nghị định số 168/2024/NĐ-CP, phạt tiền từ 4.000.000 đồng đến 6.000.000 đồng đối với hành vi ""Điều khiển xe ô tô (kể cả rơ moóc và sơ mi rơ moóc) quá niên hạn sử dụng tham gia giao thông"". 
- Trừ điểm giấy phép lái xe: Bị trừ 02 điểm giấy phép lái xe theo điểm a khoản 13 Điều 13 Nghị định số 168/2024/NĐ-CP. 
- Tịch thu phương tiện: Căn cứ khoản 9 Điều 13 và điểm c khoản 17 Điều 32 Nghị định số 168/2024/NĐ-CP, phương tiện quá niên hạn sử dụng tham gia giao thông bị TỊCH THU sung vào ngân sách nhà nước nhằm loại bỏ dứt điểm nguy cơ gây tai nạn giao thông.",https://bocongan.gov.vn/chinh-sach-phap-luat/chi-tiet-cau-hoi/3b05884d-2ba6-4b01-b415-1ed4b2bf85df,
25,"Tôi thấy tình trạng học sinh cấp 2 sử dụng mô tô, xe máy ngày càng nhiều, do chưa có đầy đủ kiến thức về luật giao thông đường bộ và đào tạo lái mô tô, xe máy nên các em thường xuyên vi phạm, thậm chí còn bỏ chạy, chống đối lại người thi hành công vụ. Cho hỏi, trường hợp người dưới 16 tuổi vi phạm luật giao thông đường bộ và chống đối lại người thi hành công vụ sẽ bị xử lý như thế nào? Thời gian tới có biện pháp gì để ngăn chặn tình trạng nêu trên? ","Người dưới 16 tuổi vi phạm luật giao thông đường bộ chỉ bị áp dụng hình thức xử phạt Cảnh cáo và bị tạm giữ phương tiện; chủ xe giao xe cho người dưới 16 tuổi bị phạt từ 8.000.000 đồng đến 10.000.000 đồng (đối với xe máy) hoặc từ 28.000.000 đồng đến 30.000.000 đồng (đối với ô tô); trường hợp có hành vi chống người thi hành công vụ thì chỉ người từ đủ 16 tuổi trở lên mới bị truy cứu trách nhiệm hình sự theo Điều 330 Bộ luật Hình sự.

Căn cứ pháp lý:
- Khoản 1 Điều 5, Điều 22, Điều 90, Điều 92, Khoản 3 Điều 134, Điều 135, Điều 125 Luật Xử lý vi phạm hành chính số 15/2012/QH13 (sửa đổi, bổ sung năm 2020). 
- Khoản 7 Điều 9, Khoản 1 Điều 56, Điểm a khoản 1 Điều 59 Luật Trật tự, an toàn giao thông đường bộ số 36/2024/QH15. 
- Khoản 1 Điều 18, Khoản 10 và Điểm i khoản 14 Điều 32, Điểm d khoản 1 Điều 48 Nghị định số 168/2024/NĐ-CP (được sửa đổi, bổ sung bởi Nghị định số 238/2026/NĐ-CP). 
- Điều 12, Điều 330 Bộ luật Hình sự số 100/2015/QH13 (sửa đổi, bổ sung năm 2017).

Nội dung giải đáp chi tiết:
1. Xử phạt đối với người dưới 16 tuổi vi phạm luật giao thông:
- Căn cứ khoản 1 Điều 5, Điều 22 và khoản 3 Điều 134 Luật Xử lý vi phạm hành chính, người từ đủ 14 tuổi đến dưới 16 tuổi vi phạm hành chính không bị áp dụng hình thức phạt tiền mà chỉ bị áp dụng hình thức xử phạt Cảnh cáo bằng văn bản. 
- Căn cứ khoản 1 Điều 18 Nghị định số 168/2024/NĐ-CP, phạt cảnh cáo người từ đủ 14 tuổi đến dưới 16 tuổi điều khiển xe mô tô, xe gắn máy (kể cả xe máy điện), xe ô tô hoặc các loại xe tương tự. 
- Căn cứ điểm d khoản 1 Điều 48 Nghị định số 168/2024/NĐ-CP và Điều 125 Luật Xử lý vi phạm hành chính, phương tiện do người dưới 16 tuổi điều khiển vi phạm bị tạm giữ theo thủ tục hành chính để ngăn chặn ngay hành vi vi phạm tiếp diễn và bảo đảm xử lý vụ việc.
2. Xử phạt đối với cha mẹ / chủ xe giao phương tiện cho con dưới 16 tuổi:
Căn cứ Điều 32 Nghị định số 168/2024/NĐ-CP, chủ xe giao xe hoặc để cho người không đủ điều kiện độ tuổi theo Điều 56, Điều 59 Luật TTATGTĐB 2024 điều khiển xe tham gia giao thông bị phạt tiền như sau:
- Đối với xe mô tô, xe gắn máy: Phạt tiền từ 8.000.000 đồng đến 10.000.000 đồng đối với cá nhân, từ 16.000.000 đồng đến 20.000.000 đồng đối với tổ chức (khoản 10 Điều 32). 
- Đối với xe ô tô: Phạt tiền từ 28.000.000 đồng đến 30.000.000 đồng đối với cá nhân, từ 56.000.000 đồng đến 60.000.000 đồng đối với tổ chức (điểm i khoản 14 Điều 32).
3. Xử lý hành vi chống đối người thi hành công vụ:
- Đối với người vi phạm dưới 16 tuổi: Theo Điều 12 Bộ luật Hình sự năm 2015, Tội chống người thi hành công vụ (Điều 330) không thuộc danh mục các tội phạm mà người từ đủ 14 tuổi đến dưới 16 tuổi phải chịu trách nhiệm hình sự. Do đó, người dưới 16 tuổi có hành vi chống đối người thi hành công vụ không bị xử lý hình sự về tội này mà bị xử phạt vi phạm hành chính (phạt cảnh cáo); đồng thời tùy theo tính chất, mức độ vi phạm có thể bị xem xét áp dụng biện pháp xử lý hành chính như giáo dục tại xã, phường, thị trấn (Điều 90 Luật XLVPHC) hoặc đưa vào trường giáo dưỡng (Điều 92 Luật XLVPHC), hoặc áp dụng các biện pháp thay thế xử lý vi phạm hành chính. 
- Đối với người vi phạm từ đủ 16 tuổi trở lên: Phải chịu trách nhiệm hình sự về mọi tội phạm. Nếu có hành vi dùng vũ lực, đe dọa dùng vũ lực hoặc dùng thủ đoạn khác cản trở Cảnh sát giao thông làm nhiệm vụ thì bị truy cứu trách nhiệm hình sự về Tội chống người thi hành công vụ theo Điều 330 Bộ luật Hình sự với khung hình phạt cải tạo không giam giữ đến 03 năm hoặc phạt tù từ 06 tháng đến 07 năm.",https://bocongan.gov.vn/chinh-sach-phap-luat/chi-tiet-cau-hoi/b0b08759-2179-4898-b433-468fd0b81e6c,
26,"Hình thức phạt nguội được thi hành đối với các phương tiện tham gia giao thông đã mang lại những hiệu quả rõ rệt đối với công tác đảm bảo trật tự, an toàn giao thông. Tuy nhiên, thời gian qua báo chí phản ánh nhiều lái xe dùng sơn trắng, băng dính, decan, kẹp giấy, bùn đất, khẩu trang y tế... để che một phần hoặc thay đổi thông tin trên biển số nhằm trốn tránh camera phạt nguội. Cho tôi hỏi:

- Theo quy định của pháp luật những hành vi trên sẽ bị xử lý như thế nào?
- Trường hợp che, dán thay đổi thông tin biển số xe để tránh phạt nguội (ví dụ F dán băng dính đen thành E; số 3, 0 thành số 8...) mà vi phạm giao thông và bị phạt nguội, vô tình trùng biển số xe khác không vi phạm giao thông thì cơ quan Công an có giải pháp gì để không xử phạt oan.
- Nếu lái xe gây tai nạn mà có những hành vi trên có bị truy cứu trách nhiệm hình sự không?","Hành vi che, dán, bôi bẩn, thay đổi chữ, số trên biển số để né phạt nguội bị phạt tiền từ 20.000.000 đồng đến 26.000.000 đồng đối với ô tô, từ 4.000.000 đồng đến 6.000.000 đồng đối với xe máy và bị trừ 06 điểm giấy phép lái xe; trường hợp bị phạt nguội oan do xe khác dán biển giả, cơ quan Công an sẽ tiến hành trích xuất camera để xác minh, hủy phạt nguội cho chủ xe thật; nếu che biển mà gây tai nạn rồi bỏ chạy sẽ bị xử lý hình sự với khung hình phạt tăng nặng.

Căn cứ pháp lý:
- Khoản 17 Điều 9 Luật Trật tự, an toàn giao thông đường bộ số 36/2024/QH15. 
- Điểm b khoản 8, điểm b khoản 13 Điều 13 Nghị định số 168/2024/NĐ-CP (được sửa đổi, bổ sung bởi Nghị định số 238/2026/NĐ-CP). 
- Khoản 3, điểm b khoản 8 Điều 14 Nghị định số 168/2024/NĐ-CP (được sửa đổi, bổ sung bởi Nghị định số 238/2026/NĐ-CP). 
- Nghị định số 135/2021/NĐ-CP của Chính phủ; Thông tư số 73/2024/TT-BCA của Bộ Công an. 
- Điểm c khoản 2 Điều 260 Bộ luật Hình sự số 100/2015/QH13 (sửa đổi, bổ sung năm 2017).

Nội dung giải đáp chi tiết:
1. Mức xử phạt hành vi che, dán, thay đổi thông tin biển số:
- Đối với xe ô tô: Phạt tiền từ 20.000.000 đồng đến 26.000.000 đồng và bị trừ 06 điểm giấy phép lái xe đối với người điều khiển xe thực hiện hành vi: ""Gắn biển số không rõ chữ, số hoặc sơn, dán lên chữ, số của biển số xe; gắn biển số bị bẻ cong, che lấp, làm thay đổi chữ, số, màu sắc, hình dạng, kích thước của biển số xe; sử dụng chất liệu, vật liệu, thiết bị làm thay đổi khả năng nhận diện thông tin biển số xe của phương tiện, thiết bị kỹ thuật nghiệp vụ"" (điểm b khoản 8, điểm b khoản 13 Điều 13 Nghị định số 168/2024/NĐ-CP). 
- Đối với xe mô tô, xe gắn máy: Phạt tiền từ 4.000.000 đồng đến 6.000.000 đồng và bị trừ 06 điểm giấy phép lái xe đối với người điều khiển xe thực hiện hành vi che lấp, bẻ cong, sơn, dán làm thay đổi chữ, số trên biển số (khoản 3, điểm b khoản 8 Điều 14 Nghị định số 168/2024/NĐ-CP).
2. Giải pháp của cơ quan Công an để không xử phạt oan chủ xe thật:
Theo quy trình xử lý dữ liệu vi phạm tại Nghị định 135/2021/NĐ-CP và Thông tư 73/2024/TT-BCA:
- Trước khi lập biên bản hoặc gửi thông báo phạt nguội, cán bộ Cảnh sát giao thông bắt buộc phải kiểm tra, đối chiếu dữ liệu hình ảnh vi phạm với dữ liệu kỹ thuật đăng ký xe trên hệ thống (kiểm tra nhãn hiệu, chủng loại, đời xe, màu sơn, kiểu dáng thân vỏ, phụ kiện đặc thù). 
- Khi phát hiện nghi vấn biển số bị làm sai lệch hoặc chủ xe gửi phản hồi khiếu nại, cơ quan Công an sẽ thu thập dữ liệu camera dọc tuyến đường, đối chiếu lịch trình di chuyển của xe thật để loại trừ lỗi phạt nguội oan và làm thủ tục gỡ cảnh báo trên phần mềm, đồng thời phát lệnh truy tìm phương tiện dán biển số giả.
3. Trách nhiệm hình sự nếu lái xe gây tai nạn:
Hành vi che, dán biển số nhằm mục đích trốn tránh trách nhiệm. Nếu người điều khiển phương tiện gây tai nạn giao thông thuộc trường hợp quy định tại khoản 1 Điều 260 Bộ luật Hình sự (làm chết người, gây thương tích 61% trở lên hoặc thiệt hại tài sản từ 100.000.000 đồng trở lên) rồi bỏ chạy thì bị truy cứu trách nhiệm hình sự theo điểm c khoản 2 Điều 260 Bộ luật Hình sự (tình tiết định khung tăng nặng: ""Bỏ chạy để trốn tránh trách nhiệm hoặc cố ý không cứu giúp người bị nạn"") với khung hình phạt tù từ 03 năm đến 10 năm.",https://bocongan.gov.vn/chinh-sach-phap-luat/chi-tiet-cau-hoi/6c20947a-bb92-4f7b-813a-9f2bd7defff1,
27,"Hiện nay, tình trạng xe gây tai nạn mà xe đó không thuộc sở hữu của người lái xe khá nhiều; chủ yếu là xe của các công ty kinh doanh vận tải thuê người lái. Cho tôi hỏi, theo quy định hiện hành, chủ phương tiện, người đứng đầu đơn vị kinh doanh vận tải có lái xe và phương tiện gây tai nạn giao thông nghiêm trọng sẽ phải chịu trách nhiệm gì? Trường hợp như thế nào thì bị truy cứu trách nhiệm hình sự?","Khi lái xe của đơn vị kinh doanh vận tải gây tai nạn giao thông nghiêm trọng, đơn vị vận tải phải liên đới bồi thường toàn bộ thiệt hại dân sự theo quy định của Bộ luật Dân sự; đơn vị vận tải bị xử phạt vi phạm hành chính và chủ xe, người quản lý, điều hành sẽ bị truy cứu trách nhiệm hình sự nếu có hành vi điều động, giao xe cho người không đủ điều kiện hoặc đưa xe không bảo đảm an toàn kỹ thuật tham gia giao thông.

Căn cứ pháp lý:
- Điều 597, Điều 600, Điều 601 Bộ luật Dân sự số 91/2015/QH13. 
- Điểm e khoản 1 Điều 57, Điểm đ khoản 1 Điều 60 Luật Đường bộ số 35/2024/QH15. 
- Khoản 1 Điều 64 Luật Trật tự, an toàn giao thông đường bộ số 36/2024/QH15 (sửa đổi, bổ sung bởi Luật số 118/2025/QH15). 
- Nghị định số 158/2024/NĐ-CP và Nghị định số 218/2026/NĐ-CP (Văn bản hợp nhất số 58/2026/VBHN-BXD). 
- Điểm b khoản 8, điểm b khoản 12 Điều 26 Nghị định số 168/2024/NĐ-CP (được sửa đổi, bổ sung bởi Nghị định số 238/2026/NĐ-CP); Nghị định số 336/2025/NĐ-CP. 
- Điều 262, Điều 263, Điều 264 Bộ luật Hình sự số 100/2015/QH13 (sửa đổi, bổ sung năm 2017).

Nội dung giải đáp chi tiết:
1. Trách nhiệm bồi thường dân sự của doanh nghiệp vận tải:
- Căn cứ Điều 597 và Điều 600 Bộ luật Dân sự 2015, pháp nhân và cá nhân kinh doanh vận tải phải bồi thường thiệt hại do người của mình (lái xe được thuê, nhân viên) gây ra trong khi thực hiện nhiệm vụ được giao. Đồng thời, theo Điều 601 Bộ luật Dân sự 2015, xe ô tô là nguồn nguy hiểm cao độ, chủ sở hữu hoặc người được giao chiếm hữu, sử dụng phải bồi thường thiệt hại ngay cả khi không có lỗi. 
- Căn cứ điểm e khoản 1 Điều 57 và điểm đ khoản 1 Điều 60 Luật Đường bộ 2024, đơn vị kinh doanh vận tải chịu trách nhiệm hoặc liên đới chịu trách nhiệm về hậu quả do người lao động gây ra. Sau khi đã bồi thường cho nạn nhân, doanh nghiệp vận tải có quyền yêu cầu người lái xe có lỗi phải hoàn trả lại một khoản tiền theo quy định của pháp luật lao động và hợp đồng đã giao kết.
2. Trách nhiệm xử phạt vi phạm hành chính:
Đơn vị kinh doanh vận tải bị kiểm tra và xử phạt vi phạm hành chính theo Nghị định số 168/2024/NĐ-CP và Nghị định số 336/2025/NĐ-CP nếu có các hành vi vi phạm về quản lý kinh doanh vận tải:
- Vi phạm quy định về kinh doanh, điều kiện kinh doanh vận tải bằng xe ô tô để xảy ra tai nạn giao thông gây hậu quả từ mức nghiêm trọng trở lên: Phạt tiền từ 10.000.000 đồng đến 12.000.000 đồng đối với cá nhân, từ 20.000.000 đồng đến 24.000.000 đồng đối với tổ chức kinh doanh vận tải (điểm b khoản 8 Điều 26 Nghị định số 168/2024/NĐ-CP), đồng thời bị tước quyền sử dụng Giấy phép kinh doanh vận tải từ 01 tháng đến 03 tháng. 
- Không theo dõi thiết bị giám sát hành trình, thiết bị ghi nhận hình ảnh người lái xe; để lái xe làm việc quá thời gian quy định (lái xe liên tục quá 04 giờ theo khoản 1 Điều 64 Luật TTATGTĐB 2024 sửa đổi bởi Luật số 118/2025/QH15); không tổ chức khám sức khỏe định kỳ cho lái xe; đưa phương tiện không bảo đảm an toàn kỹ thuật tham gia giao thông.
3. Trường hợp chủ phương tiện, người quản lý bị truy cứu trách nhiệm hình sự:
Chủ xe, người quản lý, điều hành doanh nghiệp vận tải không trực tiếp điều khiển xe nhưng sẽ bị khởi tố hình sự trong các trường hợp sau:
- Tội điều động người không đủ điều kiện điều khiển phương tiện tham gia giao thông đường bộ (Điều 263 Bộ luật Hình sự): Áp dụng đối với người có thẩm quyền trong đơn vị vận tải biết rõ người lái xe không có Giấy phép lái xe phù hợp, không đủ sức khỏe, độ tuổi hoặc đang có nồng độ cồn, sử dụng chất ma túy/chất kích thích khác mà vẫn điều động điều khiển xe gây tai nạn dẫn đến hậu quả nghiêm trọng (làm chết người, thương tích từ 61% trở lên hoặc thiệt hại tài sản từ 100.000.000 đồng trở lên). Khung hình phạt tù từ 01 năm đến 03 năm (khoản 1), từ 02 năm đến 07 năm (khoản 2) và cao nhất từ 05 năm đến 12 năm tù (khoản 3). 
- Tội giao cho người không đủ điều kiện điều khiển phương tiện tham gia giao thông đường bộ (Điều 264 Bộ luật Hình sự): Áp dụng đối với chủ xe, người quản lý phương tiện giao xe cho người không đủ điều kiện điều khiển xe gây tai nạn nghiêm trọng. Khung hình phạt tiền từ 10.000.000 đồng đến 200.000.000 đồng, phạt cải tạo không giam giữ hoặc phạt tù từ 06 tháng đến 07 năm. 
- Tội đưa vào sử dụng phương tiện giao thông cơ giới đường bộ không bảo đảm an toàn (Điều 262 Bộ luật Hình sự): Áp dụng đối với người chịu trách nhiệm trực tiếp về việc điều động hoặc về tình trạng kỹ thuật mà cho phép đưa vào sử dụng xe ô tô rõ ràng không bảo đảm tiêu chuẩn an toàn kỹ thuật gây tai nạn nghiêm trọng. Mức hình phạt tù từ 06 tháng đến 10 năm tù.",https://bocongan.gov.vn/chinh-sach-phap-luat/chi-tiet-cau-hoi/55a02637-b34d-45e4-bb38-22d9f8a9ad0e,
28,"Vừa qua, dư luận rất bức xúc vì vụ việc hai vợ chồng giúp đỡ người gặp tai nạn giao thông ở Vân Đồn, Quảng Ninh nhưng lại bị tố cáo là người gây tai nạn. Về việc này, cho tôi hỏi một số nội dung sau:
- Nếu sau khi giúp đỡ người gặp tai nạn giao thông nhưng lại bị tố cáo là người gây tai nạn thì bản thân người giúp đỡ phải làm gì? Cơ quan Công an có giải pháp gì để tránh xảy ra oan sai trong các vụ việc như thế này?
- Trường hợp nhìn thấy người bị tai nạn giao thông mà không cứu giúp thì theo quy định sẽ bị xử lý như thế nào?","Người giúp đỡ nạn nhân TNGT bị tố cáo oan cần bình tĩnh phối hợp cung cấp hình ảnh, camera hành trình, nhân chứng để cơ quan CSGT điều tra giải quyết theo đúng quy trình; trường hợp nhìn thấy người gặp nạn đang trong tình trạng nguy hiểm đến tính mạng mà có điều kiện cứu giúp nhưng cố ý bỏ mặc không cứu giúp thì có thể bị phạt tiền hoặc phạt tù lên đến 07 năm theo Bộ luật Hình sự.

Căn cứ pháp lý:
- Khoản 5 Điều 3, Khoản 26 Điều 9, Khoản 2 Điều 80, Khoản 3 Điều 85 Luật Trật tự, an toàn giao thông đường bộ số 36/2024/QH15. 
- Khoản 8 và Điểm c khoản 15 Điều 6; Điểm c khoản 9 và Điểm c khoản 12 Điều 7; Điểm a khoản 6 Điều 12 Nghị định số 168/2024/NĐ-CP (được sửa đổi, bổ sung bởi Nghị định số 238/2026/NĐ-CP). 
- Điều 132 Bộ luật Hình sự số 100/2015/QH13 (sửa đổi, bổ sung năm 2017). 
- Thông tư số 72/2024/TT-BCA của Bộ Công an quy định quy trình điều tra, giải quyết tai nạn giao thông đường bộ.

Nội dung giải đáp chi tiết:
1. Người giúp đỡ nạn nhân bị tố cáo oan cần làm gì? Cơ quan Công an tránh oan sai thế nào?
- Người giúp đỡ cần: Cung cấp đầy đủ thông tin, dữ liệu camera hành trình trên xe mình, video clip quay tại hiện trường (nếu có); chỉ rõ những người dân xung quanh cùng tham gia cấp cứu để cơ quan Công an ghi nhận lời khai nhân chứng; yêu cầu Cảnh sát giao thông kiểm tra phương tiện của mình xem có dấu vết va chạm, trầy xước, dính mẫu sơn hoặc mẫu máu của nạn nhân hay không. 
- Quyền lợi pháp lý của người giúp đỡ: Căn cứ Khoản 5 Điều 3 và Khoản 3 Điều 85 Luật số 36/2024/QH15, người tham gia hỗ trợ, cứu chữa người bị nạn được bảo vệ danh dự, đền bù thiệt hại tài sản (nếu có) và được Quỹ giảm thiểu thiệt hại tai nạn giao thông đường bộ chi hỗ trợ kinh phí theo quy định. 
- Cơ quan Công an giải quyết tránh oan sai: Theo Thông tư số 72/2024/TT-BCA, việc chứng minh người gây tai nạn phải dựa trên chứng cứ khoa học khách quan thông qua khám nghiệm hiện trường, khám nghiệm phương tiện, giám định dấu vết cơ học va chạm trên các xe, trích xuất hệ thống camera giao thông/an ninh và kết quả giám định pháp y, tuyệt đối không chỉ dựa vào lời tố cáo một chiều.
2. Chế tài đối với hành vi thấy người bị TNGT mà không cứu giúp:
- Xử lý hình sự (Điều 132 Bộ luật Hình sự - Tội không cứu giúp người đang ở trong tình trạng nguy hiểm đến tính mạng): Người nào thấy người khác đang ở trong tình trạng nguy hiểm đến tính mạng, tuy có điều kiện mà không cứu giúp dẫn đến hậu quả người đó chết thì bị phạt cảnh cáo, phạt cải tạo không giam giữ đến 02 năm hoặc phạt tù từ 03 tháng đến 02 năm; trường hợp người không cứu giúp là người đã gây ra tai nạn thì bị phạt tù từ 01 năm đến 05 năm; trường hợp làm 02 người chết trở lên thì bị phạt tù từ 03 năm đến 07 năm. 
- Xử phạt hành chính (nếu chưa đến mức truy cứu trách nhiệm hình sự):
+ Người qua đường thấy người bị nạn mà có điều kiện cố ý không cứu giúp: Phạt tiền từ 500.000 đồng đến 1.000.000 đồng đối với cá nhân (từ 1.000.000 đồng đến 2.000.000 đồng đối với tổ chức) theo điểm a khoản 6 Điều 12 Nghị định số 168/2024/NĐ-CP. 
+ Người trực tiếp liên quan đến vụ tai nạn gây tai nạn mà không dừng lại, không cứu giúp người bị nạn: Đối với người điều khiển xe ô tô bị phạt tiền từ 16.000.000 đồng đến 18.000.000 đồng và bị trừ 06 điểm Giấy phép lái xe (khoản 8, điểm c khoản 15 Điều 6 Nghị định số 168/2024/NĐ-CP); đối với người điều khiển xe mô tô bị phạt tiền từ 6.000.000 đồng đến 8.000.000 đồng và bị trừ 06 điểm Giấy phép lái xe (điểm c khoản 9, điểm c khoản 12 Điều 7 Nghị định số 168/2024/NĐ-CP).",https://bocongan.gov.vn/chinh-sach-phap-luat/chi-tiet-cau-hoi/47d4461b-54d6-4c89-b61e-1cc0ddfa1570,
29,"Tôi được biết, theo quy định thì người đủ 16 tuổi trở lên được lái xe gắn máy có dung tích xi-lanh dưới 50 cm3. Tôi muốn hỏi, trường hợp người chưa đủ 16 tuổi lái xe gắn máy có dung tích xi-lanh dưới 50 cm3 mà không đội mũ bảo hiểm, lạng lách đánh võng gây va chạm với phương tiện tham gia giao thông khác thì bị xử phạt như thế nào? Ngoài ra, chủ của xe gắn máy cho người chưa đủ 16 tuổi mượn xe có bị xử phạt không?","Người chưa đủ 16 tuổi điều khiển xe gắn máy dưới 50cc lạng lách đánh võng gây tai nạn sẽ bị xử phạt Cảnh cáo và bị tạm giữ phương tiện; chủ xe giao xe cho người chưa đủ 16 tuổi bị phạt tiền từ 8.000.000 đồng đến 10.000.000 đồng và bị truy cứu trách nhiệm hình sự nếu vụ tai nạn gây hậu quả nghiêm trọng theo quy định của Bộ luật Hình sự.

Căn cứ pháp lý:
- Khoản 7 Điều 9, Khoản 1 Điều 56, Khoản 1 Điều 59 Luật Trật tự, an toàn giao thông đường bộ số 36/2024/QH15. 
- Khoản 1 Điều 5, Điều 22, Khoản 3 Điều 134, Điều 125 Luật Xử lý vi phạm hành chính số 15/2012/QH13 (sửa đổi, bổ sung năm 2020). 
- Khoản 1 Điều 18, Khoản 10 Điều 32, Điểm d khoản 1 Điều 48 Nghị định số 168/2024/NĐ-CP (được sửa đổi, bổ sung bởi Nghị định số 238/2026/NĐ-CP). 
- Điều 586 Bộ luật Dân sự số 91/2015/QH13. 
- Điều 264 Bộ luật Hình sự số 100/2015/QH13 (sửa đổi, bổ sung năm 2017).

Nội dung giải đáp chi tiết:
1. Xử phạt đối với người chưa đủ 16 tuổi điều khiển xe:
- Căn cứ khoản 1 Điều 59 Luật TTATGTĐB 2024, người đủ 16 tuổi trở lên mới được điều khiển xe gắn máy. Người chưa đủ 16 tuổi điều khiển xe gắn máy là vi phạm quy định về điều kiện độ tuổi. 
- Căn cứ khoản 1 Điều 5, Điều 22 và khoản 3 Điều 134 Luật Xử lý vi phạm hành chính, khoản 1 Điều 18 Nghị định số 168/2024/NĐ-CP, người từ đủ 14 tuổi đến dưới 16 tuổi điều khiển xe mô tô, xe gắn máy chỉ bị áp dụng hình thức xử phạt Cảnh cáo bằng văn bản, không bị áp dụng hình thức phạt tiền. 
- Căn cứ điểm d khoản 1 Điều 48 Nghị định số 168/2024/NĐ-CP và Điều 125 Luật Xử lý vi phạm hành chính, phương tiện do người dưới 16 tuổi điều khiển vi phạm bị Cảnh sát giao thông tạm giữ theo thủ tục hành chính để ngăn chặn ngay hành vi vi phạm tiếp diễn và bảo đảm xử lý đối với chủ xe.
2. Xử phạt đối với chủ xe cho người chưa đủ 16 tuổi mượn/giao xe:
Căn cứ khoản 10 Điều 32 Nghị định số 168/2024/NĐ-CP, phạt tiền từ 8.000.000 đồng đến 10.000.000 đồng đối với cá nhân (từ 16.000.000 đồng đến 20.000.000 đồng đối với tổ chức) là chủ xe mô tô, xe gắn máy thực hiện hành vi giao xe hoặc để cho người không đủ điều kiện theo quy định tại khoản 1 Điều 56 Luật TTATGTĐB điều khiển xe tham gia giao thông.
3. Trách nhiệm bồi thường và hình sự khi xảy ra tai nạn:
- Về trách nhiệm bồi thường dân sự (Điều 586 Bộ luật Dân sự 2015): 
+ Nếu người gây tai nạn chưa đủ 15 tuổi: Cha, mẹ phải bồi thường toàn bộ thiệt hại; nếu tài sản của cha, mẹ không đủ bồi thường mà con có tài sản riêng thì lấy tài sản riêng của con để bồi thường phần còn thiếu. 
+ Nếu người gây tai nạn từ đủ 15 tuổi đến dưới 18 tuổi: Phải bồi thường bằng tài sản của mình; nếu không đủ tài sản thì cha, mẹ phải bồi thường phần còn thiếu. 
- Về trách nhiệm hình sự đối với chủ xe (Điều 264 Bộ luật Hình sự - Tội giao cho người không đủ điều kiện điều khiển phương tiện tham gia giao thông đường bộ): Chủ xe biết rõ người được giao xe chưa đủ tuổi, chưa đủ điều kiện điều khiển xe mà vẫn giao xe dẫn đến tai nạn làm chết người, gây thương tích cho người khác tổn thương cơ thể từ 61% trở lên hoặc thiệt hại tài sản từ 100.000.000 đồng trở lên sẽ bị xử lý hình sự: 
+ Khung 1 (khoản 1): Làm chết 01 người; thương tích 01 người từ 61% trở lên; thương tích từ 02 người tổng 61% đến 121%; thiệt hại tài sản từ 100.000.000 đồng đến dưới 500.000.000 đồng: phạt tiền từ 10.000.000 đồng đến 50.000.000 đồng hoặc phạt cải tạo không giam giữ đến 03 năm. 
+ Khung 2 (khoản 2): Làm chết 02 người; thương tích từ 02 người tổng 122% đến 200%; thiệt hại tài sản từ 500.000.000 đồng đến dưới 1.500.000.000 đồng: phạt tiền từ 50.000.000 đồng đến 200.000.000 đồng hoặc phạt tù từ 06 tháng đến 03 năm. 
+ Khung 3 (khoản 3): Làm chết 03 người trở lên; thương tích từ 03 người tổng 201% trở lên; thiệt hại tài sản từ 1.500.000.000 đồng trở lên: phạt tù từ 02 năm đến 07 năm. 
+ Hình phạt bổ sung (khoản 4): Người phạm tội còn có thể bị phạt tiền từ 10.000.000 đồng đến 30.000.000 đồng.",https://bocongan.gov.vn/chinh-sach-phap-luat/chi-tiet-cau-hoi/568b62fd-39e4-4645-8b77-7288b1749413,
30,"Vừa rồi, tại khu chung cư tôi đang sinh sống xảy ra vụ việc một tài xế điều khiển xe ô tô vào hầm để xe đã va chạm với xe máy khiến người đi xe máy bị thương và phương tiện hư hỏng nặng. Khi lực lượng an ninh của tòa nhà tới giải quyết hiện trường ban đầu thì tài xế ô tô khẳng định rằng vụ việc xảy ra ở hầm xe không phải trên đường nên tài xế không phải chịu trách nhiệm. Cho tôi hỏi, trong trường hợp này tài xế điều khiển xe ô tô có vi phạm quy định về an toàn giao thông đường bộ và phải chịu trách nhiệm trước pháp luật hay không?  ","Tài xế điều khiển xe ô tô gây va chạm trong hầm để xe chung cư hoàn toàn phải chịu trách nhiệm trước pháp luật; lập luận ""hầm xe không phải đường nên không chịu trách nhiệm"" là hoàn toàn sai trái, người gây tai nạn phải bồi thường toàn bộ thiệt hại dân sự, bị xử phạt vi phạm hành chính và bị truy cứu trách nhiệm hình sự nếu gây hậu quả nghiêm trọng.

Căn cứ pháp lý:
- Khoản 1 Điều 1, Điều 3, Khoản 4 Điều 10 Luật Trật tự, an toàn giao thông đường bộ số 36/2024/QH15. 
- Điều 2, Khoản 1 Điều 39 Luật Đường bộ số 35/2024/QH15. 
- Điều 584, Điều 585, Điều 589, Điều 590, Điều 601 Bộ luật Dân sự số 91/2015/QH13. 
- Điểm a khoản 10, Khoản 8, Điểm c khoản 15 Điều 6 Nghị định số 168/2024/NĐ-CP (được sửa đổi, bổ sung bởi Nghị định số 238/2026/NĐ-CP). 
- Điều 260 Bộ luật Hình sự số 100/2015/QH13 (sửa đổi, bổ sung năm 2017).

Nội dung giải đáp chi tiết:
1. Khẳng định trách nhiệm pháp lý:
- Căn cứ Điều 2 và Điều 39 Luật Đường bộ 2024, hầm để xe chung cư, bãi đỗ xe là công trình thuộc kết cấu hạ tầng giao thông tĩnh. Hầm xe được thiết kế tổ chức có đường dẫn, làn xe chạy, biển báo, vạch kẻ và là nơi có phương tiện, người tham gia di chuyển. 
- Căn cứ Luật Trật tự, an toàn giao thông đường bộ 2024, người điều khiển ô tô trong hầm xe bắt buộc phải tuân thủ quy tắc an toàn, đi đúng tốc độ cho phép, chú ý quan sát và nhường đường. Việc tai nạn xảy ra trong hầm xe không loại trừ bất kỳ trách nhiệm pháp lý nào của người gây tai nạn.
2. Trách nhiệm bồi thường thiệt hại dân sự:
- Căn cứ Điều 601 Bộ luật Dân sự 2015, xe ô tô đang vận hành được xác định là nguồn nguy hiểm cao độ. Chủ sở hữu, người chiếm hữu, vận hành nguồn nguy hiểm cao độ phải bồi thường thiệt hại do nguồn nguy hiểm cao độ gây ra ngay cả khi không có lỗi (trừ trường hợp thiệt hại xảy ra hoàn toàn do lỗi cố ý của người bị thiệt hại hoặc do tình thế cấp thiết, sự kiện bất khả kháng). 
- Căn cứ Điều 589 và Điều 590 Bộ luật Dân sự 2015, tài xế ô tô có lỗi dẫn đến tai nạn phải bồi toàn bộ chi phí cứu chữa, bồi dưỡng, phục hồi sức khỏe, thu nhập thực tế bị mất của nạn nhân, chi phí cho người chăm sóc, khoản tiền bù đắp tổn thất về tinh thần và toàn bộ chi phí sửa chữa phương tiện xe máy bị hư hỏng.
3. Trách nhiệm hình sự nếu gây hậu quả nghiêm trọng:
- Xử phạt vi phạm hành chính (nếu chưa đến mức hình sự): Căn cứ điểm a khoản 10 Điều 6 Nghị định số 168/2024/NĐ-CP, tài xế ô tô không quan sát, không giảm tốc độ hoặc vi phạm quy tắc an toàn gây tai nạn giao thông trong hầm xe bị phạt tiền từ 12.000.000 đồng đến 14.000.000 đồng và bị trừ từ 04 đến 10 điểm Giấy phép lái xe. Nếu gây tai nạn rồi bỏ chạy bị phạt tiền từ 16.000.000 đồng đến 18.000.000 đồng và bị trừ 06 điểm Giấy phép lái xe (khoản 8, điểm c khoản 15 Điều 6). 
- Truy cứu trách nhiệm hình sự (Điều 260 Bộ luật Hình sự - Tội vi phạm quy định về tham gia giao thông đường bộ): Nếu vụ va chạm trong hầm xe làm 01 người chết, gây thương tích cho 01 người từ 61% trở lên hoặc thiệt hại tài sản từ 100.000.000 đồng trở lên, tài xế ô tô sẽ bị khởi tố hình sự với khung hình phạt từ 01 năm đến 05 năm tù (khoản 1). Trường hợp không có Giấy phép lái xe, có nồng độ cồn/ma túy hoặc bỏ chạy để trốn tránh trách nhiệm thì bị phạt tù từ 03 năm đến 10 năm (khoản 2).",https://bocongan.gov.vn/chinh-sach-phap-luat/chi-tiet-cau-hoi/bc895192-330d-46a3-b741-fa19afce4083,
31,"Hiện nay, nạn đua xe trái phép có dấu hiệu xuất hiện trở lại và hậu quả của hành vi đua xe trái phép đang là một vấn đề gây bức xúc đối với người dân. Cho tôi hỏi, mức xử phạt đối với hành vi đua xe trái phép và người cổ vũ đua xe trái phép là như thế nào và 02 hành vi nêu trên được quy định xử phạt cụ thể tại văn bản nào?","Hành vi đua xe trái phép bị TỊCH THU PHƯƠNG TIỆN và bị TƯỚC QUYỀN SỬ DỤNG GIẤY PHÉP LÁI XE từ 22 tháng đến 24 tháng đối với người trực tiếp đua xe; người tụ tập cổ vũ, kích động đua xe bị phạt tiền từ 1.000.000 đồng đến 2.000.000 đồng; hành vi tổ chức đua xe trái phép bị phạt tiền từ 40.000.000 đồng đến 50.000.000 đồng; cả hai hành vi đua xe và tổ chức đua xe nếu đủ yếu tố cấu thành tội phạm đều bị xử lý hình sự rất nghiêm khắc với mức phạt tù cao nhất lên đến tù chung thân.

Căn cứ pháp lý:
- Khoản 4 Điều 9 Luật Trật tự, an toàn giao thông đường bộ số 36/2024/QH15. 
- Điều 35 Nghị định số 168/2024/NĐ-CP (được sửa đổi, bổ sung bởi Nghị định số 238/2026/NĐ-CP). 
- Điều 265, Điều 266 Bộ luật Hình sự số 100/2015/QH13 (sửa đổi, bổ sung năm 2017).

Mức xử phạt và chế tài cụ thể theo Điều 34 Nghị định 168/2024/NĐ-CP:
1. Mức xử phạt đối với người cổ vũ đua xe trái phép:
- Phạt tiền: Căn cứ khoản 1 Điều 35, phạt tiền từ 1.000.000 đồng đến 2.000.000 đồng đối với cá nhân thực hiện hành vi vi phạm tụ tập để cổ vũ, giúp sức, xúi giục hành vi điều khiển xe chạy quá tốc độ quy định, lạng lách, đánh võng, đuổi nhau trên đường hoặc đua xe trái phép.
2. Mức xử phạt đối với người trực tiếp đua xe trái phép:
- Đối với người trực tiếp đua xe trái phép: Căn cứ khoản 3 Điều 35, áp dụng hình thức xử phạt TỊCH THU PHƯƠNG TIỆN đối với người điều khiển xe đạp, xe đạp máy, xe gắn máy, xe mô tô, xe ô tô đua trái phép trên đường giao thông. 
- Hình thức xử phạt bổ sung đối với người đua xe ô tô, mô tô: Bị tước quyền sử dụng Giấy phép lái xe từ 22 tháng đến 24 tháng theo khoản 4 Điều 35. 
- Đối với hành vi tổ chức đua xe trái phép (chưa đến mức hình sự): Căn cứ khoản 2 Điều 35, phạt tiền từ 40.000.000 đồng đến 50.000.000 đồng đối với cá nhân, từ 80.000.000 đồng đến 100.000.000 đồng đối với tổ chức.
3. Truy cứu trách nhiệm hình sự (Bộ luật Hình sự năm 2015):
- Tội tổ chức đua xe trái phép (Điều 265 Bộ luật Hình sự): 
+ Khung 1 (khoản 1): Phạt tiền từ 30.000.000 đồng đến 100.000.000 đồng, phạt cải tạo không giam giữ đến 03 năm hoặc phạt tù từ 01 năm đến 05 năm. 
+ Khung 2 (khoản 2): Phạt tù từ 04 năm đến 10 năm nếu cho 02 xe đua trở lên, tổ chức nơi đông dân cư, tháo chạy khi bị truy đuổi hoặc gây thương tích cho 01 người từ 61% trở lên. 
+ Khung 3 (khoản 3): Phạt tù từ 08 năm đến 15 năm nếu làm chết 02 người hoặc gây thương tích cho từ 02 người tổng tỷ lệ từ 122% đến 200%. 
+ Khung 4 (khoản 4): Phạt tù từ 12 năm đến 20 năm hoặc tù chung thân nếu làm chết 03 người trở lên, gây thương tích cho từ 03 người tổng tỷ lệ 201% trở lên hoặc thiệt hại tài sản từ 1,5 tỷ đồng trở lên. 
+ Hình phạt bổ sung (khoản 5): Người phạm tội còn có thể bị phạt tiền từ 10.000.000 đồng đến 50.000.000 đồng. 
- Tội đua xe trái phép (Điều 266 Bộ luật Hình sự): 
+ Khung 1 (khoản 1): Phạt tiền từ 10.000.000 đồng đến 50.000.000 đồng, phạt cải tạo không giam giữ đến 02 năm hoặc phạt tù từ 06 tháng đến 03 năm (khi gây thương tích cho 01 người từ 31% đến 60%, thiệt hại tài sản từ 50 triệu đến dưới 100 triệu đồng hoặc đã bị xử phạt VPHC/đã bị kết án chưa được xóa án tích). 
+ Khung 2 (khoản 2): Phạt tù từ 03 năm đến 10 năm nếu gây thương tích cho 01 người 61% trở lên, làm chết 01 người hoặc tháo chạy khi bị truy đuổi. 
+ Khung 3 (khoản 3): Phạt tù từ 07 năm đến 15 năm nếu làm chết 03 người trở lên, gây thương tích cho từ 03 người tổng tỷ lệ 201% trở lên hoặc thiệt hại tài sản từ 1,5 tỷ đồng trở lên. 
+ Hình phạt bổ sung (khoản 4): Người phạm tội còn có thể bị phạt tiền từ 10.000.000 đồng đến 50.000.000 đồng.",https://bocongan.gov.vn/chinh-sach-phap-luat/chi-tiet-cau-hoi/a5405c0a-ec08-43d0-b731-3a5cbe5a9fcd,
32,"Tôi muốn hỏi về thời gian theo quy định để giải quyết một vụ tai nạn giao thông (trường hợp không khởi tố vụ án, hai bên đã giải quyết dân sự) là bao nhiêu ngày và được quy định cụ thể trong văn bản nào?","Thời hạn theo quy định pháp luật để Cảnh sát giao thông điều tra, xác minh, giải quyết một vụ tai nạn giao thông không có dấu hiệu tội phạm (không khởi tố vụ án, các bên đã thỏa thuận dân sự) là không quá 07 ngày làm việc kể từ ngày nhận tin báo; trường hợp phức tạp được kéo dài không quá 01 tháng hoặc tối đa không quá 02 tháng.

Căn cứ pháp lý:
- Điều 17, Điều 18, Khoản 6 Điều 19 Thông tư số 72/2024/TT-BCA của Bộ trưởng Bộ Công an quy định quy trình điều tra, giải quyết tai nạn giao thông đường bộ của Cảnh sát giao thông. 
- Điều 66 Luật Xử lý vi phạm hành chính số 15/2012/QH13 (sửa đổi, bổ sung năm 2020). 
- Nghị định số 168/2024/NĐ-CP (được sửa đổi, bổ sung bởi Nghị định số 238/2026/NĐ-CP).

Quy định cụ thể về thời gian giải quyết (Điều 17 Thông tư 72/2024/TT-BCA):
1. Thời hạn điều tra, xác minh, giải quyết:
- Thời hạn thông thường: Vụ tai nạn giao thông đường bộ không có dấu hiệu tội phạm thì Cảnh sát giao thông phải tiến hành điều tra, xác minh, giải quyết trong thời hạn không quá 07 ngày làm việc, kể từ ngày nhận được tin báo về vụ tai nạn (khoản 1 Điều 17). 
- Trường hợp vụ việc có nhiều tình tiết phức tạp: Cần phải xác minh thêm hoặc phải thông qua giám định chuyên môn thì thời hạn có thể được lãnh đạo có thẩm quyền phê duyệt kéo dài nhưng không quá 01 tháng kể từ ngày nhận được tin báo về vụ tai nạn (khoản 1 Điều 17). 
- Trường hợp đặc biệt: Cần phải có thêm thời gian để xác minh, thu thập tài liệu, chứng cứ thì tiếp tục được kéo dài, thời hạn kéo dài không quá 02 tháng kể từ ngày nhận được tin báo về vụ tai nạn (khoản 1 Điều 17).
2. Quy trình giải quyết khi các bên thỏa thuận bồi thường dân sự (Điều 18 Thông tư số 72/2024/TT-BCA):
- Căn cứ khoản 3 và khoản 6 Điều 18 Thông tư số 72/2024/TT-BCA, Cảnh sát giao thông hướng dẫn các bên tự thỏa thuận bồi thường thiệt hại dân sự tại trụ sở hoặc ghi nhận đơn thỏa thuận tại hiện trường đối với vụ va chạm nhẹ. Trường hợp không thỏa thuận được thì lập biên bản hướng dẫn các bên khởi kiện ra Tòa án nhân dân có thẩm quyền giải quyết theo thủ tục tố tụng dân sự. 
- Việc các bên tự nguyện hòa giải, bồi thường thiệt hại dân sự không đồng nghĩa với việc chấm dứt quy trình xử lý hành chính. Cảnh sát giao thông vẫn phải lập biên bản vi phạm hành chính và ra quyết định xử phạt vi phạm hành chính đối với các hành vi vi phạm trật tự, an toàn giao thông đường bộ đã dẫn đến vụ tai nạn theo quy định tại Nghị định số 168/2024/NĐ-CP.
3. Thời hạn hoàn thành hồ sơ và ra quyết định xử phạt: 
- Duyệt trạng thái hoàn thành vụ tai nạn: Trong thời hạn 07 ngày làm việc kể từ ngày kết thúc điều tra, xác minh, giải quyết vụ tai nạn, cán bộ Cảnh sát giao thông báo cáo lãnh đạo đơn vị có thẩm quyền duyệt trạng thái hoàn thành vụ tai nạn giao thông trên Phần mềm Tổng hợp, đồng bộ dữ liệu và xử lý tai nạn giao thông (khoản 6 Điều 19 Thông tư số 72/2024/TT-BCA). 
- Ra quyết định xử phạt vi phạm hành chính: Căn cứ Điều 66 Luật Xử lý vi phạm hành chính, người có thẩm quyền phải ra quyết định xử phạt vi phạm hành chính trong thời hạn 07 ngày làm việc kể từ ngày lập biên bản vi phạm hành chính (trường hợp vụ việc có giải trình hoặc xác minh tình tiết phức tạp thì thời hạn ra quyết định là 01 tháng hoặc tối đa 02 tháng).",https://bocongan.gov.vn/chinh-sach-phap-luat/chi-tiet-cau-hoi/3acc46ea-0a34-4aa0-8bcb-45eb08cf5693,
33,"Cho tôi hỏi, người đi bộ trên đường cao tốc sai quy định không may va chạm với các phương tiện giao thông dẫn đến tử vong thì tài xế có bị xử lý hay không? Và nếu trường hợp người đi bộ sai quy định trên đường cao tốc gây tai nạn nghiêm trọng có bị xử phạt hay không? ","Người đi bộ đi vào đường cao tốc trái quy định bị xử phạt tiền từ 400.000 đồng đến 600.000 đồng và bị truy cứu trách nhiệm hình sự nếu gây tai nạn nghiêm trọng; tài xế ô tô va chạm tử vong người đi bộ này sẽ KHÔNG BỊ TRUY CỨU TRÁCH NHIỆM HÌNH SỰ nếu chứng minh được đã đi đúng phần đường, đúng tốc độ quy định và vụ va chạm thuộc trường hợp sự kiện bất ngờ.

Căn cứ pháp lý:
- Khoản 3 Điều 25 Luật Trật tự, an toàn giao thông đường bộ số 36/2024/QH15. 
- Điểm a khoản 2 Điều 10 Nghị định số 168/2024/NĐ-CP (được sửa đổi, bổ sung bởi Nghị định số 238/2026/NĐ-CP). 
- Điều 20, Điều 260, Điểm a khoản 2 Điều 261 Bộ luật Hình sự số 100/2015/QH13 (sửa đổi, bổ sung năm 2017). 
- Khoản 2 Điều 584, Điểm a khoản 3 Điều 601 Bộ luật Dân sự số 91/2015/QH13.

Nội dung giải đáp chi tiết:
1. Xử lý đối với người đi bộ đi vào đường cao tốc:
- Quy định cấm: Căn cứ khoản 3 Điều 25 Luật Trật tự, an toàn giao thông đường bộ số 36/2024/QH15, người đi bộ không được đi trên đường cao tốc (trừ người, phương tiện giao thông đường bộ và thiết bị phục vụ việc quản lý, bảo trì đường cao tốc). 
- Xử phạt hành chính: Căn cứ điểm a khoản 2 Điều 10 Nghị định số 168/2024/NĐ-CP, phạt tiền từ 400.000 đồng đến 600.000 đồng đối với người đi bộ thực hiện hành vi đi vào đường cao tốc. 
- Truy cứu trách nhiệm hình sự nếu gây tai nạn nghiêm trọng: Căn cứ Điều 260 và điểm a khoản 2 Điều 261 Bộ luật Hình sự năm 2015, nếu người đi bộ cố tình đi vào đường cao tốc gây cản trở giao thông dẫn đến các phương tiện tránh né đâm va nhau gây hậu quả làm chết người, thương tích từ 61% trở lên hoặc thiệt hại tài sản từ 100.000.000 đồng trở lên thì chính người đi bộ sẽ bị truy cứu trách nhiệm hình sự về Tội vi phạm quy định về tham gia giao thông đường bộ hoặc Tội cản trở giao thông đường bộ với mức phạt tiền từ 100.000.000 đồng đến 300.000.000 đồng hoặc phạt tù lên đến 10 năm.
2. Trách nhiệm của tài xế xe ô tô khi va chạm:
- Về trách nhiệm hình sự: Căn cứ Điều 20 Bộ luật Hình sự năm 2015 (Sự kiện bất ngờ), nếu tài xế tuân thủ đầy đủ tốc độ cho phép trên cao tốc, đi đúng làn đường, giữ khoảng cách an toàn và người đi bộ bất ngờ BẮNG QUA ĐƯỜNG ở vị trí không thể thấy trước hoặc không buộc phải thấy trước/không thể tránh được thì hành vi của tài xế thuộc trường hợp sự kiện bất ngờ, tài xế KHÔNG CÓ LỖI và KHÔNG BỊ TRUY CỨU trách nhiệm hình sự theo Điều 260 Bộ luật Hình sự (chỉ bị xem xét trách nhiệm hình sự nếu tài xế có lỗi vi phạm kèm theo như: chạy quá tốc độ, có nồng độ cồn/ma túy, không chú ý quan sát...). 
- Về trách nhiệm bồi thường dân sự: Căn cứ khoản 2 Điều 584 và điểm a khoản 3 Điều 601 Bộ luật Dân sự 2015, người gây thiệt hại không phải chịu trách nhiệm bồi thường và chủ sở hữu/người vận hành nguồn nguy hiểm cao độ (ô tô) được MIỄN TRỪ HOÀN TOÀN trách nhiệm bồi thường thiệt hại nếu thiệt hại xảy ra hoàn toàn do lỗi cố ý của người bị thiệt hại (cố tình đi vào đường cấm người đi bộ gây ra tai nạn).",https://bocongan.gov.vn/chinh-sach-phap-luat/chi-tiet-cau-hoi/c796393e-c000-4196-9c91-c003117e5fbb,
34,"Gần đây, nhiều vụ tai nạn giao thông nghiêm trọng liên quan đến tài xế uống rượu, bia. Cho tôi hỏi, mức xử phạt đối với tài xế uống rượu, bia điều khiển phương tiện tham gia giao thông là như thế nào? Và Bộ Công an có kế hoạch, chế tài như thế nào đối với người vi phạm? ","Người điều khiển phương tiện tham gia giao thông mà trong máu hoặc hơi thở có nồng độ cồn sẽ bị xử phạt tiền rất nặng (ô tô phạt cao nhất đến 40.000.000 đồng, xe máy đến 10.000.000 đồng), bị trừ từ 04 đến 10 điểm Giấy phép lái xe (Mức 1, Mức 2) hoặc bị TƯỚC QUYỀN SỬ DỤNG GIẤY PHÉP LÁI XE từ 22 tháng đến 24 tháng (Mức 3 và hành vi không chấp hành kiểm tra) và bị tạm giữ phương tiện; trường hợp gây tai nạn giao thông nghiêm trọng sẽ bị truy cứu trách nhiệm hình sự với khung hình phạt tù từ 03 năm đến 10 năm.

Căn cứ pháp lý:
- Khoản 2 Điều 9, Khoản 1 Điều 56 Luật Trật tự, an toàn giao thông đường bộ số 36/2024/QH15. 
- Khoản 6, Khoản 9, Khoản 11, Khoản 15, Khoản 16 Điều 6; Khoản 6, Khoản 8, Khoản 9, Khoản 12, Khoản 13 Điều 7; Điểm a, điểm b khoản 1 Điều 48 Nghị định số 168/2024/NĐ-CP (được sửa đổi, bổ sung bởi Nghị định số 238/2026/NĐ-CP). 
- Điều 125 Luật Xử lý vi phạm hành chính số 15/2012/QH13 (sửa đổi, bổ sung năm 2020). 
- Điểm b khoản 2 Điều 260 Bộ luật Hình sự số 100/2015/QH13 (sửa đổi, bổ sung năm 2017).

Mức xử phạt cụ thể theo Nghị định số 168/2024/NĐ-CP:
1. Đối với người điều khiển xe ô tô (Điều 6):
- Mức 1 (chưa vượt quá 50 mg/100 ml máu hoặc 0,25 mg/1 lít khí thở): Phạt tiền từ 6.000.000 đồng đến 8.000.000 đồng, bị trừ 04 điểm Giấy phép lái xe (điểm c khoản 6, điểm b khoản 16). 
- Mức 2 (vượt quá 50 mg đến 80 mg/100 ml máu hoặc 0,25 mg đến 0,4 mg/1 lít khí thở): Phạt tiền từ 18.000.000 đồng đến 20.000.000 đồng, bị trừ 10 điểm Giấy phép lái xe (điểm a khoản 9, điểm d khoản 16). 
- Mức 3 (vượt quá 80 mg/100 ml máu hoặc 0,4 mg/1 lít khí thở; hoặc không chấp hành yêu cầu kiểm tra nồng độ cồn): Phạt tiền từ 30.000.000 đồng đến 40.000.000 đồng, đồng thời bị áp dụng hình thức xử phạt bổ sung TƯỚC QUYỀN SỬ DỤNG GIẤY PHÉP LÁI XE từ 22 tháng đến 24 tháng (điểm a, điểm b khoản 11, điểm c khoản 15).
2. Đối với người điều khiển xe mô tô, xe gắn máy (Điều 7):
- Mức 1 (chưa vượt quá 50 mg/100 ml máu hoặc 0,25 mg/1 lít khí thở): Phạt tiền từ 2.000.000 đồng đến 3.000.000 đồng, bị trừ 04 điểm Giấy phép lái xe (điểm a khoản 6, điểm b khoản 13). 
- Mức 2 (vượt quá 50 mg đến 80 mg/100 ml máu hoặc 0,25 mg đến 0,4 mg/1 lít khí thở): Phạt tiền từ 6.000.000 đồng đến 8.000.000 đồng, bị trừ 10 điểm Giấy phép lái xe (điểm b khoản 8, điểm d khoản 13). 
- Mức 3 (vượt quá 80 mg/100 ml máu hoặc 0,4 mg/1 lít khí thở; hoặc không chấp hành yêu cầu kiểm tra nồng độ cồn): Phạt tiền từ 8.000.000 đồng đến 10.000.000 đồng, đồng thời bị áp dụng hình thức xử phạt bổ sung TƯỚC QUYỀN SỬ DỤNG GIẤY PHÉP LÁI XE từ 22 tháng đến 24 tháng (điểm d, điểm đ khoản 9, điểm c khoản 12).
3. Biện pháp ngăn chặn và chế tài hình sự:
- Tạm giữ phương tiện: Mọi trường hợp vi phạm nồng độ cồn hoặc từ chối kiểm tra nồng độ cồn đều bị Cảnh sát giao thông tạm giữ phương tiện theo quy định tại điểm a, điểm b khoản 1 Điều 48 Nghị định số 168/2024/NĐ-CP và Điều 125 Luật Xử lý vi phạm hành chính để ngăn chặn ngay hành vi vi phạm. 
- Chế tài hình sự: Người điều khiển phương tiện tham gia giao thông đường bộ mà trong máu hoặc hơi thở có nồng độ cồn gây tai nạn giao thông thuộc một trong các trường hợp quy định tại khoản 1 Điều 260 Bộ luật Hình sự (làm chết 01 người, gây thương tích 61% trở lên, gây thương tích cho từ 02 người tổng 61% - 121% hoặc thiệt hại tài sản từ 100.000.000 đồng trở lên) sẽ bị truy cứu trách nhiệm hình sự theo điểm b khoản 2 Điều 260 Bộ luật Hình sự năm 2015 (sửa đổi, bổ sung năm 2017) với khung hình phạt tù từ 03 năm đến 10 năm.",https://bocongan.gov.vn/chinh-sach-phap-luat/chi-tiet-cau-hoi/cce9380a-31c7-4812-b83b-5c7c0863145c,
35,"Gần đây, trên mạng xã hội xuất hiện nhiều đoạn clip ghi lại những vụ việc đập phá xe ô tô vì đỗ xe chắn trước cửa nhà dân. Bên cạnh đó, nhiều chủ nhà cho rằng khoảng không trước cửa nhà cũng thuộc quyền quản lý của mình nên cấm không cho tài xế đỗ xe. Cho tôi hỏi, hành vi đỗ xe chắn trước cửa nhà dân và hành vi phá hoại xe ô tô nêu trên sẽ bị xử phạt như thế nào?","Hành vi đỗ xe trước cửa nhà dân nếu không có biển cấm và không vi phạm quy tắc dừng đỗ đường bộ thì không vi phạm pháp luật; ngược lại, hành vi tự ý đập phá, cào xước, xịt sơn làm hư hỏng xe ô tô của người khác là hành vi phạm pháp nghiêm trọng, bị phạt tiền từ 3.000.000 đồng đến 5.000.000 đồng hoặc bị phạt tù đến 20 năm theo Điều 178 Bộ luật Hình sự.

Căn cứ pháp lý:
- Điều 18, Điều 19, Điều 77 Luật Trật tự, an toàn giao thông đường bộ số 36/2024/QH15. 
- Điều 2, Điều 39, Điều 73 Luật Đường bộ số 35/2024/QH15. 
- Điểm đ khoản 3, Điểm k khoản 5, Điểm a khoản 16 Điều 6 Nghị định số 168/2024/NĐ-CP (được sửa đổi, bổ sung bởi Nghị định số 238/2026/NĐ-CP). 
- Điểm a khoản 2, Điểm a khoản 3, Điểm c khoản 4 Điều 18 Nghị định số 282/2025/NĐ-CP của Chính phủ. 
- Điều 584, Điều 585, Điều 589 Bộ luật Dân sự số 91/2015/QH13. 
- Điều 178 Bộ luật Hình sự số 100/2015/QH13 (sửa đổi, bổ sung năm 2017).

Nội dung giải đáp chi tiết:
1. Về hành vi đỗ xe chắn trước cửa nhà dân:
- Theo Luật Trật tự, an toàn giao thông đường bộ 2024 và Luật Đường bộ 2024, lòng đường được sử dụng cho mục đích giao thông, vỉa hè sử dụng cho người đi bộ và là tài sản công cộng do Nhà nước quản lý. Chủ nhà không có quyền tự ý chiếm hữu hoặc cấm cản phương tiện đỗ tại phần lòng đường trước cửa nhà mình. 
- Nếu tuyến đường không có biển báo cấm dừng/cấm đỗ, tài xế đỗ xe sát mép đường phía bên phải theo chiều đi, bánh xe gần nhất không cách xa lề đường quá 0,25 mét, không cản trở lối đi công cộng và tuân thủ đúng quy tắc tại Điều 18 Luật TTATGTĐB 2024 thì hành vi đỗ xe là hoàn toàn đúng pháp luật. 
- Trường hợp đỗ xe vi phạm: Nếu đỗ xe tại nơi có biển cấm, nơi đường giao nhau, che khuất biển báo hoặc đỗ trên vỉa hè trái quy định thì bị phạt tiền từ 800.000 đồng đến 1.000.000 đồng (điểm đ khoản 3 Điều 6 Nghị định số 168/2024/NĐ-CP); nếu đỗ xe trái quy định gây ùn tắc giao thông thì bị phạt tiền từ 4.000.000 đồng đến 6.000.000 đồng và bị trừ 02 điểm Giấy phép lái xe (điểm k khoản 5, điểm a khoản 16 Điều 6 Nghị định số 168/2024/NĐ-CP).
2. Về hành vi đập phá xe ô tô (xử lý chủ nhà hoặc người phá hoại):
Pháp luật nghiêm cấm mọi hành vi tự ý xâm phạm, hủy hoại tài sản của người khác, bất kể phương tiện đó có đỗ sai quy định hay không:
- Xử phạt vi phạm hành chính: Căn cứ điểm a khoản 2 Điều 18 Nghị định số 282/2025/NĐ-CP, phạt tiền từ 3.000.000 đồng đến 5.000.000 đồng đối với hành vi hủy hoại hoặc cố ý làm hư hỏng tài sản của cá nhân, tổ chức khác mà chưa đến mức truy cứu trách nhiệm hình sự; đồng thời bị tịch thu tang vật, phương tiện vi phạm (điểm a khoản 3 Điều 18) và buộc khôi phục lại tình trạng ban đầu (điểm c khoản 4 Điều 18). 
- Bồi thường thiệt hại dân sự: Căn cứ Điều 584, Điều 585, Điều 589 Bộ luật Dân sự 2015, người có hành vi đập phá xe phải bồi toàn bộ chi phí sửa chữa, sơn lại xe, thay thế phụ tùng bị hư hỏng và các chi phí phát sinh thực tế do phương tiện bị ngưng hoạt động. 
- Truy cứu trách nhiệm hình sự (Điều 178 Bộ luật Hình sự - Tội hủy hoại hoặc cố ý làm hư hỏng tài sản):
+ Khung 1 (khoản 1): Thiệt hại tài sản trị giá từ 2.000.000 đồng đến dưới 50.000.000 đồng (hoặc dưới 2.000.000 đồng nhưng đã bị xử phạt VPHC/đã bị kết án chưa xóa án tích) bị phạt tiền từ 10.000.000 đồng đến 50.000.000 đồng, phạt cải tạo không giam giữ đến 03 năm hoặc phạt tù từ 06 tháng đến 03 năm. 
+ Khung 2 (khoản 2): Thiệt hại từ 50.000.000 đồng đến dưới 200.000.000 đồng bị phạt tù từ 02 năm đến 07 năm. 
+ Khung 3 (khoản 3): Thiệt hại từ 200.000.000 đồng đến dưới 500.000.000 đồng bị phạt tù từ 05 năm đến 10 năm. 
+ Khung 4 (khoản 4): Thiệt hại từ 500.000.000 đồng trở lên bị phạt tù từ 10 năm đến 20 năm. 
+ Hình phạt bổ sung (khoản 5): Người phạm tội còn có thể bị phạt tiền từ 10.000.000 đồng đến 100.000.000 đồng, cấm đảm nhiệm chức vụ, cấm hành nghề hoặc làm công việc nhất định từ 01 năm đến 05 năm.",https://bocongan.gov.vn/chinh-sach-phap-luat/chi-tiet-cau-hoi/c3e76e51-f4a1-4314-b144-aa4c1f1ca8a0,
36,"Em tôi đang điều khiển xe máy tham gia giao thông trên đường thì bất ngờ một chiếc ô tô 04 chỗ mở cửa khiến em tôi đâm vào cánh cửa ô tô đó và bị thương nặng. Cho tôi hỏi, người mở cửa ô tô đó có vi phạm pháp luật không và mức xử phạt như thế nào?","Người ngồi trên xe ô tô mở cửa xe không quan sát bảo đảm an toàn là hành vi vi phạm pháp luật, bị phạt tiền từ 2.000.000 đồng đến 3.000.000 đồng và bị trừ 02 điểm giấy phép lái xe đối với người lái xe (phạt từ 1.000.000 đồng đến 2.000.000 đồng đối với hành khách); trường hợp mở cửa xe gây tai nạn giao thông sẽ bị phạt tiền từ 20.000.000 đồng đến 22.000.000 đồng, bị trừ 10 điểm giấy phép lái xe và bị truy cứu trách nhiệm hình sự nếu gây hậu quả nghiêm trọng.

Căn cứ pháp lý:
- Khoản 1 và Khoản 2 Điều 19 Luật Trật tự, an toàn giao thông đường bộ số 36/2024/QH15. 
- Điểm q khoản 5, Điểm a khoản 10, Điểm a và Điểm d khoản 16 Điều 6; Điểm b khoản 2 Điều 33 Nghị định số 168/2024/NĐ-CP (được sửa đổi, bổ sung bởi Nghị định số 238/2026/NĐ-CP). 
- Điều 584, Điều 585, Điều 589, Điều 590 Bộ luật Dân sự số 91/2015/QH13\. 
- Điều 260 Bộ luật Hình sự số 100/2015/QH13 (sửa đổi, bổ sung năm 2017).

Mức xử phạt và chế tài cụ thể:
1. Xử phạt vi phạm hành chính đối với người điều khiển xe ô tô:
- Đối với người điều khiển xe ô tô: 
+ Mở cửa xe không bảo đảm an toàn thông thường: Phạt tiền từ 2.000.000 đồng đến 3.000.000 đồng (điểm q khoản 5 Điều 6) và bị trừ 02 điểm Giấy phép lái xe (điểm a khoản 16 Điều 6 Nghị định số 168/2024/NĐ-CP). 
+ Mở cửa xe không bảo đảm an toàn gây tai nạn giao thông: Phạt tiền từ 20.000.000 đồng đến 22.000.000 đồng (điểm a khoản 10 Điều 6) và bị trừ 10 điểm Giấy phép lái xe (điểm d khoản 16 Điều 6 Nghị định số 168/2024/NĐ-CP). 
- Đối với hành khách ngồi trên xe ô tô: Hành khách thực hiện hành vi mở cửa xe hoặc để cửa xe mở không bảo đảm an toàn khi xe đang chạy bị phạt tiền từ 1.000.000 đồng đến 2.000.000 đồng theo điểm b khoản 2 Điều 33 Nghị định số 168/2024/NĐ-CP.
2. Trách nhiệm bồi thường thiệt hại dân sự:
Người thực hiện hành vi mở cửa xe có lỗi gây tai nạn có trách nhiệm bồi toàn bộ thiệt hại thực tế gây ra bao gồm: toàn bộ chi phí cấp cứu, điều trị thương tật, phục hồi sức khỏe, thu nhập thực tế bị mất/giảm sút của nạn nhân và người chăm sóc, khoản tiền bù đắp tổn thất tinh thần (Điều 590) cùng toàn bộ chi phí sửa chữa phương tiện xe máy bị hư hỏng (Điều 589).
3. Truy cứu trách nhiệm hình sự (Điều 260 Bộ luật Hình sự - Tội vi phạm quy định về tham gia giao thông đường bộ):
Nếu vụ tai nạn do mở cửa xe gây ra hậu quả thuộc một trong các trường hợp quy định tại khoản 1 Điều 260 (làm chết 01 người, gây thương tích 01 người từ 61% trở lên, gây thương tích cho từ 02 người tổng tỷ lệ từ 61% đến 121%, hoặc thiệt hại tài sản từ 100.000.000 đồng đến dưới 500.000.000 đồng), người mở cửa xe sẽ bị khởi tố hình sự với khung hình phạt tiền từ 30.000.000 đồng đến 100.000.000 đồng, phạt cải tạo không giam giữ đến 03 năm hoặc phạt tù từ 01 năm đến 05 năm. Mức hình phạt tăng nặng lên từ 03 năm đến 10 năm tù (khoản 2) hoặc từ 07 năm đến 15 năm tù (khoản 3) nếu gây hậu quả đặc biệt nghiêm trọng.",https://bocongan.gov.vn/chinh-sach-phap-luat/chi-tiet-cau-hoi/de671670-aea4-4f57-a0d8-8302c2d32e12,
37,"Mới đây, tôi có lái xe ô tô xuống TP. Hà Nội, khi về Lào Cai tôi nhận được giấy thông báo của Phòng Cảnh sát giao thông TP. Hà Nội yêu cầu tôi đến giải quyết lỗi vi phạm điều khiển phương tiện chạy vào làn xe buýt nhanh. Tôi muốn hỏi, mức xử phạt khi điều khiển phương tiện chạy vào làn xe buýt nhanh được quy định tại văn bản nào? Thời hạn nộp phạt được gia hạn trong bao nhiêu ngày? ","Hành vi điều khiển xe ô tô chạy vào làn đường dành riêng cho xe buýt nhanh (BRT) bị phạt tiền từ 4.000.000 đồng đến 6.000.000 đồng và bị trừ 02 điểm giấy phép lái xe; thời hạn nộp phạt theo quy định là 10 ngày kể từ ngày nhận quyết định xử phạt, pháp luật không có quy định ""gia hạn tự động"" thời hạn nộp phạt và mỗi ngày chậm nộp sẽ bị tính thêm 0,05% trên tổng số tiền phạt chưa nộp.

Căn cứ pháp lý:
- Khoản 4 Điều 13 Luật Trật tự, an toàn giao thông đường bộ số 36/2024/QH15. 
- Điểm b khoản 5, Điểm a khoản 16 Điều 6 Nghị định số 168/2024/NĐ-CP (được sửa đổi, bổ sung bởi Nghị định số 238/2026/NĐ-CP). 
- Khoản 1 Điều 73, Điều 76, Điều 77, Khoản 1 Điều 78 Luật Xử lý vi phạm hành chính số 15/2012/QH13 (sửa đổi, bổ sung năm 2020).

Mức xử phạt và quy định về thời hạn nộp phạt:
1. Mức xử phạt đối với xe ô tô chạy vào làn BRT:
- Phạt tiền: Căn cứ điểm b khoản 5 Điều 6 Nghị định số 168/2024/NĐ-CP, phạt tiền từ 4.000.000 đồng đến 6.000.000 đồng đối với người điều khiển xe ô tô thực hiện hành vi: ""Đi không đúng phần đường hoặc làn đường quy định (bao gồm đi vào làn đường dành riêng cho xe buýt BRT)"". 
- Trừ điểm giấy phép lái xe: Bị trừ 02 điểm Giấy phép lái xe theo điểm a khoản 16 Điều 6 Nghị định số 168/2024/NĐ-CP.
2. Quy định về thời hạn nộp phạt và việc gia hạn:
- Thời hạn nộp phạt: Căn cứ khoản 1 Điều 73 Luật Xử lý vi phạm hành chính, thời hạn chấp hành nộp phạt là 10 ngày kể từ ngày nhận được quyết định xử phạt (trường hợp quyết định xử phạt có ghi thời hạn thi hành nhiều hơn 10 ngày thì thực hiện theo thời hạn đó). 
- Không có quy định gia hạn tự động: Pháp luật không tự động gia hạn thời hạn nộp phạt. Nếu quá thời hạn ghi trên quyết định xử phạt mà chưa nộp phạt, người vi phạm sẽ bị áp dụng biện pháp cưỡng chế thi hành và cứ mỗi ngày chậm nộp phạt thì phải nộp thêm 0,05% tính trên tổng số tiền phạt chưa nộp (khoản 1 Điều 78 Luật XLVPHC). 
- Trường hợp khó khăn đặc biệt: Nếu cá nhân vi phạm gặp khó khăn đặc biệt về kinh tế do thiên tai, thảm họa, hỏa hoạn, dịch bệnh, mắc bệnh hiểm nghèo, tai nạn thì phải gửi đơn đề nghị hoãn thi hành quyết định phạt tiền (Điều 76 Luật XLVPHC) hoặc giảm, miễn tiền phạt (Điều 77 Luật XLVPHC) kèm theo xác nhận của cơ quan có thẩm quyền gửi người đã ra quyết định xử phạt để được xem xét giải quyết. (Lưu ý: Thủ tục nộp tiền phạt nhiều lần theo Điều 79 Luật XLVPHC chỉ áp dụng đối với cá nhân bị phạt tiền từ 15.000.000 đồng trở lên nên không áp dụng đối với trường hợp xử phạt này).",https://bocongan.gov.vn/chinh-sach-phap-luat/chi-tiet-cau-hoi/5f573f99-51ae-4c62-8854-ff2e27e1bbd3,
38,"Nhiều lần tôi đã chứng kiến trường hợp người tham gia giao thông cản trở, không nhường đường cho các loại xe ưu tiên như cứu thương, xe dẫn đoàn, xe chữa cháy…, gây rất nhiều khó khăn cho việc di chuyển của xe ưu tiên. Cho tôi hỏi, những loại xe nào được quy định là xe ưu tiên và hành vi cản trở, không nhường đường cho xe ưu tiên đang thực hiện nhiệm vụ thì bị xử phạt như thế nào?","Pháp luật quy định 05 nhóm xe được quyền ưu tiên khi đi làm nhiệm vụ; hành vi không nhường đường hoặc gây cản trở xe ưu tiên đang phát tín hiệu ưu tiên sẽ bị phạt tiền từ 6.000.000 đồng đến 8.000.000 đồng và trừ 04 điểm GPLX đối với ô tô, phạt từ 2.000.000 đồng đến 3.000.000 đồng và trừ 02 điểm GPLX đối với xe máy.

Căn cứ pháp lý:
- Điều 27 Luật Trật tự, an toàn giao thông đường bộ số 36/2024/QH15 (sửa đổi, bổ sung bởi Luật số 118/2025/QH15). 
- Điểm b khoản 6, Điểm b khoản 16 Điều 6 Nghị định số 168/2024/NĐ-CP (đối với xe ô tô) (được sửa đổi, bổ sung bởi Nghị định số 238/2026/NĐ-CP). 
- Điểm đ khoản 7, Điểm b khoản 13 Điều 7 Nghị định số 168/2024/NĐ-CP (đối với xe mô tô) (được sửa đổi, bổ sung bởi Nghị định số 238/2026/NĐ-CP).

Nội dung giải đáp chi tiết:
1. Danh mục 05 loại xe được quyền ưu tiên (Điều 26 Luật TTATGTĐB 2024):
Khi đi làm nhiệm vụ, các phương tiện sau được quyền ưu tiên đi trước các xe khác khi qua đường giao nhau từ bất kỳ hướng nào tới theo thứ tự ưu tiên từ trên xuống dưới: 
1. Xe chữa cháy của Cảnh sát phòng cháy, chữa cháy và cứu nạn, cứu hộ và xe chữa cháy của các lực lượng khác được huy động đi làm nhiệm vụ chữa cháy; 
2. Xe của lực lượng quân sự, công an, kiểm sát đi làm nhiệm vụ khẩn cấp; đoàn xe có xe Cảnh sát giao thông dẫn đường; 
3. Xe cứu thương đi làm nhiệm vụ cấp cứu; 
4. Xe hộ đê đi làm nhiệm vụ; xe đi làm nhiệm vụ cứu nạn, cứu hộ, khắc phục sự cố thiên tai, dịch bệnh hoặc xe đi làm nhiệm vụ trong tình trạng khẩn cấp theo quy định của pháp luật; 
5. Đoàn xe tang. 
(Các xe ưu tiên quy định tại các nhóm 1, 2, 3 và 4 khi đi làm nhiệm vụ phải có tín hiệu ưu tiên còi, cờ, đèn theo quy định của pháp luật).
2. Mức xử phạt hành vi không nhường đường cho xe ưu tiên:
- Đối với người điều khiển xe ô tô:
  + Phạt tiền từ 6.000.000 đồng đến 8.000.000 đồng đối với hành vi ""Không nhường đường hoặc gây cản trở xe được quyền ưu tiên đang phát tín hiệu ưu tiên đi làm nhiệm vụ"" (điểm b khoản 6 Điều 6 Nghị định số 168/2024/NĐ-CP).
  + Trừ điểm giấy phép lái xe: Bị trừ 04 điểm Giấy phép lái xe (điểm b khoản 16 Điều 6 Nghị định số 168/2024/NĐ-CP).
- Đối với người điều khiển xe mô tô, xe gắn máy:
  + Phạt tiền từ 4.000.000 đồng đến 6.000.000 đồng đối với hành vi ""Không nhường đường hoặc gây cản trở xe được quyền ưu tiên đang phát tín hiệu ưu tiên đi làm nhiệm vụ"" (điểm đ khoản 7 Điều 7 Nghị định số 168/2024/NĐ-CP).
  + Trừ điểm giấy phép lái xe: Bị trừ 04 điểm Giấy phép lái xe (điểm b khoản 13 Điều 7 Nghị định số 168/2024/NĐ-CP).",https://bocongan.gov.vn/chinh-sach-phap-luat/chi-tiet-cau-hoi/e7d05504-436b-451a-82af-280b471312fa,
39,"Vừa qua, tôi bị lực lượng Cảnh sát giao thông lập biên bản và xử phạt 700.000 đồng do lỗi bật đèn ở chế độ chiếu xa (đèn pha) khi tham gia giao thông trong thành phố. Tôi muốn hỏi, trường hợp của tôi, mức phạt như vậy là đúng hay sai và quy định tại văn bản nào?","Mức phạt 700.000 đồng đối với lỗi bật đèn chiếu xa trong đô thị là mức phạt của văn bản cũ đã hết hiệu lực; theo quy định pháp luật hiện hành, hành vi bật đèn chiếu xa trong đô thị bị phạt tiền từ 800.000 đồng đến 1.000.000 đồng đối với ô tô, từ 200.000 đồng đến 400.000 đồng đối với xe máy và không bị trừ điểm giấy phép lái xe.

Căn cứ pháp lý:
- Điểm b khoản 2 Điều 20 Luật Trật tự, an toàn giao thông đường bộ số 36/2024/QH15.
- Điểm b khoản 3 Điều 6, Điểm h khoản 1 Điều 7 Nghị định số 168/2024/NĐ-CP (được sửa đổi, bổ sung bởi Nghị định số 238/2026/NĐ-CP).

Mức xử phạt và giải thích cụ thể:
1. Quy tắc sử dụng đèn chiếu sáng:
Căn cứ điểm b khoản 2 Điều 20 Luật Trật tự, an toàn giao thông đường bộ số 36/2024/QH15, người lái xe, người điều khiển xe máy chuyên dùng khi đi trên các đoạn đường qua khu đông dân cư có hệ thống chiếu sáng đang hoạt động bắt buộc phải tắt đèn chiếu xa, bật đèn chiếu gần (trừ các xe được quyền ưu tiên đang đi làm nhiệm vụ theo quy định).
2. Mức xử phạt theo Nghị định số 168/2024/NĐ-CP hiện hành:
- Đối với người điều khiển xe ô tô: Căn cứ điểm b khoản 3 Điều 6 Nghị định số 168/2024/NĐ-CP, phạt tiền từ 800.000 đồng đến 1.000.000 đồng đối với hành vi ""Sử dụng đèn chiếu xa khi đi trên đoạn đường qua khu dân cư có hệ thống chiếu sáng đang hoạt động"". 
- Đối với người điều khiển xe mô tô, xe gắn máy: Căn cứ điểm h khoản 1 Điều 7 Nghị định số 168/2024/NĐ-CP, phạt tiền từ 200.000 đồng đến 400.000 đồng đối với hành vi ""Sử dụng đèn chiếu xa khi đi trên đoạn đường qua khu dân cư có hệ thống chiếu sáng đang hoạt động"". 
- Trừ điểm giấy phép lái xe: Hành vi vi phạm này không thuộc các trường hợp bị trừ điểm Giấy phép lái xe.
3. Giải thích về mức phạt 700.000 đồng nêu trong câu hỏi:
Mức phạt 700.000 đồng trước đây là mức trung bình của khung phạt tiền từ 600.000 đồng đến 800.000 đồng theo Nghị định số 46/2016/NĐ-CP. Tuy nhiên, Nghị định số 46/2016/NĐ-CP đã hết hiệu lực thi hành từ lâu. Hiện nay, việc xử phạt vi phạm hành chính trong lĩnh vực giao thông đường bộ được áp dụng thống nhất theo Nghị định số 168/2024/NĐ-CP (sửa đổi năm 2026). Do đó, mức xử phạt tiền hiện tại đối với hành vi bật đèn chiếu xa trong đô thị khi lái ô tô là từ 800.000 đồng đến 1.000.000 đồng; nếu đi xe máy là từ 200.000 đồng đến 400.000 đồng.",https://bocongan.gov.vn/chinh-sach-phap-luat/chi-tiet-cau-hoi/e96abc26-244c-40be-8276-575195371fd7,
40,"Vừa qua, tôi tham gia giao thông trên đường có sử dụng tai nghe để nghe nhạc và đã bị Cảnh sát giao thông xử phạt lỗi sử dụng ô (dù), điện thoại di động, thiết bị âm thanh khi điều khiển xe mô tô, xe gắn máy. Tôi muốn hỏi rõ hơn về mức phạt đối với người đang điều khiển xe gắn máy sử dụng tai nghe để nghe nhạc và lỗi này quy định tại văn bản nào?","Người điều khiển xe mô tô, xe gắn máy sử dụng tai nghe để nghe nhạc khi tham gia giao thông bị phạt tiền từ 800.000 đồng đến 1.000.000 đồng và bị trừ 04 điểm giấy phép lái xe theo Nghị định số 168/2024/NĐ-CP hiện hành.

Căn cứ pháp lý:
- Khoản 6 Điều 9, Điểm c khoản 3 Điều 33 Luật Trật tự, an toàn giao thông đường bộ số 36/2024/QH15.
- Điểm đ khoản 4, Điểm b khoản 13 Điều 7 Nghị định số 168/2024/NĐ-CP (được sửa đổi, bổ sung bởi Nghị định số 238/2026/NĐ-CP).

Mức xử phạt và chế tài cụ thể:
1. Quy định cấm sử dụng thiết bị âm thanh:
- Căn cứ điểm c khoản 3 Điều 33 Luật Trật tự, an toàn giao thông đường bộ số 36/2024/QH15, người lái xe mô tô hai bánh, xe mô tô ba bánh, xe gắn máy không được thực hiện hành vi: ""Sử dụng ô, thiết bị âm thanh, trừ thiết bị trợ thính"". Đồng thời, khoản 6 Điều 9 Luật số 36/2024/QH15 nghiêm cấm hành vi dùng tay cầm và sử dụng điện thoại hoặc thiết bị điện tử khác khi điều khiển phương tiện tham gia giao thông đang di chuyển trên đường bộ. 
- Việc đeo tai nghe để nghe nhạc khi đang lái xe làm giảm khả năng nhận biết tín hiệu còi báo hiệu, còi xe ưu tiên và tiếng động giao thông xung quanh, tiềm ẩn nguy cơ cao dẫn đến tai nạn giao thông.
2. Mức xử phạt vi phạm hành chính (Điều 7 Nghị định 168/2024/NĐ-CP):
- Phạt tiền: Căn cứ điểm đ khoản 4 Điều 7 Nghị định số 168/2024/NĐ-CP, phạt tiền từ 800.000 đồng đến 1.000.000 đồng đối với người điều khiển xe mô tô, xe gắn máy (kể cả xe máy điện) thực hiện hành vi: ""Người đang điều khiển xe sử dụng ô (dù), thiết bị âm thanh (trừ thiết bị trợ thính), dùng tay cầm và sử dụng điện thoại hoặc các thiết bị điện tử khác"". 
- Trừ điểm giấy phép lái xe: Bị trừ 04 điểm Giấy phép lái xe theo điểm b khoản 13 Điều 7 Nghị định số 168/2024/NĐ-CP. 
(Lưu ý: Mức phạt cũ 100.000 đồng đến 200.000 đồng từ thời Nghị định số 46/2016/NĐ-CP đã bị bãi bỏ từ lâu. Hiện nay áp dụng khung phạt tiền từ 800.000 đồng đến 1.000.000 đồng và trừ 04 điểm Giấy phép lái xe nhằm siết chặt kỷ cương an toàn giao thông).",https://bocongan.gov.vn/chinh-sach-phap-luat/chi-tiet-cau-hoi/065e32b1-c9d4-4137-aaf3-a40ecfffbb7f,
41,"Mới đây, tôi lái xe ô tô tham gia giao thông trên đường thì bị CSGT xử phạt lỗi về khoảng cách an toàn. Tôi thấy rất ít người bị xử phạt lỗi liên quan đến khoảng cách an toàn như vậy, Cho tôi hỏi, tôi muốn biết rõ hơn về vấn đề này thì tìm hiểu tại văn bản nào?","Quy định về khoảng cách an toàn giữa các xe được quy định chi tiết tại Thông tư số 38/2024/TT-BGTVT và Luật Trật tự, an toàn giao thông đường bộ số 36/2024/QH15; người điều khiển ô tô vi phạm về khoảng cách an toàn bị phạt tiền từ 2.000.000 đồng đến 3.000.000 đồng trên đường thông thường, phạt từ 4.000.000 đồng đến 6.000.000 đồng và trừ 02 điểm giấy phép lái xe trên cao tốc, nếu gây tai nạn sẽ bị phạt từ 20.000.000 đồng đến 22.000.000 đồng và trừ 10 điểm giấy phép lái xe.

Căn cứ pháp lý:
- Điều 12 Luật Trật tự, an toàn giao thông đường bộ số 36/2024/QH15. 
- Điều 11 Thông tư số 38/2024/TT-BGTVT của Bộ trưởng Bộ Giao thông vận tải quy định về tốc độ và khoảng cách an toàn của xe cơ giới, xe máy chuyên dùng tham gia giao thông trên đường bộ. 
- Điểm l khoản 4, Điểm d khoản 5, Điểm a khoản 10, Khoản 16 Điều 6 Nghị định số 168/2024/NĐ-CP (được sửa đổi, bổ sung bởi Nghị định số 238/2026/NĐ-CP).

Nội dung giải đáp chi tiết:
1. Quy định khoảng cách an toàn tối thiểu theo Thông tư 38/2024/TT-BGTVT (Điều 11):
Khi mặt đường khô ráo, bằng phẳng, thời tiết bình thường, khoảng cách an toàn tối thiểu tương ứng với tốc độ xe chạy được quy định như sau:
- Tốc độ chạy xe đến 60 km/h: Giữ khoảng cách chủ động bảo đảm an toàn (tối thiểu 35 mét);
- Tốc độ từ trên 60 km/h đến 80 km/h: Khoảng cách an toàn tối thiểu là 55 mét;
- Tốc độ từ trên 80 km/h đến 100 km/h: Khoảng cách an toàn tối thiểu là 70 mét;
- Tốc độ từ trên 100 km/h đến 120 km/h: Khoảng cách an toàn tối thiểu là 100 mét.
- Khi điều khiển xe chạy tốc độ dưới 60 km/h: Người lái xe phải chủ động giữ khoảng cách an toàn phù hợp với xe chạy liền trước tùy thuộc vào mật độ phương tiện và tình hình giao thông thực tế. Khi trời mưa, có sương mù, mặt đường trơn trượt, đường quanh co, đèo dốc, người lái xe phải chủ động điều chỉnh khoảng cách an toàn lớn hơn trị số quy định trên biển báo hoặc trị số tối thiểu nêu trên.
2. Mức xử phạt đối với người điều khiển xe ô tô vi phạm (Điều 6 Nghị định 168/2024/NĐ-CP):
- Vi phạm cự ly trên đường thông thường: Phạt tiền từ 2.000.000 đồng đến 3.000.000 đồng đối với hành vi ""Không giữ khoảng cách an toàn để xảy ra va chạm với xe chạy liền trước hoặc không giữ khoảng cách theo quy định của biển báo hiệu Cự ly tối thiểu giữa hai xe"" (điểm l khoản 4 Điều 6).
- Vi phạm khoảng cách an toàn trên đường cao tốc: Phạt tiền từ 4.000.000 đồng đến 6.000.000 đồng, đồng thời bị trừ 02 điểm Giấy phép lái xe (điểm d khoản 5, điểm a khoản 16 Điều 6).
- Vi phạm không giữ khoảng cách an toàn dẫn đến gây tai nạn giao thông: Phạt tiền từ 20.000.000 đồng đến 22.000.000 đồng, đồng thời bị trừ 10 điểm Giấy phép lái xe (điểm a khoản 10, điểm d khoản 16 Điều 6).",https://bocongan.gov.vn/chinh-sach-phap-luat/chi-tiet-cau-hoi/95a60256-8e0f-4e00-8cff-3dff11d759ab,
42,"Tôi đang tham gia giao thông trên đúng phần đường, làn đường của mình và hoàn toàn đúng tốc độ cho phép, nhưng đột ngột có một người đâm vào sau xe của tôi khá mạnh và đã tử vong. Tôi muốn hỏi, tôi có phải bồi thường thiệt hại trong trường hợp này hay không?","Bạn KHÔNG PHẢI BỒI THƯỜNG THIỆT HẠI nếu bạn điều khiển xe đúng làn đường, đúng tốc độ cho phép và tai nạn xảy ra hoàn toàn do lỗi của người điều khiển xe phía sau đâm vào; đồng thời bạn không bị truy cứu trách nhiệm hình sự vì vụ việc thuộc trường hợp sự kiện bất ngờ.

Căn cứ pháp lý:
- Khoản 2 Điều 584, Khoản 3 Điều 601 Bộ luật Dân sự số 91/2015/QH13.
- Khoản 1 Điều 10, Khoản 1 Điều 12, Điều 13 Luật Trật tự, an toàn giao thông đường bộ số 36/2024/QH15.
- Điều 20, Điều 260 Bộ luật Hình sự số 100/2015/QH13 (sửa đổi, bổ sung năm 2017).
- Khoản 4 Điều 10 Thông tư số 72/2024/TT-BCA của Bộ Công an.

Nội dung giải đáp chi tiết:
1. Về trách nhiệm bồi thường dân sự (Bộ luật Dân sự 2015):
- Nguyên tắc bồi thường: Căn cứ khoản 2 Điều 584 Bộ luật Dân sự, người gây thiệt hại không phải chịu trách nhiệm bồi thường thiệt hại trong trường hợp thiệt hại phát sinh hoàn toàn do lỗi của bên bị thiệt hại. 
- Trường hợp nguồn nguy hiểm cao độ: Căn cứ khoản 3 Điều 601 Bộ luật Dân sự, chủ sở hữu, người chiếm hữu, vận hành phương tiện giao thông (nguồn nguy hiểm cao độ) KHÔNG PHẢI BỒI THƯỜNG khi thiệt hại xảy ra thuộc trường hợp: ""Thiệt hại xảy ra hoàn toàn do lỗi cố ý của người bị thiệt hại"" hoặc ""Thiệt hại xảy ra trong trường hợp bất khả kháng hoặc tình thế cấp thiết"". 
- Lỗi của các bên: Theo Luật Trật tự, an toàn giao thông đường bộ 2024, người lái xe chạy phía sau có nghĩa vụ pháp lý bắt buộc phải làm chủ tốc độ và giữ khoảng cách an toàn đối với xe chạy liền trước. Khi bạn đi đúng phần đường, làn đường, đúng tốc độ quy định mà bị xe sau đâm mạnh vào đuôi dẫn đến người đó tử vong thì lỗi hoàn toàn thuộc về người lái xe phía sau. Do đó, bạn không phải bồi thường thiệt hại về tính mạng hay phương tiện cho người đó.
2. Về trách nhiệm hình sự:
Căn cứ Điều 20 Bộ luật Hình sự (Sự kiện bất ngờ), người thực hiện hành vi gây hậu quả nguy hại cho xã hội do sự kiện bất ngờ (không thể thấy trước hoặc không buộc phải thấy trước hậu quả) thì không phải chịu trách nhiệm hình sự. Vì bạn lái xe hoàn toàn đúng luật giao thông, vụ va chạm từ phía sau là bất khả kháng và bất ngờ, nên hành vi của bạn không cấu thành tội phạm theo Điều 260 Bộ luật Hình sự.
3. Về việc nhận lại phương tiện bị tạm giữ:
Căn cứ khoản 4 Điều 10 Thông tư số 72/2024/TT-BCA của Bộ Công an, sau khi kết thúc khám nghiệm phương tiện giao thông và xác định người điều khiển phương tiện không có lỗi, Cảnh sát giao thông phải trả ngay phương tiện cho bạn. Pháp luật nghiêm cấm việc giữ phương tiện giao thông của bên không có lỗi để làm căn cứ giải quyết bồi thường thiệt hại.
(Lưu ý: Để bảo vệ quyền lợi hợp pháp của mình, bạn cần phối hợp với cơ quan CSGT khám nghiệm hiện trường, thu thập dữ liệu camera hành trình, camera giao thông và lấy lời khai nhân chứng để cơ quan chức năng ra kết luận chính thức về nguyên nhân tai nạn và lỗi của các bên).",https://bocongan.gov.vn/chinh-sach-phap-luat/chi-tiet-cau-hoi/055b2e2e-cd00-493b-acc9-5d6d40b9a9b9,
43,"Xe tải của tôi đang chở hàng thì bị nổ lốp, tôi đã đỗ gọn vào lề đường và không ảnh hưởng gì tới giao thông để thay lốp xe. Khi Cảnh sát giao thông tới kiểm tra tôi đã giải thích cụ thể nhưng Cảnh sát giao thông vẫn lập biên bản tôi lỗi vi phạm “Đỗ xe nơi có biển cấm đỗ” là đúng hay sai?","Do câu hỏi của bạn cung cấp dữ liệu chưa đầy đủ nên có thể xảy ra 02 trường hợp như sau:
- Tại thời điểm lực lượng chức năng có mặt, phương tiện của bạn đang bị sự cố nổ lốp và đang khắc phục, sửa chữa thì có thể được xem là trường hợp sự kiện bất ngờ theo Khoản 13 Điều 2 Luật Xử lý vi phạm hành chính và lực lượng chức năng có thể xem xét không tiến hành xử phạt vi phạm hành chính theo Khoản 3 Điều 11 Luật Xử lý vi phạm hành chính.
- Tại thời điểm lực lượng chức năng có mặt, phương tiện của bạn đang đỗ trong phạm vi có hiệu lực của biển báo “cấm đỗ xe” và bạn đang không thực hiện sửa chữa phương tiện (mặc dù bạn trình bày với lực lượng chức năng là bạn vừa sửa chữa xong) thì bạn vẫn có thể bị xem xét xử phạt vi phạm hành chính về hành vi “đỗ xe tại nơi có biển cấm đỗ” theo quy định của pháp luật.",https://bocongan.gov.vn/chinh-sach-phap-luat/chi-tiet-cau-hoi/e10fcdbc-e5b5-4fd1-83ea-a34f5dfdc3a4,
44,"Tôi vi phạm lỗi vượt đèn đỏ và bị Cảnh sát giao thông xử phạt. Tôi đã đề nghị được nộp phạt tại chỗ để tiếp tục lưu thông vì có việc đang rất vội nhưng Cảnh sát giao thông không đồng ý. Tôi muốn hỏi, những lỗi vi phạm giao thông nào thì được nộp phạt tại chỗ?","Việc Cảnh sát giao thông không đồng ý cho bạn nộp phạt tại chỗ mà lập biên bản vi phạm hành chính là hoàn toàn đúng quy định pháp luật, do mức phạt tiền của hành vi vượt đèn đỏ vượt quá hạn mức được phép xử phạt tại chỗ (tối đa 250.000 đồng đối với cá nhân).
Căn cứ pháp lý: Khoản 1 Điều 56, khoản 1 Điều 57 Luật Xử lý vi phạm hành chính năm 2012 (sửa đổi, bổ sung năm 2020); điểm b khoản 9 Điều 6 và điểm c khoản 7 Điều 7 Nghị định số 168/2024/NĐ-CP (được sửa đổi, bổ sung bởi Nghị định số 238/2026/NĐ-CP).
Mức xử phạt cụ thể đối với hành vi không chấp hành hiệu lệnh của đèn tín hiệu giao thông (vượt đèn đỏ):
- Đối với người điều khiển xe ô tô: Phạt tiền từ 18.000.000 đồng đến 20.000.000 đồng, đồng thời bị trừ 10 điểm giấy phép lái xe.
- Đối với người điều khiển xe mô tô, xe gắn máy: Phạt tiền từ 4.000.000 đồng đến 6.000.000 đồng, đồng thời bị trừ 04 điểm giấy phép lái xe.",https://bocongan.gov.vn/chinh-sach-phap-luat/chi-tiet-cau-hoi/ccca442d-25d2-4077-a104-580928aa4e98,
45,"Tôi dự lớp đào tạo cấp Giấy phép lái xe (GPLX) mô tô và đã trải qua kỳ thi sát hạch, tuy nhiên tôi chưa nhận được GPLX ngay mà chỉ được cấp giấy hẹn. Cho tôi hỏi, khi tôi tham gia giao thông trong thời gian đợi lấy GPLX, Cảnh sát giao thông có quyền phạt tôi lỗi không có GPLX hay không?","Khi tham gia giao thông trong thời gian chờ lấy Giấy phép lái xe mà chỉ có giấy hẹn, Cảnh sát giao thông hoàn toàn có quyền xử phạt bạn lỗi không có Giấy phép lái xe, bởi vì giấy hẹn trả kết quả không có giá trị thay thế Giấy phép lái xe khi điều khiển phương tiện tham gia giao thông.
Căn cứ pháp lý: Khoản 2 Điều 56 Luật Trật tự, an toàn giao thông đường bộ năm 2024; điểm a khoản 5, điểm b khoản 7 và khoản 10, khoản 11 Điều 18 Nghị định số 168/2024/NĐ-CP (được sửa đổi, bổ sung bởi Nghị định số 238/2026/NĐ-CP).
Mức xử phạt cụ thể đối với người điều khiển xe mô tô không có Giấy phép lái xe:
- Đối với xe mô tô hai bánh có dung tích xi-lanh đến 125 cm3 hoặc có công suất động cơ điện đến 11 kW: Phạt tiền từ 2.000.000 đồng đến 4.000.000 đồng (điểm a khoản 5 Điều 18).
- Đối với xe mô tô hai bánh có dung tích xi-lanh trên 125 cm3 hoặc có công suất động cơ điện trên 11 kW, xe mô tô ba bánh: Phạt tiền từ 6.000.000 đồng đến 8.000.000 đồng (điểm b khoản 7 Điều 18).",https://bocongan.gov.vn/chinh-sach-phap-luat/chi-tiet-cau-hoi/46b6fe1f-1b4b-400c-a713-16c2032ca54c,
46,"Cho tôi hỏi, tôi đang điều khiển xe ô tô tải chạy trên đường cao tốc thì bị Công an lập biên bản, xử phạt điều khiển xe ô tô tải không gắn phù hiệu. Tôi không phải chủ xe thì trong trường hợp này tôi bị phạt như thế nào?","Hành vi điều khiển xe ô tô tải không có hoặc không gắn phù hiệu theo quy định (đối với loại xe có quy định phải gắn phù hiệu) là hành vi vi phạm pháp luật; người trực tiếp điều khiển phương tiện (dù không phải là chủ xe) vẫn bị xử phạt tiền, bị trừ điểm giấy phép lái xe và bị thu hồi phù hiệu vi phạm.
Căn cứ pháp lý: Điểm c khoản 6, khoản 12 và điểm a khoản 13 Điều 21 Nghị định số 168/2024/NĐ-CP (được sửa đổi, bổ sung bởi Nghị định số 238/2026/NĐ-CP).
Mức xử phạt cụ thể đối với người điều khiển xe:
- Phạt tiền: Từ 5.000.000 đồng đến 7.000.000 đồng.
- Trừ điểm Giấy phép lái xe: Bị trừ 02 điểm giấy phép lái xe.
- Biện pháp bổ sung: Bị thu hồi phù hiệu đã hết giá trị sử dụng hoặc phù hiệu không do cơ quan có thẩm quyền cấp (nếu vi phạm về việc sử dụng phù hiệu không hợp lệ).",https://bocongan.gov.vn/chinh-sach-phap-luat/chi-tiet-cau-hoi/2a038b42-aa3c-4dd1-9945-d3fc296c8ace,
47,"Tôi muốn hỏi, tôi đi xe nhãn hiệu Exciter 150cc, tôi thay chắn bùn phía sau xe bằng chắn bùn thấp hơn và gắn biển số gần đèn hậu. Như vậy tôi có phạm lỗi thay đổi kết cấu xe hay không? Nếu phạm lỗi thì bị xử phạt theo quy định nào?","Hành vi thay chắn bùn làm thay đổi kích thước, hình dáng nguyên bản của xe và gắn biển số sai vị trí quy định là hành vi vi phạm pháp luật về trật tự, an toàn giao thông đường bộ, bị phạt tiền và bị trừ điểm giấy phép lái xe.
Căn cứ pháp lý: Khoản 2 Điều 39 Luật Trật tự, an toàn giao thông đường bộ năm 2024; điểm b khoản 3, điểm b khoản 8 Điều 14 và điểm b khoản 8 Điều 32 Nghị định số 168/2024/NĐ-CP (được sửa đổi, bổ sung bởi Nghị định số 238/2026/NĐ-CP).
Mức xử phạt cụ thể:
- Hành vi điều khiển xe gắn biển số không đúng vị trí, không đúng quy cách theo quy định: Phạt tiền từ 4.000.000 đồng đến 6.000.000 đồng đối với người điều khiển xe, đồng thời bị trừ 06 điểm giấy phép lái xe (điểm b khoản 3, điểm b khoản 8 Điều 14).
- Hành vi tự ý thay đổi khung, máy, hình dáng, kích thước, đặc tính của xe (xử phạt chủ phương tiện): Phạt tiền từ 4.000.000 đồng đến 6.000.000 đồng đối với cá nhân, từ 8.000.000 đồng đến 12.000.000 đồng đối với tổ chức là chủ xe (điểm b khoản 8 Điều 32).
- Biện pháp khắc phục hậu quả: Buộc khôi phục lại hình dáng, kích thước, tình trạng an toàn kỹ thuật ban đầu của xe và gắn lại biển số đúng quy định trước khi đưa phương tiện ra tham gia giao thông.",https://bocongan.gov.vn/chinh-sach-phap-luat/chi-tiet-cau-hoi/1232992e-d481-48d4-a429-e16601777ef1,
48,"Tôi có chiếc xe ô tô 07 chỗ lắp thiết bị chuyên dùng (có giấy phép hành nghề) trên nóc xe với chiều cao khoảng 2,7 mét đến 3 mét. Tôi muốn hỏi, với chiều cao như vậy khi lưu thông trên đường thì có vi phạm gì về an toàn giao thông không? Nếu có vi phạm thì xử phạt theo quy định nào, mức phạt là bao nhiêu?","Chiều cao tổng thể của xe sau khi lắp thiết bị từ 2,7 mét đến 3 mét không vượt quá khổ giới hạn tối đa của đường bộ (4,2 mét), tuy nhiên việc tự ý lắp đặt thêm thiết bị chuyên dùng trên nóc xe làm thay đổi kích thước bao ngoài hoặc cải tạo xe khi chưa được cơ quan có thẩm quyền cấp phép/nghiệm thu đăng kiểm cải tạo là hành vi vi phạm pháp luật.
Căn cứ pháp lý: Điểm d khoản 3, điểm a khoản 7 Điều 34 và điểm c khoản 13 Điều 32 Nghị định số 168/2024/NĐ-CP (được sửa đổi, bổ sung bởi Nghị định số 238/2026/NĐ-CP).
Mức xử phạt cụ thể:
- Đối với người điều khiển xe có kích thước bao ngoài vượt quá kích thước giới hạn cho phép của xe mà không có giấy phép lưu hành: Phạt tiền từ 8.000.000 đồng đến 10.000.000 đồng, đồng thời bị trừ 02 điểm giấy phép lái xe (điểm d khoản 3, điểm a khoản 7 Điều 34).
- Đối với chủ phương tiện tự ý cải tạo kết cấu, hình dáng, kích thước của xe không đúng thiết kế: Phạt tiền từ 6.000.000 đồng đến 8.000.000 đồng đối với cá nhân, từ 12.000.000 đồng đến 16.000.000 đồng đối với tổ chức; buộc khôi phục lại hình dáng, kích thước, tình trạng kỹ thuật ban đầu của xe và đăng kiểm lại trước khi tham gia giao thông (điểm c khoản 13 Điều 32).",https://bocongan.gov.vn/chinh-sach-phap-luat/chi-tiet-cau-hoi/229489d5-042e-4c10-845f-864a009e449c,
49,"Trong khi tham gia giao thông, tôi dừng xe khi tín hiệu đèn giao thông đang báo đèn xanh thì bị Cảnh sát giao thông phạt. Cho tôi hỏi, có quy định nào phạt lỗi dừng phương tiện khi đèn giao thông có tín hiệu xanh hay không?","Tín hiệu đèn xanh là tín hiệu cho phép phương tiện được đi, người điều khiển không được tự ý dừng xe trên làn đường lưu thông gây cản trở giao thông khi không có chướng ngại vật hoặc trường hợp bất khả kháng theo quy định. Hành vi dừng xe khi đèn xanh gây cản trở giao thông hoặc không chấp hành đèn tín hiệu là hành vi vi phạm pháp luật và bị xử phạt.
Căn cứ pháp lý: Khoản 1 Điều 11 Luật Trật tự, an toàn giao thông đường bộ năm 2024; điểm đ khoản 3, điểm b khoản 9 Điều 6 và điểm đ khoản 2, điểm c khoản 7 Điều 7 Nghị định số 168/2024/NĐ-CP (được sửa đổi, bổ sung bởi Nghị định số 238/2026/NĐ-CP).
Mức xử phạt cụ thể:
- Trường hợp xử phạt hành vi dừng xe, đỗ xe tại nơi đường bộ giao nhau gây cản trở giao thông:
  + Đối với người điều khiển xe ô tô: Phạt tiền từ 800.000 đồng đến 1.000.000 đồng (điểm đ khoản 3 Điều 6).
  + Đối với người điều khiển xe mô tô, xe gắn máy: Phạt tiền từ 400.000 đồng đến 600.000 đồng (điểm đ khoản 2 Điều 7).
- Trường hợp xử phạt hành vi không chấp hành hiệu lệnh của đèn tín hiệu giao thông:
  + Đối với người điều khiển xe ô tô: Phạt tiền từ 18.000.000 đồng đến 20.000.000 đồng, đồng thời bị trừ 10 điểm giấy phép lái xe (điểm b khoản 9, điểm d khoản 16 Điều 6).
  + Đối với người điều khiển xe mô tô, xe gắn máy: Phạt tiền từ 4.000.000 đồng đến 6.000.000 đồng, đồng thời bị trừ 04 điểm giấy phép lái xe (điểm c khoản 7, điểm b khoản 13 Điều 7).",https://bocongan.gov.vn/chinh-sach-phap-luat/chi-tiet-cau-hoi/0d44b2fb-b726-47c9-b8c9-43887c5fb063,
50,Tôi muốn hỏi văn bản nào quy định về thời gian bật đèn chiếu sáng đối với các phương tiện khi tham gia giao thông? Nếu bị phạt với lỗi trên thì mức phạt là bao nhiêu?,"Thời gian bắt buộc bật đèn chiếu sáng đối với các phương tiện khi tham gia giao thông được quy định từ 18 giờ ngày hôm trước đến 06 giờ ngày hôm sau (hoặc khi có sương mù, khói, bụi, trời mưa, thời tiết xấu làm hạn chế tầm nhìn). Hành vi không sử dụng hoặc sử dụng không đủ đèn chiếu sáng trong khoảng thời gian này là hành vi vi phạm pháp luật và bị xử phạt tiền.
Căn cứ pháp lý: Khoản 1 Điều 20 Luật Trật tự, an toàn giao thông đường bộ năm 2024; điểm g khoản 3 Điều 6, điểm g khoản 1 Điều 7, điểm c khoản 3 Điều 8 Nghị định số 168/2024/NĐ-CP (được sửa đổi, bổ sung bởi Nghị định số 238/2026/NĐ-CP).
Mức xử phạt cụ thể:
- Đối với người điều khiển xe ô tô: Phạt tiền từ 800.000 đồng đến 1.000.000 đồng (điểm g khoản 3 Điều 6).
- Đối với người điều khiển xe mô tô, xe gắn máy: Phạt tiền từ 200.000 đồng đến 400.000 đồng (điểm g khoản 1 Điều 7).
- Đối với người điều khiển máy kéo, xe máy chuyên dùng: Phạt tiền từ 800.000 đồng đến 1.000.000 đồng (điểm c khoản 3 Điều 8).
(Nếu thực hiện hành vi vi phạm mà gây tai nạn giao thông thì bị trừ điểm giấy phép lái xe hoặc tước quyền sử dụng giấy phép lái xe theo quy định).",https://bocongan.gov.vn/chinh-sach-phap-luat/chi-tiet-cau-hoi/3577b4dd-84d7-48c0-9bdb-baca2eaeb5da,
51,"Xe của tôi là xe tải thùng mui bạt Jac HFC1083K 1,8 tấn, mới đây, tôi có tháo bạt phủ xe để lau rửa nên để quên bạt ở nhà và lưu thông trên đường mà không có bạt phủ ở trên, khi xe của tôi lưu thông trên đường đã bị Cảnh sát giao thông lập biên bản xử phạt vì lỗi thay đổi kết cấu xe. Cho tôi hỏi, với lỗi này thì tôi bị xử phạt như thế nào và quy định tại văn bản nào?","Hành vi tháo bạt phủ xe để lau rửa mà không thay đổi khung kèo, kích thước thùng xe không cấu thành lỗi tự ý thay đổi kết cấu xe hay cải tạo thùng xe, do đó việc Cảnh sát giao thông lập biên bản lỗi thay đổi kết cấu xe và giữ Giấy phép lái xe 02 tháng là không đúng quy định pháp luật.
Căn cứ pháp lý: Điểm b khoản 4, điểm a khoản 13 Điều 13 và điểm c khoản 16 Điều 32 Nghị định số 168/2024/NĐ-CP (được sửa đổi, bổ sung bởi Nghị định số 238/2026/NĐ-CP).
Mức xử phạt cụ thể:
- Trường hợp xe thùng mui bạt nguyên bản chỉ tháo bạt để vệ sinh, kích thước và khung xương thành thùng không thay đổi thì không bị xử phạt vi phạm hành chính về hành vi tự ý thay đổi kết cấu hay kích thước thùng xe. Tuy nhiên, nếu vận chuyển hàng hóa rời dễ rơi vãi mà không có bạt che đậy thì bị phạt tiền từ 2.000.000 đồng đến 4.000.000 đồng theo Điểm a Khoản 2 Điều 17 Nghị định số 168/2024/NĐ-CP.
- Trường hợp người điều khiển xe ô tô tải có kích thước thùng xe không đúng với thông số kỹ thuật (thay đổi kết cấu thùng): Phạt tiền từ 2.000.000 đồng đến 3.000.000 đồng, đồng thời bị trừ 02 điểm giấy phép lái xe (điểm b khoản 4, điểm a khoản 13 Điều 13).
- Đối với chủ phương tiện tự ý cải tạo kết cấu, hình dáng, kích thước của xe không đúng thiết kế: Phạt tiền từ 65.000.000 đồng đến 75.000.000 đồng đối với cá nhân, từ 130.000.000 đồng đến 150.000.000 đồng đối với tổ chức (điểm c khoản 16 Điều 32).",https://bocongan.gov.vn/chinh-sach-phap-luat/chi-tiet-cau-hoi/641746fd-0346-414b-b2e1-c34dad36f444,
52,"Cho tôi hỏi, tôi đang điều khiển xe ô tô tải chạy trên đường cao tốc thì bị Công an lập biên bản, xử phạt điều khiển xe ô tô tải không gắn phù hiệu. Tôi không phải chủ xe thì trong trường hợp này tôi bị phạt như thế nào?","Người điều khiển xe ô tô tải (không phải chủ xe) lưu thông trên đường mà không có hoặc không gắn phù hiệu theo quy định là hành vi vi phạm pháp luật giao thông đường bộ, bị phạt tiền và bị trừ điểm giấy phép lái xe.
Căn cứ pháp lý: Điểm c khoản 6, khoản 12 và điểm a khoản 13 Điều 21; điểm đ khoản 11 Điều 32 Nghị định số 168/2024/NĐ-CP (được sửa đổi, bổ sung bởi Nghị định số 238/2026/NĐ-CP).
Mức xử phạt cụ thể:
Đối với người điều khiển xe: Phạt tiền từ 5.000.000 đồng đến 7.000.000 đồng (điểm c khoản 6 Điều 21).
Trừ điểm Giấy phép lái xe: Bị trừ 02 điểm giấy phép lái xe (điểm a khoản 13 Điều 21).
Biện pháp bổ sung: Trường hợp sử dụng phù hiệu đã hết giá trị sử dụng hoặc không do cơ quan có thẩm quyền cấp thì bị thu hồi phù hiệu (khoản 12 Điều 21).
Đối với chủ phương tiện: Bị xử phạt theo quy định tại điểm đ khoản 11 Điều 32 Nghị định số 168/2024/NĐ-CP với mức phạt tiền từ 10.000.000 đồng đến 12.000.000 đồng đối với cá nhân, từ 20.000.000 đồng đến 24.000.000 đồng đối với tổ chức.",https://bocongan.gov.vn/chinh-sach-phap-luat/chi-tiet-cau-hoi/2a038b42-aa3c-4dd1-9945-d3fc296c8ace,
53,"Khi tham gia giao thông trên Quốc lộ 1A, các ô tô tải đi vào làn ô tô con và đi chậm, khi ô tô con xin vượt thì ô tô tải không cho vượt, nếu cứ chấp hành luật thì buộc phải đi rất chậm, nếu muốn đi nhanh thì buộc phải vượt bên phải.Tôi xin hỏi, trường hợp này xử lý như thế nào? Ô tô tải có bị phạt không? Ô tô con có bị phạt không? Cơ quan nào xử phạt? ","Cả xe ô tô tải và xe ô tô con trong tình huống trên đều có thể bị xử phạt vi phạm hành chính nếu có hành vi vi phạm quy tắc giao thông, và cơ quan có thẩm quyền xử phạt là Cảnh sát giao thông đường bộ.
Căn cứ pháp lý: Điều 11, Điều 13, Điều 14 Luật Trật tự, an toàn giao thông đường bộ năm 2024; điểm p khoản 3, điểm d khoản 4, điểm a khoản 5, điểm a khoản 16 Điều 6 và Điều 43, Điều 46 Nghị định số 168/2024/NĐ-CP (được sửa đổi, bổ sung bởi Nghị định số 238/2026/NĐ-CP).
Mức xử phạt cụ thể:
- Đối với người điều khiển xe ô tô tải:
+ Hành vi điều khiển xe chạy tốc độ thấp hơn các xe khác đi cùng chiều mà không đi về làn đường bên phải chiều đi của mình: Phạt tiền từ 800.000 đồng đến 1.000.000 đồng (điểm p khoản 3 Điều 6).
+ Hành vi không nhường đường cho xe xin vượt khi có đủ điều kiện an toàn: Phạt tiền từ 2.000.000 đồng đến 3.000.000 đồng (điểm d khoản 4 Điều 6).
- Đối với người điều khiển xe ô tô con: Hành vi vượt bên phải xe khác trong trường hợp không được phép bị phạt tiền từ 4.000.000 đồng đến 6.000.000 đồng, đồng thời bị trừ 02 điểm giấy phép lái xe (điểm a khoản 5, điểm a khoản 16 Điều 6).
- Cơ quan xử phạt: Cảnh sát giao thông đang thực hiện nhiệm vụ tuần tra, kiểm soát trên tuyến Quốc lộ 1A có thẩm quyền dừng xe, lập biên bản và ra quyết định xử phạt.",https://bocongan.gov.vn/chinh-sach-phap-luat/chi-tiet-cau-hoi/7301d7ff-e20f-4325-88a3-57b1b6be44f0,
54,"Hành vi chuyển hướng không nhường đường cho: Các xe đi ngược chiều; người đi bộ, xe lăn của người khuyết tật đang qua đường tại nơi không có vạch kẻ đường cho người đi bộ bị xử phạt vi phạm hành chính như thế nào?","Hành vi chuyển hướng không nhường đường cho xe đi ngược chiều, người đi bộ hoặc xe lăn của người khuyết tật đang qua đường tại nơi không có vạch kẻ đường là hành vi vi phạm pháp luật giao thông đường bộ, bị phạt tiền và bị trừ điểm giấy phép lái xe.
Căn cứ pháp lý: Điểm m khoản 5, điểm a khoản 10, điểm a và điểm d khoản 16 Điều 6; điểm c khoản 5, điểm a khoản 10, điểm a và điểm d khoản 13 Điều 7; điểm e khoản 5 Điều 8 Nghị định số 168/2024/NĐ-CP (được sửa đổi, bổ sung bởi Nghị định số 238/2026/NĐ-CP).
Mức xử phạt cụ thể:
- Đối với người điều khiển xe ô tô: Phạt tiền từ 4.000.000 đồng đến 6.000.000 đồng, đồng thời bị trừ 02 điểm giấy phép lái xe. Nếu gây tai nạn giao thông thì bị phạt tiền từ 20.000.000 đồng đến 24.000.000 đồng và bị trừ 10 điểm giấy phép lái xe (điểm a khoản 10, điểm d khoản 16 Điều 6).
- Đối với người điều khiển xe mô tô, xe gắn máy: Phạt tiền từ 1.000.000 đồng đến 2.000.000 đồng, đồng thời bị trừ 02 điểm giấy phép lái xe (điểm c khoản 5, điểm a khoản 13 Điều 7). Nếu gây tai nạn giao thông thì bị phạt tiền từ 10.000.000 đồng đến 14.000.000 đồng và bị trừ 10 điểm giấy phép lái xe (điểm a khoản 10, điểm d khoản 13 Điều 7).
- Đối với người điều khiển xe máy chuyên dùng: Phạt tiền từ 2.000.000 đồng đến 3.000.000 đồng, đồng thời bị trừ 02 điểm giấy phép lái xe (điểm e khoản 5 Điều 8).",http://pbgdpl.vinhphuc.gov.vn/ContentDetail/ReportDetailView?ReportInforId=a611e0c4-f3ff-4bfc-bfc2-1023d5a0c78f,
55,"Hành vi điều khiển xe chạy tốc độ thấp hơn các xe khác đi cùng chiều mà không đi về bên phải phần đường xe chạy, trừ trường hợp các xe khác đi cùng chiều chạy quá tốc độ quy định bị xử phạt vi phạm hành chính như thế nào?","Hành vi điều khiển xe chạy tốc độ thấp hơn các xe khác đi cùng chiều mà không đi về làn đường bên phải theo chiều đi của mình là hành vi vi phạm quy tắc giao thông đường bộ và bị xử phạt tiền.
Căn cứ pháp lý: Điểm p khoản 3 Điều 6 Nghị định số 168/2024/NĐ-CP (được sửa đổi, bổ sung bởi Nghị định số 238/2026/NĐ-CP).
Mức xử phạt cụ thể:
- Đối với người điều khiển xe ô tô và các loại xe tương tự xe ô tô: Phạt tiền từ 800.000 đồng đến 1.000.000 đồng.
- Trừ điểm Giấy phép lái xe: Hành vi này không bị trừ điểm giấy phép lái xe.
- Lưu ý: Trường hợp các xe khác đi cùng chiều chạy quá tốc độ quy định thì người điều khiển xe không bị xử phạt về lỗi này.",http://pbgdpl.vinhphuc.gov.vn/ContentDetail/ReportDetailView?ReportInforId=a611e0c4-f3ff-4bfc-bfc2-1023d5a0c78f,
56,"Hành vi dừng xe, đỗ xe trên phần đường xe chạy ở đoạn đường ngoài đô thị nơi có lề đường rộng; dừng xe, đỗ xe không sát mép đường phía bên phải theo chiều đi ở nơi đường có lề đường hẹp hoặc không có lề đường; dừng xe, đỗ xe ngược với chiều lưu thông của làn đường; dừng xe, đỗ xe trên dải phân cách cố định ở giữa hai phần đường xe chạy; đỗ xe trên dốc không chèn bánh; mở cửa xe, để cửa xe mở không bảo đảm an toàn bị xử phạt vi phạm hành chính như thế nào?","Các hành vi dừng xe, đỗ xe không đúng quy định hoặc mở cửa xe không bảo đảm an toàn là hành vi vi phạm quy tắc an toàn giao thông đường bộ, bị phạt tiền và có thể bị trừ điểm giấy phép lái xe tùy hành vi cụ thể.
Căn cứ pháp lý: Điều 18, Điều 19 Luật Trật tự, an toàn giao thông đường bộ năm 2024; điểm d khoản 2, điểm q khoản 5, điểm b khoản 10, điểm d khoản 16 Điều 6 Nghị định số 168/2024/NĐ-CP (được sửa đổi, bổ sung bởi Nghị định số 238/2026/NĐ-CP).
Mức xử phạt cụ thể đối với người điều khiển xe ô tô:
- Phạt tiền từ 600.000 đồng đến 800.000 đồng đối với các hành vi: Dừng xe, đỗ xe trên phần đường xe chạy ở đoạn đường ngoài đô thị nơi có lề đường rộng; dừng xe, đỗ xe không sát mép đường phía bên phải theo chiều đi ở nơi đường có lề đường hẹp hoặc không có lề đường; dừng xe, đỗ xe ngược với chiều lưu thông của làn đường; dừng xe, đỗ xe trên dải phân cách cố định ở giữa hai phần đường xe chạy; đỗ xe trên dốc không chèn bánh (điểm d khoản 2 Điều 6). Các hành vi này không bị trừ điểm giấy phép lái xe.
- Phạt tiền từ 4.000.000 đồng đến 6.000.000 đồng đối với hành vi: Mở cửa xe, để cửa xe mở không bảo đảm an toàn (điểm q khoản 5 Điều 6). Hành vi này không bị trừ điểm giấy phép lái xe.
- Trường hợp mở cửa xe, để cửa xe mở không bảo đảm an toàn mà gây tai nạn giao thông: Phạt tiền từ 20.000.000 đồng đến 22.000.000 đồng, đồng thời bị trừ 10 điểm giấy phép lái xe (điểm b khoản 10, điểm d khoản 16 Điều 6).",http://pbgdpl.vinhphuc.gov.vn/ContentDetail/ReportDetailView?ReportInforId=a611e0c4-f3ff-4bfc-bfc2-1023d5a0c78f,
57,Hành vi không thắt dây an toàn khi điều khiển xe chạy trên đường; chở người trên xe ô tô không thắt dây an toàn (tại vị trí có trang bị dây an toàn) khi xe đang chạy bị xử phạt vi phạm hành chính như thế nào?,"Hành vi không thắt dây đai an toàn khi lái xe hoặc chở người trên xe ô tô không thắt dây đai an toàn tại vị trí có trang bị dây đai an toàn khi xe đang chạy là hành vi vi phạm pháp luật và bị phạt tiền.
Căn cứ pháp lý: Điểm k, điểm l khoản 3 Điều 6 và khoản 4 Điều 12 Nghị định số 168/2024/NĐ-CP (được sửa đổi, bổ sung bởi Nghị định số 238/2026/NĐ-CP).
Mức xử phạt cụ thể:
- Đối với người điều khiển xe ô tô:
+ Không thắt dây đai an toàn khi điều khiển xe chạy trên đường: Phạt tiền từ 800.000 đồng đến 1.000.000 đồng (điểm k khoản 3 Điều 6).
+ Chở người trên xe ô tô không thắt dây đai an toàn (tại vị trí có trang bị dây đai an toàn) khi xe đang chạy: Phạt tiền từ 800.000 đồng đến 1.000.000 đồng (điểm l khoản 3 Điều 6).
- Đối với người được chở trên xe ô tô: Không thắt dây đai an toàn tại vị trí có trang bị dây đai an toàn khi xe đang chạy bị phạt tiền từ 350.000 đồng đến 400.000 đồng (khoản 4 Điều 12).
- Trừ điểm Giấy phép lái xe: Các hành vi này không bị trừ điểm giấy phép lái xe.",http://pbgdpl.vinhphuc.gov.vn/ContentDetail/ReportDetailView?ReportInforId=a611e0c4-f3ff-4bfc-bfc2-1023d5a0c78f,
58, Hành vi dùng tay sử dụng điện thoại di động khi đang điều khiển xe chạy trên đường bị xử phạt vi phạm hành chính như thế nào?,"Hành vi dùng tay cầm và sử dụng điện thoại di động hoặc các thiết bị điện tử khác khi đang điều khiển phương tiện chạy trên đường là hành vi vi phạm pháp luật, bị phạt tiền và bị trừ điểm giấy phép lái xe.
Căn cứ pháp lý: Khoản 6 Điều 9 Luật Trật tự, an toàn giao thông đường bộ năm 2024; điểm h khoản 5, điểm b khoản 10, điểm b và điểm d khoản 16 Điều 6; điểm đ khoản 4, điểm b khoản 10, điểm b và điểm d khoản 13 Điều 7 và điểm h khoản 1 Điều 9 Nghị định số 168/2024/NĐ-CP (được sửa đổi, bổ sung bởi Nghị định số 238/2026/NĐ-CP).
Mức xử phạt cụ thể:
- Đối với người điều khiển xe ô tô: Phạt tiền từ 4.000.000 đồng đến 6.000.000 đồng, đồng thời bị trừ 04 điểm giấy phép lái xe (điểm h khoản 5, điểm b khoản 16 Điều 6). Nếu gây tai nạn giao thông thì bị phạt tiền từ 20.000.000 đồng đến 22.000.000 đồng và bị trừ 10 điểm giấy phép lái xe (điểm b khoản 10, điểm d khoản 16 Điều 6).
- Đối với người điều khiển xe mô tô, xe gắn máy: Phạt tiền từ 800.000 đồng đến 1.000.000 đồng, đồng thời bị trừ 04 điểm giấy phép lái xe (điểm đ khoản 4, điểm b khoản 13 Điều 7). Nếu gây tai nạn giao thông thì bị phạt tiền từ 10.000.000 đồng đến 14.000.000 đồng và bị trừ 10 điểm giấy phép lái xe (điểm b khoản 10, điểm d khoản 13 Điều 7).
- Đối với người điều khiển xe đạp, xe đạp máy: Phạt tiền từ 100.000 đồng đến 200.000 đồng (điểm h khoản 1 Điều 9).",http://pbgdpl.vinhphuc.gov.vn/ContentDetail/ReportDetailView?ReportInforId=a611e0c4-f3ff-4bfc-bfc2-1023d5a0c78f,
59,"Hành vi không chấp hành hiệu lệnh của đèn tín hiệu giao thông; không chấp hành hiệu lệnh, hướng dẫn của người điều khiển giao thông hoặc người kiểm soát giao thông bị xử phạt vi phạm hành chính như thế nào?","Hành vi không chấp hành hiệu lệnh của đèn tín hiệu giao thông (vượt đèn đỏ, đèn vàng) và không chấp hành hiệu lệnh của người điều khiển giao thông là hành vi vi phạm pháp luật nghiêm trọng, bị phạt tiền ở mức cao và bị trừ điểm giấy phép lái xe.
Căn cứ pháp lý: Điểm b, điểm c khoản 9, điểm b khoản 16 Điều 6; điểm c, điểm d khoản 7, điểm b khoản 13 Điều 7; điểm b, điểm c khoản 7 Điều 8 và điểm b, điểm đ khoản 2 Điều 9 Nghị định số 168/2024/NĐ-CP (được sửa đổi, bổ sung bởi Nghị định số 238/2026/NĐ-CP).
Mức xử phạt cụ thể:
- Đối với người điều khiển xe ô tô: Phạt tiền từ 18.000.000 đồng đến 20.000.000 đồng, đồng thời bị trừ 04 điểm giấy phép lái xe cho mỗi hành vi vi phạm (điểm b, điểm c khoản 9, điểm b khoản 16 Điều 6).
- Đối với người điều khiển xe mô tô, xe gắn máy: Phạt tiền từ 4.000.000 đồng đến 6.000.000 đồng, đồng thời bị trừ 04 điểm giấy phép lái xe cho mỗi hành vi vi phạm (điểm c, điểm d khoản 7, điểm b khoản 13 Điều 7).
- Đối với người điều khiển xe máy chuyên dùng: Phạt tiền từ 6.000.000 đồng đến 8.000.000 đồng (điểm b, điểm c khoản 7 Điều 8).
- Đối với người điều khiển xe đạp, xe đạp máy, xe thô sơ: Phạt tiền từ 150.000 đồng đến 250.000 đồng (điểm b, điểm đ khoản 2 Điều 9).",http://pbgdpl.vinhphuc.gov.vn/ContentDetail/ReportDetailView?ReportInforId=a611e0c4-f3ff-4bfc-bfc2-1023d5a0c78f,
60,Hành vi điều khiển xe chạy quá tốc độ quy định từ 10 km/h đến 20 km/h bị xử phạt vi phạm hành chính như thế nào?,"Hành vi điều khiển phương tiện chạy quá tốc độ quy định từ 10 km/h đến 20 km/h là hành vi vi phạm an toàn giao thông đường bộ, bị xử phạt tiền và có thể bị trừ điểm giấy phép lái xe đối với người lái xe ô tô.
Căn cứ pháp lý: Điều 12 Luật Trật tự, an toàn giao thông đường bộ năm 2024; điểm đ khoản 5, điểm a khoản 16 Điều 6; điểm a khoản 4 Điều 7 và điểm a khoản 4 Điều 8 Nghị định số 168/2024/NĐ-CP (được sửa đổi, bổ sung bởi Nghị định số 238/2026/NĐ-CP).
Mức xử phạt cụ thể:
- Đối với người điều khiển xe ô tô: Phạt tiền từ 4.000.000 đồng đến 6.000.000 đồng, đồng thời bị trừ 02 điểm giấy phép lái xe (điểm đ khoản 5, điểm a khoản 16 Điều 6).
- Đối với người điều khiển xe mô tô, xe gắn máy: Phạt tiền từ 800.000 đồng đến 1.000.000 đồng, không bị trừ điểm giấy phép lái xe (điểm a khoản 4 Điều 7).
- Đối với người điều khiển máy kéo, xe máy chuyên dùng: Phạt tiền từ 1.000.000 đồng đến 2.000.000 đồng, không bị trừ điểm giấy phép lái xe (điểm a khoản 4 Điều 8).",http://pbgdpl.vinhphuc.gov.vn/ContentDetail/ReportDetailView?ReportInforId=a611e0c4-f3ff-4bfc-bfc2-1023d5a0c78f,
61,"Hành vi điều khiển xe trên đường mà trong máu hoặc hơi thở có nồng độ cồn nhưng chưa vượt quá 50 miligam/100 mililít máu hoặc chưa vượt quá 0,25 miligam/1 lít khí thở bị xử phạt vi phạm hành chính như thế nào?","Hành vi điều khiển phương tiện tham gia giao thông mà trong máu hoặc hơi thở có nồng độ cồn nhưng chưa vượt quá 50 miligam/100 mililít máu hoặc chưa vượt quá 0,25 miligam/1 lít khí thở (nồng độ cồn mức 1) là hành vi bị nghiêm cấm, bị phạt tiền và bị trừ điểm giấy phép lái xe.
Căn cứ pháp lý: Khoản 2 Điều 9 Luật Trật tự, an toàn giao thông đường bộ năm 2024; điểm c khoản 6, điểm b khoản 16 Điều 6; điểm a khoản 6, điểm b khoản 13 Điều 7; điểm c khoản 6 Điều 8 và điểm p khoản 1 Điều 9 Nghị định số 168/2024/NĐ-CP (được sửa đổi, bổ sung bởi Nghị định số 238/2026/NĐ-CP).
Mức xử phạt cụ thể:
- Đối với người điều khiển xe ô tô: Phạt tiền từ 6.000.000 đồng đến 8.000.000 đồng, đồng thời bị trừ 04 điểm giấy phép lái xe (điểm c khoản 6, điểm b khoản 16 Điều 6).
- Đối với người điều khiển xe mô tô, xe gắn máy: Phạt tiền từ 2.000.000 đồng đến 3.000.000 đồng, đồng thời bị trừ 04 điểm giấy phép lái xe (điểm a khoản 6, điểm b khoản 13 Điều 7).
- Đối với người điều khiển xe máy chuyên dùng: Phạt tiền từ 3.000.000 đồng đến 5.000.000 đồng, đồng thời bị trừ 04 điểm giấy phép lái xe (điểm c khoản 6 Điều 8).
- Đối với người điều khiển xe đạp, xe đạp máy: Phạt tiền từ 100.000 đồng đến 200.000 đồng (điểm p khoản 1 Điều 9).",http://pbgdpl.vinhphuc.gov.vn/ContentDetail/ReportDetailView?ReportInforId=a611e0c4-f3ff-4bfc-bfc2-1023d5a0c78f,
62,"Hành vi gây tai nạn giao thông không dừng lại, không giữ nguyên hiện trường, bỏ trốn không đến trình báo với cơ quan có thẩm quyền, không tham gia cấp cứu người bị nạn bị xử phạt vi phạm hành chính như thế nào?","Hành vi gây tai nạn giao thông không dừng lại, không giữ nguyên hiện trường, bỏ trốn không đến trình báo với cơ quan có thẩm quyền, không tham gia cấp cứu người bị nạn là hành vi vi phạm pháp luật đặc biệt nghiêm trọng, bị phạt tiền rất nặng và bị trừ điểm giấy phép lái xe, nếu đủ yếu tố cấu thành tội phạm sẽ bị truy cứu trách nhiệm hình sự.
Căn cứ pháp lý: Khoản 26 Điều 9 Luật Trật tự, an toàn giao thông đường bộ năm 2024; khoản 8, điểm c khoản 16 Điều 6; điểm c khoản 9, điểm c khoản 13 Điều 7; điểm c khoản 8 Điều 8 Nghị định số 168/2024/NĐ-CP (được sửa đổi, bổ sung bởi Nghị định số 238/2026/NĐ-CP) và điểm c khoản 2 Điều 260 Bộ luật Hình sự năm 2015 (sửa đổi, bổ sung năm 2017).
Mức xử phạt cụ thể:
- Đối với người điều khiển xe ô tô: Phạt tiền từ 16.000.000 đồng đến 18.000.000 đồng, đồng thời bị trừ 06 điểm giấy phép lái xe (khoản 8, điểm c khoản 16 Điều 6).
- Đối với người điều khiển xe mô tô, xe gắn máy: Phạt tiền từ 8.000.000 đồng đến 10.000.000 đồng, đồng thời bị trừ 06 điểm giấy phép lái xe (điểm c khoản 9, điểm c khoản 13 Điều 7).
- Đối với người điều khiển máy kéo, xe máy chuyên dùng: Phạt tiền từ 10.000.000 đồng đến 12.000.000 đồng, đồng thời bị trừ 06 điểm giấy phép lái xe (điểm c khoản 8 Điều 8).
- Trách nhiệm hình sự: Nếu hành vi bỏ trốn nhằm trốn tránh trách nhiệm hoặc không cứu giúp người bị nạn dẫn đến hậu quả chết người hoặc gây thương tích nặng thì bị xử lý hình sự theo khoản 2 Điều 260 Bộ luật Hình sự với khung hình phạt tù từ 03 năm đến 10 năm.",http://pbgdpl.vinhphuc.gov.vn/ContentDetail/ReportDetailView?ReportInforId=a611e0c4-f3ff-4bfc-bfc2-1023d5a0c78f,
63,"Hành vi điều khiển xe trên đường mà trong máu hoặc hơi thở có nồng độ cồn vượt quá 80 miligam/100 mililít máu hoặc vượt quá 0,4 miligam/1 lít khí thở bị xử phạt vi phạm hành chính như thế nào?","Hành vi điều khiển xe trên đường mà trong máu hoặc hơi thở có nồng độ cồn vượt quá 80 miligam/100 mililít máu hoặc vượt quá 0,4 miligam/1 lít khí thở (nồng độ cồn mức 3 - kịch khung) là hành vi vi phạm nghiêm trọng, bị áp dụng mức phạt tiền tối đa và bị tước quyền sử dụng giấy phép lái xe thời hạn tối đa.
Căn cứ pháp lý: Khoản 2 Điều 9 Luật Trật tự, an toàn giao thông đường bộ năm 2024; điểm a khoản 11, điểm c khoản 15 Điều 6; điểm d khoản 9, điểm c khoản 12 Điều 7; điểm a khoản 9 Điều 8 và điểm b khoản 4 Điều 9 Nghị định số 168/2024/NĐ-CP (được sửa đổi, bổ sung bởi Nghị định số 238/2026/NĐ-CP).
Mức xử phạt cụ thể:
- Đối với người điều khiển xe ô tô: Phạt tiền từ 30.000.000 đồng đến 40.000.000 đồng, đồng thời bị tước quyền sử dụng giấy phép lái xe từ 22 tháng đến 24 tháng (điểm a khoản 11, điểm c khoản 15 Điều 6).
- Đối với người điều khiển xe mô tô, xe gắn máy: Phạt tiền từ 8.000.000 đồng đến 10.000.000 đồng, đồng thời bị tước quyền sử dụng giấy phép lái xe từ 22 tháng đến 24 tháng (điểm d khoản 9, điểm c khoản 12 Điều 7).
- Đối với người điều khiển máy kéo, xe máy chuyên dùng: Phạt tiền từ 18.000.000 đồng đến 20.000.000 đồng (điểm a khoản 9 Điều 8).
- Đối với người điều khiển xe đạp, xe đạp máy: Phạt tiền từ 400.000 đồng đến 600.000 đồng (điểm b khoản 4 Điều 9).",http://pbgdpl.vinhphuc.gov.vn/ContentDetail/ReportDetailView?ReportInforId=a611e0c4-f3ff-4bfc-bfc2-1023d5a0c78f,
64,Hành vi không chấp hành yêu cầu kiểm tra về nồng độ cồn của người thi hành công vụ bị xử phạt vi phạm hành chính như thế nào?,"Hành vi không chấp hành yêu cầu kiểm tra về nồng độ cồn của người thi hành công vụ là hành vi chống đối, cản trở việc kiểm soát an toàn giao thông, bị xử phạt tương đương với mức vi phạm nồng độ cồn kịch khung (mức 3) và bị tước quyền sử dụng giấy phép lái xe từ 22 đến 24 tháng.
Căn cứ pháp lý: Khoản 4 Điều 9 Luật Trật tự, an toàn giao thông đường bộ năm 2024; điểm b khoản 11, điểm d khoản 16 Điều 6; điểm đ khoản 9, điểm d khoản 13 Điều 7; điểm b khoản 9 Điều 8 và điểm c khoản 4 Điều 9 Nghị định số 168/2024/NĐ-CP (được sửa đổi, bổ sung bởi Nghị định số 238/2026/NĐ-CP).
Mức xử phạt cụ thể:
- Đối với người điều khiển xe ô tô: Phạt tiền từ 30.000.000 đồng đến 40.000.000 đồng, đồng thời bị trừ 10 điểm giấy phép lái xe (điểm b khoản 11, điểm d khoản 16 Điều 6).
- Đối với người điều khiển xe mô tô, xe gắn máy: Phạt tiền từ 8.000.000 đồng đến 10.000.000 đồng, đồng thời bị trừ 10 điểm giấy phép lái xe (điểm đ khoản 9, điểm d khoản 13 Điều 7).
- Đối với người điều khiển máy kéo, xe máy chuyên dùng: Phạt tiền từ 16.000.000 đồng đến 18.000.000 đồng (điểm b khoản 9 Điều 8).
- Đối với người điều khiển xe đạp, xe đạp máy: Phạt tiền từ 400.000 đồng đến 600.000 đồng (điểm c khoản 4 Điều 9).",http://pbgdpl.vinhphuc.gov.vn/ContentDetail/ReportDetailView?ReportInforId=a611e0c4-f3ff-4bfc-bfc2-1023d5a0c78f,
65,Hành vi không có báo hiệu xin vượt trước khi vượt bị xử phạt vi phạm hành chính như thế nào?,"Hành vi không có tín hiệu báo hiệu trước khi vượt xe hoặc có tín hiệu nhưng không duy trì liên tục trong suốt quá trình vượt là hành vi vi phạm quy tắc vượt xe an toàn và bị xử phạt theo quy định.
Căn cứ pháp lý: Khoản 5 Điều 14 Luật Trật tự, an toàn giao thông đường bộ năm 2024; điểm a khoản 5, điểm a khoản 10, điểm a và điểm d khoản 16 Điều 6; điểm b khoản 1, điểm a khoản 10, điểm d khoản 13 Điều 7 Nghị định số 168/2024/NĐ-CP (được sửa đổi, bổ sung bởi Nghị định số 238/2026/NĐ-CP).
Mức xử phạt cụ thể:
- Đối với người điều khiển xe mô tô, xe gắn máy: Hành vi không có tín hiệu trước khi vượt hoặc có tín hiệu vượt xe nhưng không sử dụng trong suốt quá trình vượt xe bị phạt tiền từ 200.000 đồng đến 400.000 đồng (điểm b khoản 1 Điều 7). Hành vi này không bị trừ điểm giấy phép lái xe.
- Đối với người điều khiển xe ô tô: Nghị định số 168/2024/NĐ-CP không quy định riêng lỗi không bật tín hiệu xin vượt, mà việc vượt xe không đúng quy định hoặc vượt tại đoạn đường cấm vượt bị phạt tiền từ 4.000.000 đồng đến 6.000.000 đồng, đồng thời bị trừ 02 điểm giấy phép lái xe (điểm a khoản 5, điểm a khoản 16 Điều 6).
- Trường hợp vi phạm quy tắc vượt xe mà gây tai nạn giao thông: Phạt tiền từ 20.000.000 đồng đến 24.000.000 đồng, trừ 10 điểm giấy phép lái xe đối với ô tô (điểm a khoản 10 Điều 6); phạt tiền từ 10.000.000 đồng đến 14.000.000 đồng, trừ 10 điểm giấy phép lái xe đối với mô tô (điểm a khoản 10, điểm d khoản 13 Điều 7).",http://pbgdpl.vinhphuc.gov.vn/ContentDetail/ReportDetailView?ReportInforId=a611e0c4-f3ff-4bfc-bfc2-1023d5a0c78f,
66,Hành vi chở người ngồi trên xe sử dụng ô (dù) bị xử phạt vi phạm hành chính như thế nào?,"Người điều khiển xe mô tô, xe gắn máy chở người ngồi trên xe sử dụng ô (dù) là hành vi vi phạm quy tắc an toàn giao thông và bị xử phạt vi phạm hành chính.
Căn cứ pháp lý: Điểm d khoản 1 Điều 7 và điểm d khoản 2 Điều 12 Nghị định số 168/2024/NĐ-CP (được sửa đổi, bổ sung bởi Nghị định số 238/2026/NĐ-CP).
Mức xử phạt cụ thể:
- Đối với người điều khiển xe mô tô, xe gắn máy chở người ngồi trên xe sử dụng ô (dù): Phạt tiền từ 200.000 đồng đến 400.000 đồng (điểm d khoản 1 Điều 7). Không bị trừ điểm giấy phép lái xe.
- Đối với người được chở trên xe mô tô, xe gắn máy có hành vi sử dụng ô (dù): Phạt tiền từ 200.000 đồng đến 250.000 đồng (điểm d khoản 2 Điều 12).
- Đối với xe đạp, xe đạp máy: Người điều khiển hoặc người ngồi trên xe sử dụng ô (dù) bị phạt tiền từ 100.000 đồng đến 200.000 đồng (điểm h khoản 1 Điều 9 và khoản 1 Điều 12).",http://pbgdpl.vinhphuc.gov.vn/ContentDetail/ReportDetailView?ReportInforId=a611e0c4-f3ff-4bfc-bfc2-1023d5a0c78f,
67,"Hành vi không đội “mũ bảo hiểm cho người đi mô tô, xe máy” hoặc đội “mũ bảo hiểm cho người đi mô tô, xe máy” không cài quai đúng quy cách khi điều khiển xe tham gia giao thông trên đường bộ và chở người ngồi trên xe không đội “mũ bảo hiểm cho người đi mô tô, xe máy” hoặc đội “mũ bảo hiểm cho người đi mô tô, xe máy” không cài quai đúng quy cách, trừ trường hợp chở người bệnh đi cấp cứu, trẻ em dưới 06 tuổi, áp giải người có hành vi vi phạm pháp luật bị xử phạt vi phạm hành chính như thế nào?","Hành vi không đội mũ bảo hiểm cho người đi mô tô, xe máy hoặc đội mũ bảo hiểm không cài quai đúng quy cách khi tham gia giao thông trên đường bộ là hành vi vi phạm pháp luật và bị phạt tiền đối với cả người điều khiển lẫn người được chở trên xe.
Căn cứ pháp lý: Điểm h, điểm i khoản 2 Điều 7 và khoản 5 Điều 12 Nghị định số 168/2024/NĐ-CP (được sửa đổi, bổ sung bởi Nghị định số 238/2026/NĐ-CP).
Mức xử phạt cụ thể:
- Đối với người điều khiển xe mô tô, xe gắn máy:
+ Không đội mũ bảo hiểm cho người đi mô tô, xe máy hoặc đội mũ bảo hiểm không cài quai đúng quy cách: Phạt tiền từ 400.000 đồng đến 600.000 đồng (điểm h khoản 2 Điều 7).
+ Chở người ngồi trên xe không đội mũ bảo hiểm hoặc đội không cài quai đúng quy cách (trừ trường hợp chở người bệnh đi cấp cứu, trẻ em dưới 06 tuổi, áp giải người có hành vi vi phạm pháp luật): Phạt tiền từ 400.000 đồng đến 600.000 đồng (điểm i khoản 2 Điều 7).
- Đối với người được chở trên xe mô tô, xe gắn máy: Không đội mũ bảo hiểm hoặc đội mũ bảo hiểm không cài quai đúng quy cách khi tham gia giao thông bị phạt tiền từ 400.000 đồng đến 600.000 đồng (khoản 5 Điều 12).
- Trừ điểm Giấy phép lái xe: Các hành vi vi phạm về mũ bảo hiểm không bị trừ điểm giấy phép lái xe.",http://pbgdpl.vinhphuc.gov.vn/ContentDetail/ReportDetailView?ReportInforId=a611e0c4-f3ff-4bfc-bfc2-1023d5a0c78f,
68,Hành vi chở theo 03 người trên xe trở lên bị xử phạt vi phạm hành chính như thế nào?,"Hành vi điều khiển xe mô tô, xe gắn máy chở theo từ 03 người trở lên trên xe là hành vi vi phạm quy tắc an toàn giao thông đường bộ, bị phạt tiền và bị trừ điểm giấy phép lái xe.
Căn cứ pháp lý: Khoản 1 Điều 33 Luật Trật tự, an toàn giao thông đường bộ năm 2024; điểm b khoản 3, điểm b khoản 10, điểm a và điểm d khoản 13 Điều 7 Nghị định số 168/2024/NĐ-CP (được sửa đổi, bổ sung bởi Nghị định số 238/2026/NĐ-CP).
Mức xử phạt cụ thể:
- Phạt tiền: Từ 600.000 đồng đến 800.000 đồng (điểm b khoản 3 Điều 7).
- Trừ điểm Giấy phép lái xe: Bị trừ 02 điểm giấy phép lái xe (điểm a khoản 13 Điều 7).
- Lưu ý: Nếu thực hiện hành vi vi phạm này mà gây tai nạn giao thông thì bị phạt tiền từ 10.000.000 đồng đến 14.000.000 đồng và bị trừ 10 điểm giấy phép lái xe (điểm b khoản 10, điểm d khoản 13 Điều 7).",http://pbgdpl.vinhphuc.gov.vn/ContentDetail/ReportDetailView?ReportInforId=a611e0c4-f3ff-4bfc-bfc2-1023d5a0c78f,
69,"Hành vi bấm còi, rú ga (nẹt pô) liên tục trong đô thị, khu đông dân cư, trừ các xe ưu tiên đang đi làm nhiệm vụ theo quy định bị xử phạt vi phạm hành chính như thế nào?","Hành vi sử dụng còi, rú ga (nẹt pô) liên tục trong đô thị, khu đông dân cư là hành vi vi phạm pháp luật giao thông đường bộ, bị phạt tiền nặng và bị tước quyền sử dụng giấy phép lái xe đối với người điều khiển xe mô tô.
Căn cứ pháp lý: Điểm k khoản 9, điểm b khoản 12 Điều 7 và điểm b khoản 3 Điều 6 Nghị định số 168/2024/NĐ-CP (được sửa đổi, bổ sung bởi Nghị định số 238/2026/NĐ-CP).
Mức xử phạt cụ thể:
- Đối với người điều khiển xe mô tô, xe gắn máy:
+ Phạt tiền: Từ 8.000.000 đồng đến 10.000.000 đồng (điểm k khoản 9 Điều 7).
+ Hình thức xử phạt bổ sung: Bị tước quyền sử dụng giấy phép lái xe từ 10 tháng đến 12 tháng (điểm b khoản 12 Điều 7).
- Đối với người điều khiển xe ô tô: Hành vi sử dụng còi, rú ga liên tục trong khu dân cư (trừ các xe ưu tiên đang đi làm nhiệm vụ) bị phạt tiền từ 800.000 đồng đến 1.000.000 đồng (điểm b khoản 3 Điều 6), không bị trừ điểm giấy phép lái xe.",http://pbgdpl.vinhphuc.gov.vn/ContentDetail/ReportDetailView?ReportInforId=a611e0c4-f3ff-4bfc-bfc2-1023d5a0c78f,
70,"Người đang điều khiển xe hoặc chở người ngồi trên xe bám, kéo, đẩy xe khác, vật khác, dẫn dắt súc vật, mang vác vật cồng kềnh; chở người đứng trên yên, giá đèo hàng hoặc ngồi trên tay lái; xếp hàng hóa trên xe vượt quá giới hạn quy định; điều khiển xe kéo theo xe khác, vật khác bị xử phạt vi phạm hành chính như thế nào?","Hành vi điều khiển xe mô tô kéo đẩy xe khác, mang vác vật cồng kềnh hoặc chở người đứng trên yên xe, ngồi trên tay lái là hành vi vi phạm pháp luật giao thông đường bộ, bị phạt tiền và bị trừ điểm giấy phép lái xe.
Căn cứ pháp lý: Điểm đ khoản 3 Điều 33 Luật Trật tự, an toàn giao thông đường bộ năm 2024; điểm e, điểm g khoản 3, điểm b khoản 10, điểm d khoản 13 Điều 7 Nghị định số 168/2024/NĐ-CP (được sửa đổi, bổ sung bởi Nghị định số 238/2026/NĐ-CP).
Mức xử phạt cụ thể đối với người điều khiển xe mô tô, xe gắn máy:
- Phạt tiền: Từ 600.000 đồng đến 800.000 đồng cho một trong các hành vi:
+ Người đang điều khiển xe hoặc chở người ngồi trên xe bám, kéo, đẩy xe khác, vật khác, dẫn dắt vật nuôi, mang vác vật cồng kềnh; chở người đứng trên yên, giá đèo hàng hoặc ngồi trên tay lái của xe (điểm e khoản 3 Điều 7);
+ Điều khiển xe kéo theo xe khác, vật khác (điểm g khoản 3 Điều 7).
- Trừ điểm Giấy phép lái xe: Hành vi này ở điều kiện thông thường không bị trừ điểm giấy phép lái xe.
- Nếu gây tai nạn giao thông: Phạt tiền từ 10.000.000 đồng đến 14.000.000 đồng, đồng thời bị trừ 10 điểm giấy phép lái xe (điểm b khoản 10, điểm d khoản 13 Điều 7).",http://pbgdpl.vinhphuc.gov.vn/ContentDetail/ReportDetailView?ReportInforId=a611e0c4-f3ff-4bfc-bfc2-1023d5a0c78f,
71,Hành vi điều khiển xe chạy quá tốc độ quy định từ 10 km/h đến 20 km/h bị xử phạt vi phạm hành chính như thế nào?,"Hành vi điều khiển phương tiện chạy quá tốc độ quy định từ 10 km/h đến 20 km/h là hành vi vi phạm an toàn giao thông đường bộ, bị phạt tiền và bị trừ điểm giấy phép lái xe đối với người lái xe ô tô.
Căn cứ pháp lý: Điều 12 Luật Trật tự, an toàn giao thông đường bộ năm 2024; điểm đ khoản 5, điểm a khoản 16 Điều 6; điểm a khoản 4 Điều 7 và điểm a khoản 4 Điều 8 Nghị định số 168/2024/NĐ-CP (được sửa đổi, bổ sung bởi Nghị định số 238/2026/NĐ-CP).
Mức xử phạt cụ thể:
- Đối với người điều khiển xe ô tô: Phạt tiền từ 4.000.000 đồng đến 6.000.000 đồng, đồng thời bị trừ 02 điểm giấy phép lái xe.
- Đối với người điều khiển xe mô tô, xe gắn máy: Phạt tiền từ 800.000 đồng đến 1.000.000 đồng, không bị trừ điểm giấy phép lái xe.
- Đối với người điều khiển máy kéo, xe máy chuyên dùng: Phạt tiền từ 1.000.000 đồng đến 2.000.000 đồng, không bị trừ điểm giấy phép lái xe.",http://pbgdpl.vinhphuc.gov.vn/ContentDetail/ReportDetailView?ReportInforId=a611e0c4-f3ff-4bfc-bfc2-1023d5a0c78f,
72,"Hành vi không chấp hành hiệu lệnh của đèn tín hiệu giao thông và không chấp hành hiệu lệnh, hướng dẫn của người điều khiển giao thông hoặc người kiểm soát giao thông bị xử phạt vi phạm hành chính như thế nào?","Hành vi không chấp hành hiệu lệnh của đèn tín hiệu giao thông (vượt đèn đỏ, đèn vàng) và không chấp hành hiệu lệnh của người điều khiển giao thông là hành vi vi phạm quy tắc giao thông, bị phạt tiền nghiêm khắc và bị trừ điểm giấy phép lái xe.
Căn cứ pháp lý: Điểm b, điểm c khoản 9, điểm b khoản 16 Điều 6; điểm c, điểm d khoản 7, điểm b khoản 13 Điều 7; điểm b, điểm c khoản 7 Điều 8 và điểm b, điểm đ khoản 2 Điều 9 Nghị định số 168/2024/NĐ-CP (được sửa đổi, bổ sung bởi Nghị định số 238/2026/NĐ-CP).
Mức xử phạt cụ thể:
- Đối với người điều khiển xe ô tô: Phạt tiền từ 18.000.000 đồng đến 20.000.000 đồng, đồng thời bị trừ 04 điểm giấy phép lái xe cho mỗi hành vi vi phạm (điểm b, điểm c khoản 9, điểm b khoản 16 Điều 6).
- Đối với người điều khiển xe mô tô, xe gắn máy: Phạt tiền từ 4.000.000 đồng đến 6.000.000 đồng, đồng thời bị trừ 04 điểm giấy phép lái xe cho mỗi hành vi vi phạm (điểm c, điểm d khoản 7, điểm b khoản 13 Điều 7).
- Đối với người điều khiển máy kéo, xe máy chuyên dùng: Phạt tiền từ 6.000.000 đồng đến 8.000.000 đồng, đồng thời bị trừ 04 điểm giấy phép lái xe (điểm b, điểm c khoản 7 Điều 8).
- Đối với người điều khiển xe đạp, xe đạp máy, xe thô sơ: Phạt tiền từ 300.000 đồng đến 400.000 đồng (điểm b, điểm đ khoản 2 Điều 9).",http://pbgdpl.vinhphuc.gov.vn/ContentDetail/ReportDetailView?ReportInforId=a611e0c4-f3ff-4bfc-bfc2-1023d5a0c78f,
73,"Người đang điều khiển xe sử dụng ô (dù), điện thoại di động, thiết bị âm thanh, trừ thiết bị trợ thính bị xử phạt vi phạm hành chính như thế nào?","Người đang điều khiển xe mô tô, xe gắn máy sử dụng ô (dù), thiết bị âm thanh (trừ thiết bị trợ thính), dùng tay cầm và sử dụng điện thoại di động hoặc thiết bị điện tử khác là hành vi vi phạm pháp luật, bị phạt tiền và bị trừ điểm giấy phép lái xe.
Căn cứ pháp lý: Khoản 6 Điều 9, Điểm c Khoản 3 Điều 33, Khoản 2 Điều 31 Luật Trật tự, an toàn giao thông đường bộ năm 2024; điểm đ khoản 4, điểm b khoản 10, điểm b và điểm d khoản 13 Điều 7; điểm h khoản 1 Điều 9 Nghị định số 168/2024/NĐ-CP (được sửa đổi, bổ sung bởi Nghị định số 238/2026/NĐ-CP).
Mức xử phạt cụ thể:
- Đối với người điều khiển xe mô tô, xe gắn máy: Phạt tiền từ 800.000 đồng đến 1.000.000 đồng, đồng thời bị trừ 04 điểm giấy phép lái xe (điểm đ khoản 4, điểm b khoản 13 Điều 7). Nếu gây tai nạn giao thông thì bị phạt tiền từ 10.000.000 đồng đến 14.000.000 đồng và bị trừ 10 điểm giấy phép lái xe (điểm b khoản 10, điểm d khoản 13 Điều 7).
- Đối với người điều khiển xe đạp, xe đạp máy: Hành vi sử dụng ô (dù), dùng tay cầm và sử dụng điện thoại hoặc thiết bị điện tử khác bị phạt tiền từ 100.000 đồng đến 200.000 đồng (điểm h khoản 1 Điều 9).",http://pbgdpl.vinhphuc.gov.vn/ContentDetail/ReportDetailView?ReportInforId=a611e0c4-f3ff-4bfc-bfc2-1023d5a0c78f,
74,"hành vi điều khiển xe lạng lách hoặc đánh võng trên đường bộ trong, ngoài đô thị bị xử phạt vi phạm hành chính như thế nào?","Hành vi điều khiển phương tiện lạng lách hoặc đánh võng trên đường bộ là hành vi vi phạm trật tự an toàn giao thông đặc biệt nguy hiểm, bị phạt tiền rất nặng, bị tước quyền sử dụng giấy phép lái xe và có thể bị tịch thu phương tiện nếu tái phạm.
Căn cứ pháp lý: Khoản 12, khoản 13, khoản 14, điểm b và điểm c khoản 15 Điều 6; điểm a khoản 9, điểm b khoản 10, điểm c khoản 11, điểm b và điểm c khoản 12, điểm d khoản 13 Điều 7 Nghị định số 168/2024/NĐ-CP (được sửa đổi, bổ sung bởi Nghị định số 238/2026/NĐ-CP).
Mức xử phạt cụ thể:
- Đối với người điều khiển xe ô tô:
+ Phạt tiền: Từ 40.000.000 đồng đến 50.000.000 đồng (khoản 12 Điều 6).
+ Hình thức phạt bổ sung: Bị tước quyền sử dụng giấy phép lái xe từ 10 tháng đến 12 tháng (điểm b khoản 15 Điều 6).
+ Nếu tái phạm: Bị tịch thu phương tiện (khoản 14 Điều 6) và tước quyền sử dụng giấy phép lái xe từ 22 tháng đến 24 tháng (điểm c khoản 15 Điều 6).
+ Nếu gây tai nạn giao thông: Phạt tiền từ 50.000.000 đồng đến 70.000.000 đồng (khoản 13 Điều 6) và tước quyền sử dụng giấy phép lái xe từ 22 tháng đến 24 tháng (điểm c khoản 15 Điều 6).
- Đối với người điều khiển xe mô tô, xe gắn máy:
+ Phạt tiền: Từ 8.000.000 đồng đến 10.000.000 đồng (điểm a khoản 9 Điều 7).
+ Hình thức phạt bổ sung: Bị tước quyền sử dụng giấy phép lái xe từ 10 tháng đến 12 tháng (điểm b khoản 12 Điều 7).
+ Nếu tái phạm hoặc vi phạm nhiều lần: Bị tịch thu phương tiện (điểm a khoản 11 Điều 7) và tước quyền sử dụng giấy phép lái xe từ 22 tháng đến 24 tháng (điểm c khoản 12 Điều 7).
+ Nếu gây tai nạn giao thông: Phạt tiền từ 10.000.000 đồng đến 14.000.000 đồng, đồng thời bị trừ 10 điểm giấy phép lái xe (điểm b khoản 10, điểm d khoản 13 Điều 7).",http://pbgdpl.vinhphuc.gov.vn/ContentDetail/ReportDetailView?ReportInforId=a611e0c4-f3ff-4bfc-bfc2-1023d5a0c78f,
75,"hành vi gây tai nạn giao thông không dừng lại, không giữ nguyên hiện trường, bỏ trốn không đến trình báo với cơ quan có thẩm quyền, không tham gia cấp cứu người bị nạn bị xử phạt vi phạm hành chính như thế nào?","Hành vi gây tai nạn giao thông không dừng lại, không giữ nguyên hiện trường, bỏ trốn không đến trình báo với cơ quan có thẩm quyền, không tham gia cấp cứu người bị nạn là hành vi vi phạm nghiêm trọng, bị phạt tiền rất cao, bị trừ điểm giấy phép lái xe và có thể bị truy cứu trách nhiệm hình sự.
Căn cứ pháp lý:Khoản 26 Điều 9, Điều 80 Luật Trật tự, an toàn giao thông đường bộ năm 2024; khoản 8, điểm c khoản 16 Điều 6; điểm c khoản 9, điểm c khoản 13 Điều 7; điểm c khoản 8 Điều 8 Nghị định số 168/2024/NĐ-CP (được sửa đổi, bổ sung bởi Nghị định số 238/2026/NĐ-CP) và điểm c khoản 2 Điều 260 Bộ luật Hình sự năm 2015 (sửa đổi, bổ sung năm 2017).
Mức xử phạt cụ thể:
- Đối với người điều khiển xe ô tô: Phạt tiền từ 16.000.000 đồng đến 18.000.000 đồng, đồng thời bị trừ 06 điểm giấy phép lái xe (khoản 8, điểm c khoản 16 Điều 6).
- Đối với người điều khiển xe mô tô, xe gắn máy: Phạt tiền từ 8.000.000 đồng đến 10.000.000 đồng, đồng thời bị trừ 06 điểm giấy phép lái xe (điểm c khoản 9, điểm c khoản 13 Điều 7).
- Đối với người điều khiển máy kéo, xe máy chuyên dùng: Phạt tiền từ 14.000.000 đồng đến 16.000.000 đồng, không bị trừ điểm giấy phép lái xe (điểm c khoản 8 Điều 8).
- Trách nhiệm hình sự: Người vi phạm bỏ trốn để trốn tránh trách nhiệm hoặc cố ý không cứu giúp người bị nạn dẫn đến hậu quả chết người hoặc gây tổn hại sức khỏe nặng cho người khác thì bị truy cứu trách nhiệm hình sự theo điểm c khoản 2 Điều 260 Bộ luật Hình sự với khung hình phạt tù từ 03 năm đến 10 năm.",http://pbgdpl.vinhphuc.gov.vn/ContentDetail/ReportDetailView?ReportInforId=a611e0c4-f3ff-4bfc-bfc2-1023d5a0c78f,
76,"Hành vi điều khiển xe trên đường mà trong máu hoặc hơi thở có nồng độ cồn vượt quá 80 miligam/100 mililít máu hoặc vượt quá 0,4 miligam/1 lít khí thở bị xử phạt vi phạm hành chính như thế nào?","Hành vi điều khiển xe trên đường mà trong máu hoặc hơi thở có nồng độ cồn vượt quá 80 miligam/100 mililít máu hoặc vượt quá 0,4 miligam/1 lít khí thở (nồng độ cồn mức 3 - kịch khung) là hành vi vi phạm đặc biệt nghiêm trọng, bị xử phạt tiền ở mức cao nhất và bị tước quyền sử dụng giấy phép lái xe thời hạn tối đa.
Căn cứ pháp lý: Khoản 2 Điều 9 Luật Trật tự, an toàn giao thông đường bộ năm 2024; điểm a khoản 11, điểm c khoản 15 Điều 6; điểm d khoản 9, điểm c khoản 12 Điều 7; điểm a khoản 9 Điều 8 và điểm b khoản 4 Điều 9 Nghị định số 168/2024/NĐ-CP (được sửa đổi, bổ sung bởi Nghị định số 238/2026/NĐ-CP).
Mức xử phạt cụ thể:
- Đối với người điều khiển xe ô tô: Phạt tiền từ 30.000.000 đồng đến 40.000.000 đồng, đồng thời bị tước quyền sử dụng giấy phép lái xe từ 22 tháng đến 24 tháng (điểm a khoản 11, điểm c khoản 15 Điều 6).
- Đối với người điều khiển xe mô tô, xe gắn máy: Phạt tiền từ 8.000.000 đồng đến 10.000.000 đồng, đồng thời bị tước quyền sử dụng giấy phép lái xe từ 22 tháng đến 24 tháng (điểm d khoản 9, điểm c khoản 12 Điều 7).
- Đối với người điều khiển máy kéo, xe máy chuyên dùng: Phạt tiền từ 18.000.000 đồng đến 20.000.000 đồng (điểm a khoản 9 Điều 8).
- Đối với người điều khiển xe đạp, xe đạp máy: Phạt tiền từ 400.000 đồng đến 600.000 đồng (điểm b khoản 4 Điều 9).",http://pbgdpl.vinhphuc.gov.vn/ContentDetail/ReportDetailView?ReportInforId=a611e0c4-f3ff-4bfc-bfc2-1023d5a0c78f,
77,"Hành vi không đi bên phải theo chiều đi của mình, đi không đúng phần đường quy định; Dừng xe đột ngột; chuyển hướng không báo hiệu trước bị xử phạt vi phạm hành chính như thế nào?","Hành vi không đi bên phải theo chiều đi của mình, đi không đúng phần đường quy định; dừng xe đột ngột hoặc chuyển hướng không có báo hiệu trước là hành vi vi phạm quy tắc an toàn giao thông và bị xử phạt theo từng loại phương tiện.
Căn cứ pháp lý: Khoản 1 Điều 10, Điều 15 Luật Trật tự, an toàn giao thông đường bộ năm 2024; điểm c khoản 3, điểm b khoản 5, điểm a khoản 16 Điều 6; điểm a, điểm d khoản 3 Điều 7 và điểm a, điểm b khoản 1 Điều 9 Nghị định số 168/2024/NĐ-CP (được sửa đổi, bổ sung bởi Nghị định số 238/2026/NĐ-CP).
Mức xử phạt cụ thể:
- Đối với người điều khiển xe đạp, xe đạp máy, xe thô sơ: Phạt tiền từ 100.000 đồng đến 200.000 đồng cho mỗi hành vi vi phạm quy định tại điểm a, điểm b khoản 1 Điều 9.
- Đối với người điều khiển xe mô tô, xe gắn máy:
+ Đi không đúng phần đường, làn đường quy định hoặc không đi bên phải: Phạt tiền từ 600.000 đồng đến 800.000 đồng (điểm d khoản 3 Điều 7).
+ Chuyển hướng không giảm tốc độ hoặc không có tín hiệu báo hướng rẽ: Phạt tiền từ 600.000 đồng đến 800.000 đồng (điểm a khoản 3 Điều 7).
- Đối với người điều khiển xe ô tô:
+ Đi không đúng phần đường, làn đường quy định: Phạt tiền từ 4.000.000 đồng đến 6.000.000 đồng, bị trừ 02 điểm giấy phép lái xe (điểm b khoản 5, điểm a khoản 16 Điều 6).
+ Chuyển hướng không giảm tốc độ hoặc không có tín hiệu báo hướng rẽ: Phạt tiền từ 800.000 đồng đến 1.000.000 đồng (điểm c khoản 3 Điều 6).",http://pbgdpl.vinhphuc.gov.vn/ContentDetail/ReportDetailView?ReportInforId=a611e0c4-f3ff-4bfc-bfc2-1023d5a0c78f,
78,"Hành vi dùng xe đẩy làm quầy hàng lưu động trên đường, gây cản trở giao thông bị xử phạt vi phạm hành chính như thế nào?","Hành vi dùng xe đẩy làm quầy hàng lưu động trên đường gây cản trở giao thông là hành vi vi phạm trật tự, an toàn giao thông đường bộ và bị xử phạt tiền.
Căn cứ pháp lý: Điểm m khoản 1 Điều 9 và điểm e khoản 2 Điều 12 Nghị định số 168/2024/NĐ-CP (được sửa đổi, bổ sung bởi Nghị định số 238/2026/NĐ-CP).
Mức xử phạt cụ thể:
- Đối với người điều khiển phương tiện sử dụng xe đẩy làm quầy hàng lưu động trên đường gây cản trở giao thông: Phạt tiền từ 100.000 đồng đến 200.000 đồng (điểm m khoản 1 Điều 9).
- Đối với hành vi bán hàng rong hoặc bán hàng hóa nhỏ lẻ khác trên lòng đường đô thị, trên vỉa hè các tuyến phố có quy định cấm bán hàng: Phạt tiền từ  200.000 đồng đến 250.000 đồng đối với cá nhân, từ 200.000 đồng đến 400.000 đồng đối với tổ chức (điểm e khoản 2 Điều 12).
- Biện pháp khắc phục hậu quả: Buộc phải chấm dứt hành vi vi phạm, thu dọn quầy hàng, hàng hóa trả lại sự thông thoáng cho lòng đường, vỉa hè.",http://pbgdpl.vinhphuc.gov.vn/ContentDetail/ReportDetailView?ReportInforId=a611e0c4-f3ff-4bfc-bfc2-1023d5a0c78f,
79,"Hành vi không chấp hành hiệu lệnh, chỉ dẫn của người điều khiển giao thông hoặc người kiểm soát giao thông; Không chấp hành hiệu lệnh của đèn tín hiệu giao thông bị xử phạt vi phạm hành chính như thế nào?","Hành vi không chấp hành hiệu lệnh, chỉ dẫn của người điều khiển giao thông, người kiểm soát giao thông hoặc không chấp hành hiệu lệnh của đèn tín hiệu giao thông là hành vi vi phạm quy tắc giao thông đường bộ, bị xử phạt tiền và bị trừ điểm giấy phép lái xe theo từng loại phương tiện.
Căn cứ pháp lý: Điểm b, điểm đ khoản 2 Điều 9; điểm b, điểm c khoản 9, điểm b khoản 16 Điều 6; điểm c, điểm d khoản 7, điểm b khoản 13 Điều 7 Nghị định số 168/2024/NĐ-CP (được sửa đổi, bổ sung bởi Nghị định số 238/2026/NĐ-CP).
Mức xử phạt cụ thể:
- Đối với người điều khiển xe đạp, xe đạp máy, xe thô sơ khác: Phạt tiền từ 150.000 đồng đến 250.000 đồng cho mỗi hành vi vi phạm *(điểm b, điểm đ khoản 2 Điều 9).
- Đối với người điều khiển xe mô tô, xe gắn máy: Phạt tiền từ 4.000.000 đồng đến 6.000.000 đồng, đồng thời bị trừ 04 điểm giấy phép lái xe cho mỗi hành vi vi phạm (điểm c, điểm d khoản 7, điểm b khoản 13 Điều 7).
- Đối với người điều khiển xe ô tô: Phạt tiền từ 18.000.000 đồng đến 20.000.000 đồng, đồng thời bị trừ 04 điểm giấy phép lái xe cho mỗi hành vi vi phạm (điểm b, điểm c khoản 9, điểm b khoản 16 Điều 6).",http://pbgdpl.vinhphuc.gov.vn/ContentDetail/ReportDetailView?ReportInforId=a611e0c4-f3ff-4bfc-bfc2-1023d5a0c78f,
80,"Người điều khiển xe đạp máy (kể cả xe đạp điện) không đội “mũ bảo hiểm cho người đi mô tô, xe máy” hoặc đội “mũ bảo hiểm cho người đi mô tô, xe máy” không cài quai đúng quy cách khi tham gia giao thông trên đường bộ bị xử phạt vi phạm hành chính như thế nào?","Người điều khiển xe đạp máy (kể cả xe đạp điện) không đội mũ bảo hiểm cho người đi mô tô, xe máy hoặc đội mũ bảo hiểm không cài quai đúng quy cách khi tham gia giao thông trên đường bộ là hành vi vi phạm pháp luật và bị phạt tiền.
Căn cứ pháp lý: Điểm d khoản 4 Điều 9 Nghị định số 168/2024/NĐ-CP (được sửa đổi, bổ sung bởi Nghị định số 238/2026/NĐ-CP).
Mức xử phạt cụ thể:
- Phạt tiền: Từ 400.000 đồng đến 600.000 đồng.
- Trừ điểm Giấy phép lái xe: Xe đạp máy không yêu cầu giấy phép lái xe nên không áp dụng hình thức trừ điểm giấy phép lái xe.
- Lưu ý: Trường hợp chở người ngồi trên xe đạp máy không đội mũ bảo hiểm hoặc đội không cài quai đúng quy cách cũng bị phạt tiền từ 400.000 đồng đến 600.000 đồng (điểm đ khoản 4 Điều 9).",http://pbgdpl.vinhphuc.gov.vn/ContentDetail/ReportDetailView?ReportInforId=a611e0c4-f3ff-4bfc-bfc2-1023d5a0c78f,
81,"Hành vi điều khiển xe trên đường mà trong máu hoặc hơi thở có nồng độ cồn vượt quá 50 miligam đến 80 miligam/100 mililít máu hoặc vượt quá 0,25 miligam đến 0,4 miligam/1 lít khí thở bị xử phạt vi phạm hành chính như thế nào?","Hành vi điều khiển phương tiện trên đường mà trong máu hoặc hơi thở có nồng độ cồn vượt quá 50 miligam đến 80 miligam/100 mililít máu hoặc vượt quá 0,25 miligam đến 0,4 miligam/1 lít khí thở (nồng độ cồn mức 2) là hành vi vi phạm pháp luật, bị phạt tiền rất nặng và bị trừ điểm giấy phép lái xe ở mức cao.
Căn cứ pháp lý: Khoản 2 Điều 9 Luật Trật tự, an toàn giao thông đường bộ năm 2024; điểm a khoản 9, điểm d khoản 16 Điều 6; điểm b khoản 8, điểm d khoản 13 Điều 7; điểm a khoản 7 Điều 8 và điểm d khoản 3 Điều 9 Nghị định số 168/2024/NĐ-CP (được sửa đổi, bổ sung bởi Nghị định số 238/2026/NĐ-CP).
Mức xử phạt cụ thể:
- Đối với người điều khiển xe ô tô: Phạt tiền từ 18.000.000 đồng đến 20.000.000 đồng, đồng thời bị trừ 10 điểm giấy phép lái xe (điểm a khoản 9, điểm d khoản 16 Điều 6).
- Đối với người điều khiển xe mô tô, xe gắn máy: Phạt tiền từ 6.000.000 đồng đến 8.000.000 đồng, đồng thời bị trừ 10 điểm giấy phép lái xe (điểm b khoản 8, điểm d khoản 13 Điều 7).
- Đối với người điều khiển máy kéo, xe máy chuyên dùng: Phạt tiền từ 6.000.000 đồng đến 8.000.000 đồng, không bị trừ điểm giấy phép lái xe (điểm a khoản 7 Điều 8).
- Đối với người điều khiển xe đạp, xe đạp máy: Phạt tiền từ 300.000 đồng đến 400.000 đồng (điểm d khoản 3 Điều 9).",http://pbgdpl.vinhphuc.gov.vn/ContentDetail/ReportDetailView?ReportInforId=a611e0c4-f3ff-4bfc-bfc2-1023d5a0c78f,
82,"Hành vi điều khiển xe trên đường mà trong máu hoặc hơi thở có nồng độ cồn vượt quá 80 miligam/100 mililít máu hoặc vượt quá 0,4 miligam/1 lít khí thở và không chấp hành yêu cầu kiểm tra về nồng độ cồn của người thi hành công vụ bị xử phạt vi phạm hành chính như thế nào?","Hành vi điều khiển xe có nồng độ cồn vượt quá 80 miligam/100 mililít máu hoặc vượt quá 0,4 miligam/1 lít khí thở (mức 3) và hành vi không chấp hành yêu cầu kiểm tra về nồng độ cồn của người thi hành công vụ đều là các vi phạm ở mức nghiêm trọng nhất, bị áp dụng mức phạt tiền tối đa và tước quyền sử dụng giấy phép lái xe từ 22 đến 24 tháng.
Căn cứ pháp lý: Khoản 2, Khoản 4 Điều 9 Luật Trật tự, an toàn giao thông đường bộ năm 2024; điểm a, điểm b khoản 11, điểm c khoản 15 Điều 6; điểm d, điểm đ khoản 9, điểm c khoản 12 Điều 7; điểm a, điểm b khoản 9 Điều 8 và điểm b, điểm c khoản 4 Điều 9 Nghị định số 168/2024/NĐ-CP (được sửa đổi, bổ sung bởi Nghị định số 238/2026/NĐ-CP).
Mức xử phạt cụ thể:
- Đối với người điều khiển xe ô tô: Phạt tiền từ 30.000.000 đồng đến 40.000.000 đồng, đồng thời bị tước quyền sử dụng giấy phép lái xe từ 22 tháng đến 24 tháng cho mỗi hành vi vi phạm (điểm a, điểm b khoản 11, điểm c khoản 15 Điều 6).
- Đối với người điều khiển xe mô tô, xe gắn máy: Phạt tiền từ 8.000.000 đồng đến 10.000.000 đồng, đồng thời bị tước quyền sử dụng giấy phép lái xe từ 22 tháng đến 24 tháng cho mỗi hành vi vi phạm (điểm d, điểm đ khoản 9, điểm c khoản 12 Điều 7).
- Đối với người điều khiển máy kéo, xe máy chuyên dùng: Phạt tiền từ 18.000.000 đồng đến 20.000.000 đồng cho mỗi hành vi vi phạm (điểm a, điểm b khoản 9 Điều 8).
- Đối với người điều khiển xe đạp, xe đạp máy: Phạt tiền từ 400.000 đồng đến 600.000 đồng cho mỗi hành vi vi phạm (điểm b, điểm c khoản 4 Điều 9).",http://pbgdpl.vinhphuc.gov.vn/ContentDetail/ReportDetailView?ReportInforId=a611e0c4-f3ff-4bfc-bfc2-1023d5a0c78f,
83,"Chị L muốn biết Nghị định quy định xử phạt vi phạm hành chính trong lĩnh vực giao thông đường bộ có quy định xử phạt đối với người điều khiển các loại máy kéo, các loại xe tương tự xe ô tô, các loại xe tương tự xe mô tô, xe máy điện, các loại xe tương tự xe gắn máy, xe máy điện. Xin hãy làm rõ những loại phương tiện này để phân biệt trên thực tế?","Nghị định số 168/2024/NĐ-CP quy định chi tiết việc xử phạt đối với từng nhóm phương tiện cơ giới, xe máy chuyên dùng và các loại xe tương tự để đảm bảo tính bao quát và chính xác trong thực tiễn áp dụng pháp luật.
Căn cứ pháp lý: Điều 2, Điều 34 Luật Trật tự, an toàn giao thông đường bộ năm 2024; Điều 3, Điều 6, Điều 7, Điều 8 và Điều 21 Nghị định số 168/2024/NĐ-CP (được sửa đổi, bổ sung bởi Nghị định số 238/2026/NĐ-CP).
Phân biệt cụ thể trên thực tế:
- Máy kéo: Là loại xe gồm phần đầu máy tự di chuyển, dùng để kéo rơ moóc hoặc kéo, đẩy các loại máy móc làm việc khác (áp dụng xử phạt theo quy định tại Điều 8 và Điều 21).
- Các loại xe tương tự xe ô tô: Là loại phương tiện giao thông đường bộ chạy bằng động cơ có từ hai trục, từ bốn bánh xe trở lên và có kết cấu tương tự xe ô tô (trừ xe mô tô ba bánh gắn động cơ), áp dụng các quy định xử phạt như xe ô tô tại Điều 6.
- Xe mô tô: Là xe cơ giới hai hoặc ba bánh chạy bằng động cơ, có dung tích xi lanh từ 50 cm3 trở lên hoặc công suất động cơ điện lớn hơn 4 kW (gồm xe máy phân khối lớn, xe tay ga, xe số). Các loại xe tương tự xe mô tô là phương tiện chạy bằng động cơ có kết cấu tương tự mô tô hai hoặc ba bánh (áp dụng Điều 7).
- Xe gắn máy và xe máy điện: Xe gắn máy là xe cơ giới hai hoặc ba bánh chạy bằng động cơ có vận tốc thiết kế lớn nhất không quá 50 km/h, nếu là động cơ nhiệt thì dung tích xi lanh không quá 50 cm3; nếu chạy bằng động cơ điện thì công suất không quá 4 kW (bao gồm xe máy điện). Các phương tiện này được áp dụng mức phạt như xe gắn máy quy định tại Điều 7.",https://pbgdpl.cantho.gov.vn/bo-cau-hoi-tinh-huong-va-giai-dap-phap-luat-ve-quy-dinh-xu-phat-vi-pham-hanh-chinh-trong-linh-vuc-giao-thong-duong-bo-va-duong-sat-theo-quy-dinh-tai-nghi-dinh-so-1002019nd-cp,
84,"Anh B huyện X muốn biết khi tôi lái xe ô tô đi trên đường mà không chấp hành hiệu lệnh, chỉ dẫn của biển báo hiệu, vạch kẻ đường thì bị XPVP như thế nào?","Hành vi điều khiển xe ô tô không chấp hành hiệu lệnh, chỉ dẫn của biển báo hiệu, vạch kẻ đường khi tham gia giao thông là hành vi vi phạm quy tắc giao thông đường bộ và bị phạt tiền.
Căn cứ pháp lý: Khoản 1 Điều 10 Luật Trật tự, an toàn giao thông đường bộ năm 2024; điểm a khoản 1, điểm b khoản 10, điểm d khoản 16 Điều 6 Nghị định số 168/2024/NĐ-CP (được sửa đổi, bổ sung bởi Nghị định số 238/2026/NĐ-CP).
Mức xử phạt cụ thể:
- Phạt tiền: Từ 400.000 đồng đến 600.000 đồng (điểm a khoản 1 Điều 6).
- Trừ điểm Giấy phép lái xe: Hành vi này thông thường không bị trừ điểm giấy phép lái xe.
- Trường hợp đặc biệt: Nếu không chấp hành hiệu lệnh, chỉ dẫn của biển báo hiệu, vạch kẻ đường mà gây tai nạn giao thông thì bị phạt tiền từ 20.000.000 đồng đến 22.000.000 đồng, đồng thời bị trừ 10 điểm giấy phép lái xe (điểm b khoản 10, điểm d khoản 16 Điều 6).
- Lưu ý: Nếu hành vi không chấp hành biển báo trùng với các lỗi đặc thù khác như đi vào đường cấm, đi ngược chiều, cấm dừng cấm đỗ, vượt đèn đỏ... thì sẽ bị xử phạt theo các quy định riêng tương ứng với mức phạt cao hơn.",https://pbgdpl.cantho.gov.vn/bo-cau-hoi-tinh-huong-va-giai-dap-phap-luat-ve-quy-dinh-xu-phat-vi-pham-hanh-chinh-trong-linh-vuc-giao-thong-duong-bo-va-duong-sat-theo-quy-dinh-tai-nghi-dinh-so-1002019nd-cp,
85,Anh Đ điều khiển xe ô tô tham gia giao thông mà khi chuyển hướng không nhường đường cho: Các xe đi ngược chiều; người đi bộ đang qua đường tại nơi không có vạch kẻ đường cho người đi bộ thì có bị xử phạt không? Nếu có mức xử phạt là bao nhiêu?,"Hành vi điều khiển xe ô tô chuyển hướng không nhường đường cho xe đi ngược chiều, người đi bộ đang qua đường tại nơi không có vạch kẻ đường cho người đi bộ là hành vi vi phạm pháp luật giao thông đường bộ, bị phạt tiền và bị trừ điểm giấy phép lái xe.
Căn cứ pháp lý: Điểm m khoản 5, điểm a khoản 10, điểm d khoản 16 Điều 6 Nghị định số 168/2024/NĐ-CP (được sửa đổi, bổ sung bởi Nghị định số 238/2026/NĐ-CP).
Mức xử phạt cụ thể:
- Phạt tiền: Từ 4.000.000 đồng đến 6.000.000 đồng (điểm m khoản 5 Điều 6).
- Trừ điểm Giấy phép lái xe: Hành vi này ở điều kiện thông thường không bị trừ điểm giấy phép lái xe.
- Trường hợp gây tai nạn giao thông: Phạt tiền từ 20.000.000 đồng đến 24.000.000 đồng, đồng thời bị trừ 10 điểm giấy phép lái xe (điểm a khoản 10, điểm d khoản 16 Điều 6).",https://pbgdpl.cantho.gov.vn/bo-cau-hoi-tinh-huong-va-giai-dap-phap-luat-ve-quy-dinh-xu-phat-vi-pham-hanh-chinh-trong-linh-vuc-giao-thong-duong-bo-va-duong-sat-theo-quy-dinh-tai-nghi-dinh-so-1002019nd-cp,
86,Chị T điều khiển xe ô tô khi tham gia giao thông chị đã dừng xe không có tín hiệu báo cho người điều khiển phương tiện khác biết. Hành vi của chị có bị xử phạt không? Nếu có mức phạt là bao nhiêu?,"Hành vi điều khiển xe ô tô dừng xe mà không có tín hiệu báo cho người điều khiển phương tiện khác biết khi ra, vào vị trí dừng xe là hành vi vi phạm quy tắc an toàn giao thông và bị xử phạt vi phạm hành chính.
Căn cứ pháp lý: Điểm a khoản 3 Điều 18 Luật Trật tự, an toàn giao thông đường bộ năm 2024; điểm b khoản 1, điểm b khoản 10, điểm d khoản 16 Điều 6 Nghị định số 168/2024/NĐ-CP (được sửa đổi, bổ sung bởi Nghị định số 238/2026/NĐ-CP).
Mức xử phạt cụ thể:
- Phạt tiền: Từ 400.000 đồng đến 600.000 đồng (điểm b khoản 1 Điều 6).
- Trừ điểm Giấy phép lái xe: Hành vi này không bị trừ điểm giấy phép lái xe.
- Nếu thực hiện hành vi vi phạm này mà gây tai nạn giao thông: Phạt tiền từ 20.000.000 đồng đến 22.000.000 đồng, đồng thời bị trừ 10 điểm giấy phép lái xe (điểm b khoản 10, điểm d khoản 16 Điều 6).",https://pbgdpl.cantho.gov.vn/bo-cau-hoi-tinh-huong-va-giai-dap-phap-luat-ve-quy-dinh-xu-phat-vi-pham-hanh-chinh-trong-linh-vuc-giao-thong-duong-bo-va-duong-sat-theo-quy-dinh-tai-nghi-dinh-so-1002019nd-cp,
87,"Anh N lái xe taxi, anh xin hỏi nếu chở nhiều người ngồi trên buồng lái thì bị phạt tiền bao nhiêu?","Lái xe taxi chở nhiều người ngồi trên buồng lái vượt quá số lượng quy định là hành vi vi phạm quy định về bảo đảm an toàn giao thông đường bộ và bị phạt tiền.
Căn cứ pháp lý: Điểm b khoản 2 Điều 6 Nghị định số 168/2024/NĐ-CP (được sửa đổi, bổ sung bởi Nghị định số 238/2026/NĐ-CP).
Mức xử phạt cụ thể:
- Phạt tiền: Từ 600.000 đồng đến 800.000 đồng.
- Trừ điểm Giấy phép lái xe: Hành vi này không bị trừ điểm giấy phép lái xe.
- Lưu ý: Ngoài số người được chở trên buồng lái (thường là 01 người bên cạnh người lái xe theo thiết kế), nếu tổng số người trên xe vượt quá số người được phép chở theo chứng nhận đăng kiểm thì còn bị xử phạt thêm lỗi chở quá số người quy định trong hoạt động vận tải khách theo quy định tại Điều 20 Nghị định số 168/2024/NĐ-CP.",https://pbgdpl.cantho.gov.vn/bo-cau-hoi-tinh-huong-va-giai-dap-phap-luat-ve-quy-dinh-xu-phat-vi-pham-hanh-chinh-trong-linh-vuc-giao-thong-duong-bo-va-duong-sat-theo-quy-dinh-tai-nghi-dinh-so-1002019nd-cp,
88,"Anh T muốn biết đối với các xe không phải xe ưu tiên mà người lái xe ô tô bấm còi, rú ga liên tục, sử  dụng đèn chiếu xa trong khu dân cư bị xử phạt như thế nào?","Người điều khiển xe ô tô (không phải xe ưu tiên) bấm còi, rú ga liên tục hoặc sử dụng đèn chiếu xa trong khu đô thị, khu dân cư là hành vi vi phạm pháp luật và bị xử phạt theo từng hành vi cụ thể.
Căn cứ pháp lý: Khoản 2 Điều 20, Khoản 2 Điều 21 Luật Trật tự, an toàn giao thông đường bộ năm 2024; Điểm đ khoản 1, điểm b khoản 3 Điều 6 và điểm d khoản 5, điểm a khoản 13 Điều 13 Nghị định số 168/2024/NĐ-CP (được sửa đổi, bổ sung bởi Nghị định số 238/2026/NĐ-CP).
Mức xử phạt cụ thể đối với người điều khiển xe ô tô:
- Phạt tiền từ 400.000 đồng đến 600.000 đồng đối với hành vi bấm còi trong đô thị và khu đông dân cư trong thời gian từ 22 giờ ngày hôm trước đến 05 giờ ngày hôm sau, trừ các xe ưu tiên đang đi làm nhiệm vụ (điểm đ khoản 1 Điều 6).
- Phạt tiền từ 800.000 đồng đến 1.000.000 đồng đối với hành vi sử dụng còi, rú ga liên tục; sử dụng đèn chiếu xa khi đi trên đoạn đường qua khu dân cư có hệ thống chiếu sáng đang hoạt động hoặc khi gặp xe đi ngược chiều (điểm b khoản 3 Điều 6). Không bị trừ điểm giấy phép lái xe.
- Phạt tiền từ 3.000.000 đồng đến 4.000.000 đồng đối với hành vi bấm còi hơi trong đô thị, khu đông dân cư, trừ các xe ưu tiên đang đi làm nhiệm vụ; đồng thời bị trừ 02 điểm giấy phép lái xe (điểm d khoản 5, điểm a khoản 13 Điều 13).",https://pbgdpl.cantho.gov.vn/bo-cau-hoi-tinh-huong-va-giai-dap-phap-luat-ve-quy-dinh-xu-phat-vi-pham-hanh-chinh-trong-linh-vuc-giao-thong-duong-bo-va-duong-sat-theo-quy-dinh-tai-nghi-dinh-so-1002019nd-cp,
89,Chị H ngồi trên xe ô tô không thắt dây an toàn khi xe đang chạy có bị xử phạt vi phạm không? Nếu bị phạt thì chị bị xử phạt với mức phạt là bao nhiêu?,"Hành vi ngồi trên xe ô tô không thắt dây an toàn khi xe đang chạy là hành vi vi phạm pháp luật giao thông đường bộ, bị xử phạt tiền đối với chính người ngồi trên xe và người điều khiển xe cũng bị xử phạt.
Căn cứ pháp lý: Khoản 2 Điều 10 Luật Trật tự, an toàn giao thông đường bộ năm 2024; điểm l khoản 3 Điều 6 và khoản 4 Điều 12 Nghị định số 168/2024/NĐ-CP (được sửa đổi, bổ sung bởi Nghị định số 238/2026/NĐ-CP).
Mức xử phạt cụ thể:
- Đối với chị H (người được chở trên xe ô tô): Phạt tiền từ 350.000 đồng đến 400.000 đồng về hành vi không thắt dây đai an toàn (tại vị trí có trang bị dây đai an toàn) khi xe đang chạy (khoản 4 Điều 12).
- Đối với người điều khiển xe ô tô: Bị phạt tiền từ 800.000 đồng đến 1.000.000 đồng về hành vi chở người trên xe ô tô không thắt dây đai an toàn (tại vị trí có trang bị dây đai an toàn) khi xe đang chạy (điểm l khoản 3 Điều 6).
- Trừ điểm Giấy phép lái xe: Hành vi này không bị trừ điểm giấy phép lái xe.",https://pbgdpl.cantho.gov.vn/bo-cau-hoi-tinh-huong-va-giai-dap-phap-luat-ve-quy-dinh-xu-phat-vi-pham-hanh-chinh-trong-linh-vuc-giao-thong-duong-bo-va-duong-sat-theo-quy-dinh-tai-nghi-dinh-so-1002019nd-cp,
90,"Chị T muốn hỏi có nhiều người vẫn có thói quen dùng tay sử dụng điện thoại di động khi đang lái xe ô tô, xe máy thì hành vi này bị xử phạt như thế nào theo quy định?","Hành vi dùng tay cầm và sử dụng điện thoại di động khi đang điều khiển xe ô tô hoặc xe máy chạy trên đường là hành vi vi phạm pháp luật, bị phạt tiền và bị trừ điểm giấy phép lái xe.
Căn cứ pháp lý: Khoản 6 Điều 9 Luật Trật tự, an toàn giao thông đường bộ năm 2024; điểm h khoản 5, điểm b khoản 10, điểm b và điểm d khoản 16 Điều 6; điểm đ khoản 4, điểm b khoản 10, điểm b và điểm d khoản 13 Điều 7 Nghị định số 168/2024/NĐ-CP (được sửa đổi, bổ sung bởi Nghị định số 238/2026/NĐ-CP).
Mức xử phạt cụ thể:
- Đối với người điều khiển xe ô tô: Phạt tiền từ 4.000.000 đồng đến 6.000.000 đồng, đồng thời bị trừ 04 điểm giấy phép lái xe (điểm h khoản 5, điểm b khoản 16 Điều 6). Nếu gây tai nạn giao thông thì bị phạt từ 20.000.000 đồng đến 24.000.000 đồng và bị trừ 10 điểm giấy phép lái xe (điểm b khoản 10, điểm d khoản 16 Điều 6).
- Đối với người điều khiển xe mô tô, xe gắn máy: Phạt tiền từ 800.000 đồng đến 1.000.000 đồng, đồng thời bị trừ 04 điểm giấy phép lái xe (điểm đ khoản 4, điểm b khoản 13 Điều 7). Nếu gây tai nạn giao thông thì bị phạt từ 10.000.000 đồng đến 14.000.000 đồng và bị trừ 10 điểm giấy phép lái xe (điểm b khoản 10, điểm d khoản 13 Điều 7).",https://pbgdpl.cantho.gov.vn/bo-cau-hoi-tinh-huong-va-giai-dap-phap-luat-ve-quy-dinh-xu-phat-vi-pham-hanh-chinh-trong-linh-vuc-giao-thong-duong-bo-va-duong-sat-theo-quy-dinh-tai-nghi-dinh-so-1002019nd-cp,
91,"Anh B lái xe không đủ điều kiện để thu phí tự động không dừng đi mà chị chạy vào làn đường dành riêng thu phí theo hình thức tự động không dừng tại các trạm thu phí, hành vi này có bị xử phạt không? Nếu có mức phạt là bao nhiêu?","Hành vi điều khiển xe không đủ điều kiện để thu phí theo hình thức điện tử không dừng (ETC) đi vào làn đường dành riêng thu phí tự động không dừng tại các trạm thu phí là hành vi vi phạm pháp luật, bị phạt tiền và bị trừ điểm giấy phép lái xe.
Căn cứ pháp lý: Điểm a khoản 4, điểm a khoản 16 Điều 6 Nghị định số 168/2024/NĐ-CP (được sửa đổi, bổ sung bởi Nghị định số 238/2026/NĐ-CP).
Mức xử phạt cụ thể:
- Phạt tiền: Từ 2.000.000 đồng đến 3.000.000 đồng.
- Trừ điểm Giấy phép lái xe: Bị trừ 02 điểm giấy phép lái xe.
- Lưu ý: Xe không đủ điều kiện gồm xe không gắn thẻ đầu cuối hoặc gắn thẻ đầu cuối nhưng số tiền trong tài khoản thu phí không đủ để chi trả khi qua trạm.",https://pbgdpl.cantho.gov.vn/bo-cau-hoi-tinh-huong-va-giai-dap-phap-luat-ve-quy-dinh-xu-phat-vi-pham-hanh-chinh-trong-linh-vuc-giao-thong-duong-bo-va-duong-sat-theo-quy-dinh-tai-nghi-dinh-so-1002019nd-cp,
92,"Chị H muốn biết khi người tham gia giao thông có hành vi lái xe ô tô, gắn máy vượt đèn đỏ, đèn vàng hay không chấp hành hiệu lệnh của CSGT bị xử phạt như thế nào?","Hành vi điều khiển xe ô tô, xe máy vượt đèn đỏ, đèn vàng hoặc không chấp hành hiệu lệnh của Cảnh sát giao thông là hành vi vi phạm pháp luật giao thông đường bộ nghiêm trọng, bị phạt tiền ở mức cao và bị trừ điểm giấy phép lái xe.
Căn cứ pháp lý: Điểm b, điểm c khoản 9, điểm b khoản 16 Điều 6 và điểm c, điểm d khoản 7, điểm b khoản 13 Điều 7 Nghị định số 168/2024/NĐ-CP (được sửa đổi, bổ sung bởi Nghị định số 238/2026/NĐ-CP).
Mức xử phạt cụ thể:
- Đối với người điều khiển xe ô tô:
+ Vượt đèn đỏ, đèn vàng: Phạt tiền từ 18.000.000 đồng đến 20.000.000 đồng, đồng thời bị trừ 04 điểm giấy phép lái xe (điểm b khoản 9, điểm b khoản 16 Điều 6).
+ Không chấp hành hiệu lệnh của CSGT: Phạt tiền từ 18.000.000 đồng đến 20.000.000 đồng, đồng thời bị trừ 04 điểm giấy phép lái xe (điểm c khoản 9, điểm b khoản 16 Điều 6).
- Đối với người điều khiển xe mô tô, xe gắn máy:
+ Vượt đèn đỏ, đèn vàng: Phạt tiền từ 4.000.000 đồng đến 6.000.000 đồng, đồng thời bị trừ 04 điểm giấy phép lái xe (điểm c khoản 7, điểm b khoản 13 Điều 7).
+ Không chấp hành hiệu lệnh của CSGT: Phạt tiền từ 4.000.000 đồng đến 6.000.000 đồng, đồng thời bị trừ 04 điểm giấy phép lái xe (điểm d khoản 7, điểm b khoản 13 Điều 7).",https://pbgdpl.cantho.gov.vn/bo-cau-hoi-tinh-huong-va-giai-dap-phap-luat-ve-quy-dinh-xu-phat-vi-pham-hanh-chinh-trong-linh-vuc-giao-thong-duong-bo-va-duong-sat-theo-quy-dinh-tai-nghi-dinh-so-1002019nd-cp,
93,Anh K lái xe ô tô chạy quá tốc độ thì bị xử phạt như thế nào?,"Người điều khiển xe ô tô chạy quá tốc độ quy định bị xử phạt vi phạm hành chính với các mức phạt tiền tăng dần theo từng dải tốc độ vượt và bị trừ điểm giấy phép lái xe.
Căn cứ pháp lý: Điểm a khoản 3; điểm đ khoản 5; điểm a khoản 6; điểm a khoản 7; điểm a khoản 10 và khoản 16 Điều 6 Nghị định số 168/2024/NĐ-CP (được sửa đổi, bổ sung bởi Nghị định số 238/2026/NĐ-CP).
Mức xử phạt cụ thể đối với người điều khiển xe ô tô:
- Vượt quá tốc độ từ 05 km/h đến dưới 10 km/h: Phạt tiền từ 800.000 đồng đến 1.000.000 đồng (điểm a khoản 3), không bị trừ điểm giấy phép lái xe.
- Vượt quá tốc độ từ 10 km/h đến 20 km/h: Phạt tiền từ 4.000.000 đồng đến 6.000.000 đồng (điểm đ khoản 5), đồng thời bị trừ 02 điểm giấy phép lái xe (điểm a khoản 16).
- Vượt quá tốc độ từ trên 20 km/h đến 35 km/h: Phạt tiền từ 6.000.000 đồng đến 8.000.000 đồng (điểm a khoản 6), đồng thời bị trừ 04 điểm giấy phép lái xe (điểm b khoản 16).
- Vượt quá tốc độ trên 35 km/h: Phạt tiền từ 12.000.000 đồng đến 14.000.000 đồng (điểm a khoản 7), đồng thời bị trừ 06 điểm giấy phép lái xe (điểm c khoản 16).
- Nếu chạy quá tốc độ quy định mà gây tai nạn giao thông: Phạt tiền từ 20.000.000 đồng đến 22.000.000 đồng, đồng thời bị trừ 10 điểm giấy phép lái xe (điểm a khoản 10, điểm d khoản 16).",https://pbgdpl.cantho.gov.vn/bo-cau-hoi-tinh-huong-va-giai-dap-phap-luat-ve-quy-dinh-xu-phat-vi-pham-hanh-chinh-trong-linh-vuc-giao-thong-duong-bo-va-duong-sat-theo-quy-dinh-tai-nghi-dinh-so-1002019nd-cp,
94,"Anh B muốn biết mức phạt tiền đối với hành vi lái xe ô tô sau khi uống rượu khi tham gia giao thông, vậy mức phạt cụ thể như thế nào?","Hành vi điều khiển xe ô tô trên đường sau khi uống rượu, bia (trong máu hoặc hơi thở có nồng độ cồn) là hành vi bị nghiêm cấm, bị xử phạt tiền rất nặng và bị trừ điểm hoặc tước quyền sử dụng giấy phép lái xe tùy theo mức nồng độ cồn.
Căn cứ pháp lý: Khoản 2 Điều 9 Luật Trật tự, an toàn giao thông đường bộ năm 2024; điểm c khoản 6, điểm a khoản 9, điểm a khoản 11, khoản 15 và khoản 16 Điều 6 Nghị định số 168/2024/NĐ-CP (được sửa đổi, bổ sung bởi Nghị định số 238/2026/NĐ-CP).
Mức xử phạt cụ thể đối với người điều khiển xe ô tô:
- Mức 1 (chưa vượt quá 50 miligam/100 mililít máu hoặc chưa vượt quá 0,25 miligam/1 lít khí thở): Phạt tiền từ 6.000.000 đồng đến 8.000.000 đồng, đồng thời bị trừ 04 điểm giấy phép lái xe (điểm c khoản 6, điểm b khoản 16 Điều 6).
- Mức 2 (vượt quá 50 miligam đến 80 miligam/100 mililít máu hoặc vượt quá 0,25 miligam đến 0,4 miligam/1 lít khí thở): Phạt tiền từ 18.000.000 đồng đến 20.000.000 đồng, đồng thời bị trừ 10 điểm giấy phép lái xe (điểm a khoản 9, điểm d khoản 16 Điều 6).
- Mức 3 (vượt quá 80 miligam/100 mililít máu hoặc vượt quá 0,4 miligam/1 lít khí thở): Phạt tiền từ 30.000.000 đồng đến 40.000.000 đồng, đồng thời bị tước quyền sử dụng giấy phép lái xe từ 22 tháng đến 24 tháng (điểm a khoản 11, điểm c khoản 15 Điều 6).",https://pbgdpl.cantho.gov.vn/bo-cau-hoi-tinh-huong-va-giai-dap-phap-luat-ve-quy-dinh-xu-phat-vi-pham-hanh-chinh-trong-linh-vuc-giao-thong-duong-bo-va-duong-sat-theo-quy-dinh-tai-nghi-dinh-so-1002019nd-cp,
95,"Chị N thấy nhiều người đi xe máy trên đường không xi nhan khi chuyển làn, hành vi này có bị xử phạt không? Vậy mức xử phạt các hành vi này quy định như thế nào?","Hành vi đi xe máy trên đường chuyển làn đường không có tín hiệu báo trước (không bật xi nhan) là hành vi vi phạm quy tắc giao thông đường bộ và bị xử phạt vi phạm hành chính.
Căn cứ pháp lý: Điểm e khoản 1 Điều 7 Nghị định số 168/2024/NĐ-CP (được sửa đổi, bổ sung bởi Nghị định số 238/2026/NĐ-CP).
Mức xử phạt cụ thể:
- Phạt tiền: Từ 200.000 đồng đến 400.000 đồng về hành vi chuyển làn đường không đúng nơi cho phép hoặc không có tín hiệu báo trước hoặc chuyển làn đường không bảo đảm an toàn.
- Trừ điểm Giấy phép lái xe: Hành vi này không bị trừ điểm giấy phép lái xe.
- Trường hợp gây tai nạn giao thông: Nếu chuyển làn đường không đúng quy định mà gây tai nạn giao thông thì bị phạt tiền từ 10.000.000 đồng đến 14.000.000 đồng, đồng thời bị trừ 10 điểm giấy phép lái xe (điểm a khoản 10, điểm d khoản 13 Điều 7).",https://pbgdpl.cantho.gov.vn/bo-cau-hoi-tinh-huong-va-giai-dap-phap-luat-ve-quy-dinh-xu-phat-vi-pham-hanh-chinh-trong-linh-vuc-giao-thong-duong-bo-va-duong-sat-theo-quy-dinh-tai-nghi-dinh-so-1002019nd-cp,
96,"Anh Đ đi xe máy trên đường không báo hiệu khi rẽ trái, rẽ phải thì anh bị xử phạt như thế nào?","Hành vi đi xe máy trên đường khi chuyển hướng không có tín hiệu báo hướng rẽ (không bật xi nhan rẽ trái, rẽ phải) là hành vi vi phạm an toàn giao thông đường bộ và bị xử phạt tiền.
Căn cứ pháp lý: Khoản 2 Điều 15 Luật Trật tự, an toàn giao thông đường bộ năm 2024; điểm a khoản 3, điểm a khoản 10, điểm d khoản 13 Điều 7 Nghị định số 168/2024/NĐ-CP (được sửa đổi, bổ sung bởi Nghị định số 238/2026/NĐ-CP).
Mức xử phạt cụ thể:
- Phạt tiền: Từ 600.000 đồng đến 800.000 đồng về hành vi chuyển hướng không giảm tốc độ hoặc không có tín hiệu báo hướng rẽ hoặc có tín hiệu nhưng không sử dụng liên tục trong quá trình chuyển hướng (điểm a khoản 3 Điều 7).
- Trừ điểm Giấy phép lái xe: Hành vi này không bị trừ điểm giấy phép lái xe.
- Trường hợp gây tai nạn giao thông: Nếu chuyển hướng không đúng quy định mà gây tai nạn giao thông thì bị phạt tiền từ 10.000.000 đồng đến 14.000.000 đồng, đồng thời bị trừ 10 điểm giấy phép lái xe (điểm a khoản 10, điểm d khoản 13 Điều 7).",https://pbgdpl.cantho.gov.vn/bo-cau-hoi-tinh-huong-va-giai-dap-phap-luat-ve-quy-dinh-xu-phat-vi-pham-hanh-chinh-trong-linh-vuc-giao-thong-duong-bo-va-duong-sat-theo-quy-dinh-tai-nghi-dinh-so-1002019nd-cp,
97,Chị V đi xe máy trên đường chở theo 2 người lớn thì bị xử phạt bao nhiêu?,"Hành vi điều khiển xe máy trên đường chở theo 02 người lớn là hành vi vi phạm quy định về chở người trên xe mô tô, xe gắn máy và bị xử phạt vi phạm hành chính.
Căn cứ pháp lý: Khoản 1 Điều 33 Luật Trật tự, an toàn giao thông đường bộ năm 2024 và điểm g khoản 2 Điều 7 Nghị định số 168/2024/NĐ-CP (được sửa đổi, bổ sung bởi Nghị định số 238/2026/NĐ-CP).
Mức xử phạt cụ thể:
- Phạt tiền: Từ 400.000 đồng đến 600.000 đồng về hành vi chở theo 02 người trên xe (trừ trường hợp chở người bệnh đi cấp cứu, trẻ em dưới 12 tuổi, áp giải người có hành vi vi phạm pháp luật hoặc chở người già yếu, người khuyết tật có người đón, đỡ).
- Trừ điểm Giấy phép lái xe: Hành vi này không bị trừ điểm giấy phép lái xe.
- Lưu ý: Nếu chở theo từ 03 người trở lên trên xe thì bị phạt tiền từ 600.000 đồng đến 800.000 đồng và bị trừ 02 điểm giấy phép lái xe (điểm b khoản 3, điểm a khoản 13 Điều 7).",https://pbgdpl.cantho.gov.vn/bo-cau-hoi-tinh-huong-va-giai-dap-phap-luat-ve-quy-dinh-xu-phat-vi-pham-hanh-chinh-trong-linh-vuc-giao-thong-duong-bo-va-duong-sat-theo-quy-dinh-tai-nghi-dinh-so-1002019nd-cp,
98,"Chị H thấy nhiều bạn trẻ vừa đi xe máy vừa đeo tai nghe, xin hỏi hành vi này bị xử phạt như thế nào?","Hành vi vừa điều khiển xe máy vừa sử dụng tai nghe (thiết bị âm thanh, trừ thiết bị trợ thính) là hành vi vi phạm quy tắc an toàn giao thông, bị phạt tiền và bị trừ điểm giấy phép lái xe.
Căn cứ pháp lý: Điểm c khoản 3 Điều 33 Luật Trật tự, an toàn giao thông đường bộ năm 2024; điểm đ khoản 4, điểm b khoản 10, điểm b và điểm d khoản 13 Điều 7 Nghị định số 168/2024/NĐ-CP (được sửa đổi, bổ sung bởi Nghị định số 238/2026/NĐ-CP).
Mức xử phạt cụ thể:
- Phạt tiền: Từ 800.000 đồng đến 1.000.000 đồng (điểm đ khoản 4 Điều 7).
- Trừ điểm Giấy phép lái xe: Bị trừ 04 điểm giấy phép lái xe (điểm b khoản 13 Điều 7).
- Trường hợp gây tai nạn giao thông: Nếu sử dụng thiết bị âm thanh khi đang lái xe mà gây tai nạn giao thông thì bị phạt tiền từ 10.000.000 đồng đến 14.000.000 đồng và bị trừ 10 điểm giấy phép lái xe (điểm b khoản 10, điểm d khoản 13 Điều 7).",https://pbgdpl.cantho.gov.vn/bo-cau-hoi-tinh-huong-va-giai-dap-phap-luat-ve-quy-dinh-xu-phat-vi-pham-hanh-chinh-trong-linh-vuc-giao-thong-duong-bo-va-duong-sat-theo-quy-dinh-tai-nghi-dinh-so-1002019nd-cp,
99,"Anh K đi xe máy vượt đèn đỏ, đèn vàng thì anh bị xử phạt như thế nào? Mức xử phạt là bao nhiêu?","Hành vi điều khiển xe máy không chấp hành hiệu lệnh của đèn tín hiệu giao thông (vượt đèn đỏ, đèn vàng) là hành vi vi phạm pháp luật nghiêm trọng, bị phạt tiền ở mức cao và bị trừ điểm giấy phép lái xe.
Căn cứ pháp lý: Điểm c khoản 7, điểm b khoản 13 Điều 7 Nghị định số 168/2024/NĐ-CP (được sửa đổi, bổ sung bởi Nghị định số 238/2026/NĐ-CP).
Mức xử phạt cụ thể:
- Phạt tiền: Từ 4.000.000 đồng đến 6.000.000 đồng.
- Trừ điểm Giấy phép lái xe: Bị trừ 04 điểm giấy phép lái xe.
- Lưu ý: Người điều khiển xe chỉ được phép đi khi có đèn xanh; khi đèn vàng phải dừng lại trước vạch dừng, trừ trường hợp đã đi quá vạch dừng thì được đi tiếp.",https://pbgdpl.cantho.gov.vn/bo-cau-hoi-tinh-huong-va-giai-dap-phap-luat-ve-quy-dinh-xu-phat-vi-pham-hanh-chinh-trong-linh-vuc-giao-thong-duong-bo-va-duong-sat-theo-quy-dinh-tai-nghi-dinh-so-1002019nd-cp,
100,"Chị X muốn biết nếu chị đi xe máy thường không mang theo giấy đăng ký xe (cà vẹt), giấy phép lái xe khi đi đường vì sợ mất, khi bị lực lượng CSGT kiểm tra thì chị có vi phạm và bị xử phạt hay không?","Hành vi không mang theo Chứng nhận đăng ký xe (cà vẹt) hoặc Giấy phép lái xe khi điều khiển xe máy tham gia giao thông là hành vi vi phạm pháp luật và bị Cảnh sát giao thông xử phạt vi phạm hành chính, trừ trường hợp đã tích hợp đầy đủ thông tin giấy tờ trên ứng dụng VNeID.
Căn cứ pháp lý:
- Khoản 1, Khoản 3 Điều 56 Luật Trật tự, an toàn giao thông đường bộ số 36/2024/QH15. 
- Điểm c, điểm d khoản 2 Điều 18, Điểm c khoản 3 Điều 48 Nghị định số 168/2024/NĐ-CP (được sửa đổi, bổ sung bởi Nghị định số 238/2026/NĐ-CP). 
- Khoản 1 Điều 8, Điểm a khoản 1 Điều 17 Thông tư số 73/2024/TT-BCA của Bộ Công an.
Mức xử phạt cụ thể:
1. Quy định về xuất trình giấy tờ qua ứng dụng VNeID: 
- Căn cứ khoản 3 Điều 56 Luật số 36/2024/QH15, khoản 1 Điều 8 Thông tư số 73/2024/TT-BCA và điểm c khoản 3 Điều 48 Nghị định số 168/2024/NĐ-CP, trường hợp thông tin giấy tờ đã được tích hợp vào tài khoản định danh điện tử VNeID thì việc xuất trình thông tin trên VNeID có giá trị tương đương xuất trình bản giấy và người điều khiển không bị xử phạt hành chính đối với hành vi không mang theo giấy tờ.
2. Mức phạt tiền khi không xuất trình được bản giấy hoặc không có thông tin trên VNeID: 
- Lỗi không mang theo Giấy phép lái xe: Phạt tiền từ 200.000 đồng đến 300.000 đồng đối với người điều khiển xe mô tô kinh doanh vận tải không mang theo Giấy phép lái xe (điểm d khoản 2 Điều 18 Nghị định số 168/2024/NĐ-CP). 
- Lỗi không mang theo Chứng nhận đăng ký xe: Phạt tiền từ 200.000 đồng đến 300.000 đồng đối với người điều khiển xe mô tô, xe gắn máy kinh doanh vận tải không mang theo Chứng nhận đăng ký xe (điểm c khoản 2 Điều 18 Nghị định số 168/2024/NĐ-CP). 
3. Trừ điểm Giấy phép lái xe: 
- Hành vi vi phạm không mang theo Giấy phép lái xe hoặc Chứng nhận đăng ký xe không thuộc các trường hợp bị trừ điểm Giấy phép lái xe.",https://pbgdpl.cantho.gov.vn/bo-cau-hoi-tinh-huong-va-giai-dap-phap-luat-ve-quy-dinh-xu-phat-vi-pham-hanh-chinh-trong-linh-vuc-giao-thong-duong-bo-va-duong-sat-theo-quy-dinh-tai-nghi-dinh-so-1002019nd-cp,
101,Chị H hỏi là con chị là thanh niên mới 17 tuổi đi xe máy thì bị xử phạt như thế nào?,"Hành vi để thanh niên 17 tuổi điều khiển xe mô tô (xe máy có dung tích xi lanh từ 50 cm3 trở lên) là hành vi vi phạm pháp luật, bị phạt tiền đối với cả người điều khiển chưa đủ tuổi và người giao xe (chủ phương tiện).
Căn cứ pháp lý: Khoản 7 Điều 9, Khoản 1 Điều 56, Khoản 1 Điều 59 Luật Trật tự, an toàn giao thông đường bộ năm 2024; điểm a khoản 4 Điều 18 và khoản 10 Điều 32 Nghị định số 168/2024/NĐ-CP (được sửa đổi, bổ sung bởi Nghị định số 238/2026/NĐ-CP).
Mức xử phạt cụ thể:
- Đối với thanh niên 17 tuổi (người từ đủ 16 tuổi đến dưới 18 tuổi điều khiển xe mô tô): Phạt tiền từ 400.000 đồng đến 600.000 đồng (điểm a khoản 4 Điều 18).
- Đối với chủ xe hoặc người giao xe cho người chưa đủ điều kiện: Phạt tiền từ 8.000.000 đồng đến 10.000.000 đồng đối với cá nhân, từ 16.000.000 đồng đến 20.000.000 đồng đối với tổ chức (khoản 10 Điều 32).
- Lưu ý: Người đủ 16 tuổi trở lên chỉ được điều khiển xe gắn máy có dung tích xi lanh dưới 50 cm3 hoặc xe máy điện có công suất động cơ điện không quá 4 kW.",https://pbgdpl.cantho.gov.vn/bo-cau-hoi-tinh-huong-va-giai-dap-phap-luat-ve-quy-dinh-xu-phat-vi-pham-hanh-chinh-trong-linh-vuc-giao-thong-duong-bo-va-duong-sat-theo-quy-dinh-tai-nghi-dinh-so-1002019nd-cp,
102,Chị L khi đi xe máy ra đường mà không có bảo hiểm mà bị Cảnh sát giao thông bắt thì bị phạt bao nhiêu?,"Người điều khiển xe máy tham gia giao thông không có hoặc không mang theo Chứng nhận bảo hiểm bắt buộc trách nhiệm dân sự của chủ xe cơ giới còn hiệu lực là hành vi vi phạm pháp luật và bị Cảnh sát giao thông xử phạt vi phạm hành chính.
Căn cứ pháp lý: Khoản 1, Khoản 3 Điều 56 Luật Trật tự, an toàn giao thông đường bộ năm 2024; điểm a, điểm b khoản 2 Điều 18 Nghị định số 168/2024/NĐ-CP (được sửa đổi, bổ sung bởi Nghị định số 238/2026/NĐ-CP).
Mức xử phạt cụ thể:
- Phạt tiền: Từ 200.000 đồng đến 300.000 đồng đối với hành vi người điều khiển xe mô tô, xe gắn máy không có hoặc không mang theo (đối với xe kinh doanh vận tải)* chứng nhận bảo hiểm bắt buộc trách nhiệm dân sự của chủ xe cơ giới còn hiệu lực (bản giấy hoặc bản điện tử/tích hợp trên VNeID) (điểm a, điểm b khoản 2 Điều 18).
- Trừ điểm Giấy phép lái xe: Hành vi này không bị trừ điểm giấy phép lái xe.",https://pbgdpl.cantho.gov.vn/bo-cau-hoi-tinh-huong-va-giai-dap-phap-luat-ve-quy-dinh-xu-phat-vi-pham-hanh-chinh-trong-linh-vuc-giao-thong-duong-bo-va-duong-sat-theo-quy-dinh-tai-nghi-dinh-so-1002019nd-cp,
103,Anh V hỏi theo quy định hành vi đi xe máy không đội mũ bảo hiểm bị xử phạt như thế nào?,"Hành vi đi xe máy không đội mũ bảo hiểm cho người đi mô tô, xe máy hoặc đội không cài quai đúng quy cách khi tham gia giao thông trên đường bộ là hành vi vi phạm pháp luật, bị phạt tiền đối với cả người điều khiển xe và người được chở trên xe.
Căn cứ pháp lý: Khoản 2 Điều 33 Luật Trật tự, an toàn giao thông đường bộ năm 2024; điểm h, điểm i khoản 2 Điều 7 và điểm b khoản 5 Điều 12 Nghị định số 168/2024/NĐ-CP (được sửa đổi, bổ sung bởi Nghị định số 238/2026/NĐ-CP).
Mức xử phạt cụ thể:
- Đối với người điều khiển xe máy:
+ Tự mình không đội mũ bảo hiểm hoặc đội mũ bảo hiểm không cài quai đúng quy cách: Phạt tiền từ 400.000 đồng đến 600.000 đồng (điểm h khoản 2 Điều 7).
+ Chở người ngồi trên xe không đội mũ bảo hiểm hoặc đội không cài quai đúng quy cách (trừ chở người bệnh đi cấp cứu, trẻ em dưới 06 tuổi, áp giải người phạm pháp): Phạt tiền từ 400.000 đồng đến 600.000 đồng (điểm i khoản 2 Điều 7).
- Đối với người được chở trên xe mô tô, xe gắn máy: Không đội mũ bảo hiểm hoặc đội không cài quai đúng quy cách bị phạt tiền từ 400.000 đồng đến 600.000 đồng (điểm b khoản 5 Điều 12).
- Trừ điểm Giấy phép lái xe: Hành vi này không bị trừ điểm giấy phép lái xe.",https://pbgdpl.cantho.gov.vn/bo-cau-hoi-tinh-huong-va-giai-dap-phap-luat-ve-quy-dinh-xu-phat-vi-pham-hanh-chinh-trong-linh-vuc-giao-thong-duong-bo-va-duong-sat-theo-quy-dinh-tai-nghi-dinh-so-1002019nd-cp,
104,Chị Đ đi xe máy trên đường mà dừng đỗ xe không đúng nơi quy định thì bị xử phạt như thế nào?,"Hành vi điều khiển xe máy dừng xe, đỗ xe không đúng nơi quy định là hành vi vi phạm pháp luật trật tự an toàn giao thông đường bộ và bị phạt tiền tùy theo từng vị trí vi phạm cụ thể.
Căn cứ pháp lý: Khoản 4 Điều 18, Khoản 2 Điều 26 Luật Trật tự, an toàn giao thông đường bộ năm 2024; điểm d khoản 2; điểm c khoản 3; điểm b khoản 4; điểm a khoản 10 và điểm d khoản 13 Điều 7 Nghị định số 168/2024/NĐ-CP (được sửa đổi, bổ sung bởi Nghị định số 238/2026/NĐ-CP).
Mức xử phạt cụ thể đối với người điều khiển xe máy:
- Phạt tiền từ 400.000 đồng đến 600.000 đồng đối với hành vi dừng xe, đỗ xe ở lòng đường đô thị gây cản trở giao thông; tụ tập từ 03 xe trở lên ở lòng đường, trên cầu, trong hầm đường bộ (điểm d khoản 2 Điều 7).
- Phạt tiền từ 600.000 đồng đến 800.000 đồng đối với hành vi dừng xe, đỗ xe trên cầu (điểm c khoản 3 Điều 7).
- Phạt tiền từ 800.000 đồng đến 1.000.000 đồng đối với hành vi dừng xe, đỗ xe trong hầm đường bộ không đúng nơi quy định (điểm b khoản 4 Điều 7).
- Trường hợp dừng xe, đỗ xe không đúng quy định gây tai nạn giao thông: Phạt tiền từ 10.000.000 đồng đến 14.000.000 đồng, đồng thời bị trừ 10 điểm giấy phép lái xe (điểm a khoản 10, điểm d khoản 13 Điều 7).",https://pbgdpl.cantho.gov.vn/bo-cau-hoi-tinh-huong-va-giai-dap-phap-luat-ve-quy-dinh-xu-phat-vi-pham-hanh-chinh-trong-linh-vuc-giao-thong-duong-bo-va-duong-sat-theo-quy-dinh-tai-nghi-dinh-so-1002019nd-cp,
105,"Anh Q đi dự tiệc nhà người bạn, hành vi đi xe máy sau khi uống rượu bị xử phạt như thế nào?","Hành vi điều khiển xe máy tham gia giao thông sau khi uống rượu, bia (trong máu hoặc hơi thở có nồng độ cồn) là hành vi bị nghiêm cấm, bị xử phạt tiền và bị trừ điểm hoặc tước quyền sử dụng giấy phép lái xe theo từng mức độ vi phạm.
Căn cứ pháp lý: Khoản 2 Điều 9 Luật Trật tự, an toàn giao thông đường bộ năm 2024; điểm a khoản 6, điểm b khoản 8, điểm d khoản 9, điểm c khoản 12 và khoản 13 Điều 7 Nghị định số 168/2024/NĐ-CP (được sửa đổi, bổ sung bởi Nghị định số 238/2026/NĐ-CP).
Mức xử phạt cụ thể đối với người điều khiển xe mô tô, xe gắn máy:
- Mức 1 (chưa vượt quá 50 miligam/100 mililít máu hoặc chưa vượt quá 0,25 miligam/1 lít khí thở): Phạt tiền từ 2.000.000 đồng đến 3.000.000 đồng, đồng thời bị trừ 04 điểm giấy phép lái xe (điểm a khoản 6, điểm b khoản 13 Điều 7).
- Mức 2 (vượt quá 50 miligam đến 80 miligam/100 mililít máu hoặc vượt quá 0,25 miligam đến 0,4 miligam/1 lít khí thở): Phạt tiền từ 6.000.000 đồng đến 8.000.000 đồng, đồng thời bị trừ 10 điểm giấy phép lái xe (điểm b khoản 8, điểm d khoản 13 Điều 7).
- Mức 3 (vượt quá 80 miligam/100 mililít máu hoặc vượt quá 0,4 miligam/1 lít khí thở): Phạt tiền từ 8.000.000 đồng đến 10.000.000 đồng, đồng thời bị tước quyền sử dụng giấy phép lái xe từ 22 tháng đến 24 tháng (điểm d khoản 9, điểm c khoản 12 Điều 7).",https://pbgdpl.cantho.gov.vn/bo-cau-hoi-tinh-huong-va-giai-dap-phap-luat-ve-quy-dinh-xu-phat-vi-pham-hanh-chinh-trong-linh-vuc-giao-thong-duong-bo-va-duong-sat-theo-quy-dinh-tai-nghi-dinh-so-1002019nd-cp,
106,Anh T đi xe máy chạy quá tốc độ cho phép thì anh T bị xử phạt như thế nào theo quy định?,"Người điều khiển xe máy chạy quá tốc độ cho phép bị xử phạt vi phạm hành chính với các mức tiền phạt tăng dần theo độ vi phạm và có thể bị trừ điểm giấy phép lái xe.
Căn cứ pháp lý: Khoản 1 Điều 12 Luật Trật tự, an toàn giao thông đường bộ năm 2024; điểm b khoản 2, điểm a khoản 4, điểm a khoản 8, điểm a khoản 10 và khoản 13 Điều 7 Nghị định số 168/2024/NĐ-CP (được sửa đổi, bổ sung bởi Nghị định số 238/2026/NĐ-CP).
Mức xử phạt cụ thể đối với người điều khiển xe mô tô, xe gắn máy:
- Chạy quá tốc độ quy định từ 05 km/h đến dưới 10 km/h: Phạt tiền từ 400.000 đồng đến 600.000 đồng (điểm b khoản 2), không bị trừ điểm giấy phép lái xe.
- Chạy quá tốc độ quy định từ 10 km/h đến 20 km/h: Phạt tiền từ 800.000 đồng đến 1.000.000 đồng (điểm a khoản 4), không bị trừ điểm giấy phép lái xe.
- Chạy quá tốc độ quy định trên 20 km/h: Phạt tiền từ 6.000.000 đồng đến 8.000.000 đồng (điểm a khoản 8), đồng thời bị trừ 04 điểm giấy phép lái xe (điểm b khoản 13).
- Chạy quá tốc độ quy định gây tai nạn giao thông: Phạt tiền từ 10.000.000 đồng đến 14.000.000 đồng, đồng thời bị trừ 10 điểm giấy phép lái xe (điểm a khoản 10, điểm d khoản 13).",https://pbgdpl.cantho.gov.vn/bo-cau-hoi-tinh-huong-va-giai-dap-phap-luat-ve-quy-dinh-xu-phat-vi-pham-hanh-chinh-trong-linh-vuc-giao-thong-duong-bo-va-duong-sat-theo-quy-dinh-tai-nghi-dinh-so-1002019nd-cp,
107,"Chị Đ thấy nhiều người đi xe máy trên đường không nhường đường cho xe cứu thương, xin hỏi hành vi này bị xử phạt thế nào?","Hành vi điều khiển xe máy không nhường đường hoặc gây cản trở xe cứu thương đang phát tín hiệu ưu tiên đi làm nhiệm vụ là hành vi vi phạm nghiêm trọng, bị phạt tiền ở mức cao và bị trừ điểm giấy phép lái xe.
Căn cứ pháp lý: Khoản 5 Điều 27 Luật Trật tự, an toàn giao thông đường bộ năm 2024; điểm đ khoản 7, điểm b khoản 10, điểm b và điểm d khoản 13 Điều 7 Nghị định số 168/2024/NĐ-CP (được sửa đổi, bổ sung bởi Nghị định số 238/2026/NĐ-CP).
Mức xử phạt cụ thể:
- Phạt tiền: Từ 4.000.000 đồng đến 6.000.000 đồng về hành vi không nhường đường hoặc gây cản trở xe được quyền ưu tiên đang phát tín hiệu ưu tiên đi làm nhiệm vụ (điểm đ khoản 7 Điều 7).
- Trừ điểm Giấy phép lái xe: Bị trừ 04 điểm giấy phép lái xe (điểm b khoản 13 Điều 7).
- Trường hợp gây tai nạn giao thông: Phạt tiền từ 10.000.000 đồng đến 14.000.000 đồng, đồng thời bị trừ 10 điểm giấy phép lái xe (điểm b khoản 10, điểm d khoản 13 Điều 7).",https://pbgdpl.cantho.gov.vn/bo-cau-hoi-tinh-huong-va-giai-dap-phap-luat-ve-quy-dinh-xu-phat-vi-pham-hanh-chinh-trong-linh-vuc-giao-thong-duong-bo-va-duong-sat-theo-quy-dinh-tai-nghi-dinh-so-1002019nd-cp,
108,"Anh A muốn biết hành vi đi xe máy mà buông cả hai tay, đi lạng lách, đánh võng hay đi xe trên một bánh thì bị xử phạt như thế nào?","Hành vi đi xe máy buông cả hai tay, lạng lách, đánh võng hay đi xe bằng một bánh là hành vi vi phạm trật tự an toàn giao thông đặc biệt nguy hiểm, bị phạt tiền rất nặng, bị tước quyền sử dụng giấy phép lái xe và tịch thu phương tiện.
Căn cứ pháp lý: Khoản 5 Điều 9, Khoản 3 Điều 33 Luật Trật tự, an toàn giao thông đường bộ năm 2024; điểm a khoản 9, điểm b khoản 10, khoản 11, khoản 12 và khoản 13 Điều 7 Nghị định số 168/2024/NĐ-CP (được sửa đổi, bổ sung bởi Nghị định số 238/2026/NĐ-CP).
Mức xử phạt cụ thể đối với người điều khiển xe mô tô, xe gắn máy:
- Phạt tiền: Từ 8.000.000 đồng đến 10.000.000 đồng cho một trong các hành vi: Buông cả hai tay khi đang điều khiển xe; điều khiển xe lạng lách hoặc đánh võng trên đường bộ; điều khiển xe chạy bằng một bánh đối với xe hai bánh (điểm a khoản 9 Điều 7).
- Hình thức xử phạt bổ sung: Bị tước quyền sử dụng giấy phép lái xe từ 10 tháng đến 12 tháng (điểm b khoản 12 Điều 7).
- Tịch thu phương tiện: Bị tịch thu xe đối với hành vi buông cả hai tay, đi xe bằng một bánh; hoặc tái phạm hành vi lạng lách, đánh võng (điểm a, điểm b khoản 11 Điều 7) và bị tước giấy phép lái xe từ 22 tháng đến 24 tháng (điểm c khoản 12 Điều 7).
- Trường hợp tái phạm hành vi lạng lách, đánh võng: Bị tịch thu phương tiện (điểm c khoản 11 Điều 7) và bị tước quyền sử dụng giấy phép lái xe từ 22 tháng đến 24 tháng (điểm c khoản 12 Điều 7).
- Nếu gây tai nạn giao thông: Phạt tiền từ 10.000.000 đồng đến 14.000.000 đồng, đồng thời bị trừ 10 điểm giấy phép lái xe (điểm a khoản 10, điểm d khoản 13 Điều 7).",https://pbgdpl.cantho.gov.vn/bo-cau-hoi-tinh-huong-va-giai-dap-phap-luat-ve-quy-dinh-xu-phat-vi-pham-hanh-chinh-trong-linh-vuc-giao-thong-duong-bo-va-duong-sat-theo-quy-dinh-tai-nghi-dinh-so-1002019nd-cp,
109,"Trong trường hợp học sinh đi xe đạp điện trên đường thường vượt đèn đỏ, dừng xe đột ngột, chuyển hướng mà không có báo hiệu trước, anh T muốn hỏi hành vi này có bị xử phạt không?","Học sinh đi xe đạp điện vượt đèn đỏ, dừng xe đột ngột, chuyển hướng không có báo hiệu trước đều là các hành vi vi phạm an toàn giao thông và bị xử phạt theo quy định áp dụng đối với người điều khiển xe đạp máy, kết hợp nguyên tắc xử lý người chưa thành niên.
Căn cứ pháp lý: Điểm b khoản 1, điểm đ khoản 2 Điều 9 Nghị định số 168/2024/NĐ-CP (được sửa đổi, bổ sung bởi Nghị định số 238/2026/NĐ-CP) và Điều 22, Điều 134 Luật Xử lý vi phạm hành chính năm 2012 (sửa đổi, bổ sung năm 2020).
Mức xử phạt cụ thể:
- Quy định chung cho người điều khiển xe đạp máy, xe đạp điện:
+ Dừng xe đột ngột; chuyển hướng không báo hiệu trước: Phạt tiền từ 100.000 đồng đến 200.000 đồng (điểm b khoản 1 Điều 9).
+ Không chấp hành hiệu lệnh của đèn tín hiệu giao thông (vượt đèn đỏ): Phạt tiền từ 300.000 đồng đến 400.000 đồng (điểm đ khoản 2 Điều 9).
- Áp dụng đối với học sinh (người chưa thành niên):
+ Người từ đủ 14 tuổi đến dưới 16 tuổi: Không áp dụng hình thức phạt tiền, chỉ áp dụng hình thức phạt cảnh cáo (Điều 22 và khoản 3 Điều 134 Luật Xử lý vi phạm hành chính).
+ Người từ đủ 16 tuổi đến dưới 18 tuổi: Mức tiền phạt không quá 1/2 mức tiền phạt áp dụng đối với người thành niên (khoản 3 Điều 134 Luật Xử lý vi phạm hành chính).",https://pbgdpl.cantho.gov.vn/bo-cau-hoi-tinh-huong-va-giai-dap-phap-luat-ve-quy-dinh-xu-phat-vi-pham-hanh-chinh-trong-linh-vuc-giao-thong-duong-bo-va-duong-sat-theo-quy-dinh-tai-nghi-dinh-so-1002019nd-cp,
110,Chồng chị P muốn biết là sau khi uống rượu mà chồng chị đi xe đạp lưu thông trên đường thì có bị xử phạt vi phạm không?,"Hành vi điều khiển xe đạp lưu thông trên đường sau khi uống rượu (trong máu hoặc hơi thở có nồng độ cồn) là hành vi bị nghiêm cấm theo Luật Trật tự, an toàn giao thông đường bộ năm 2024 và bị xử phạt vi phạm hành chính.
Căn cứ pháp lý: Khoản 2 Điều 9 Luật Trật tự, an toàn giao thông đường bộ năm 2024; điểm p khoản 1, điểm d khoản 3, điểm b và điểm c khoản 4 Điều 9 Nghị định số 168/2024/NĐ-CP (được sửa đổi, bổ sung bởi Nghị định số 238/2026/NĐ-CP).
Mức xử phạt cụ thể đối với người đi xe đạp:
- Mức 1 (chưa vượt quá 50 miligam/100 mililít máu hoặc chưa vượt quá 0,25 miligam/1 lít khí thở): Phạt tiền từ 100.000 đồng đến 200.000 đồng (điểm p khoản 1 Điều 9).
- Mức 2 (vượt quá 50 miligam đến 80 miligam/100 mililít máu hoặc vượt quá 0,25 miligam đến 0,4 miligam/1 lít khí thở): Phạt tiền từ 300.000 đồng đến 400.000 đồng (điểm d khoản 3 Điều 9).
- Mức 3 (vượt quá 80 miligam/100 mililít máu hoặc vượt quá 0,4 miligam/1 lít khí thở): Phạt tiền từ 400.000 đồng đến 600.000 đồng (điểm b khoản 4 Điều 9).
- Không chấp hành yêu cầu kiểm tra nồng độ cồn của người thi hành công vụ: Phạt tiền từ 400.000 đồng đến 600.000 đồng (điểm c khoản 4 Điều 9).",https://pbgdpl.cantho.gov.vn/bo-cau-hoi-tinh-huong-va-giai-dap-phap-luat-ve-quy-dinh-xu-phat-vi-pham-hanh-chinh-trong-linh-vuc-giao-thong-duong-bo-va-duong-sat-theo-quy-dinh-tai-nghi-dinh-so-1002019nd-cp,
111,Chị B hỏi người đi bộ tham gia giao thông bị xử phạt trong trường hợp nào?,"Người đi bộ tham gia giao thông vi phạm các quy tắc giao thông đường bộ bị xử phạt vi phạm hành chính bằng hình thức phạt tiền.
Căn cứ pháp lý: Điều 30 Luật Trật tự, an toàn giao thông đường bộ năm 2024 và Điều 10 Nghị định số 168/2024/NĐ-CP (được sửa đổi, bổ sung bởi Nghị định số 238/2026/NĐ-CP).
Các trường hợp bị xử phạt và mức phạt cụ thể:
- Phạt tiền từ 150.000 đồng đến 250.000 đồng đối với một trong các hành vi (khoản 1 Điều 10):
+ Không đi đúng phần đường quy định; vượt qua dải phân cách; đi qua đường không đúng nơi quy định hoặc không có tín hiệu bằng tay theo quy định;
+ Không chấp hành hiệu lệnh hoặc chỉ dẫn của đèn tín hiệu, biển báo hiệu, vạch kẻ đường;
+ Không chấp hành hiệu lệnh, hướng dẫn của người điều khiển giao thông hoặc người kiểm soát giao thông.
- Phạt tiền từ 400.000 đồng đến 600.000 đồng đối với một trong các hành vi (khoản 2 Điều 10):
+ Đi vào đường cao tốc (trừ người phục vụ quản lý, bảo trì đường cao tốc);
+ Mang, vác vật cồng kềnh gây cản trở giao thông;
+ Đu, bám vào phương tiện giao thông đang chạy.",https://pbgdpl.cantho.gov.vn/bo-cau-hoi-tinh-huong-va-giai-dap-phap-luat-ve-quy-dinh-xu-phat-vi-pham-hanh-chinh-trong-linh-vuc-giao-thong-duong-bo-va-duong-sat-theo-quy-dinh-tai-nghi-dinh-so-1002019nd-cp,
112,"Ông B, hưu trí phường X, TP C muốn biết “Có quy định việc bảo vệ môi trường của người điều khiển phương tiên tham gia giao thông không? Tôi thấy nhiều xe ô tô chở vật liệu xây dựng để rơi vãi vật liệu trên đường gây nguy hiểm cho người khác khi tham gia giao thông có bị xử phạt vi phạm hành chính không?”","Pháp luật giao thông đường bộ có quy định nghiêm ngặt về bảo vệ môi trường, hành vi điều khiển xe ô tô chở vật liệu xây dựng để rơi vãi trên đường gây nguy hiểm và mất an toàn giao thông là hành vi vi phạm pháp luật và bị xử phạt nặng.
Căn cứ pháp lý: Điều 44 Luật Trật tự, an toàn giao thông đường bộ năm 2024; điểm a khoản 2 Điều 17, điểm b khoản 3 Điều 3 và điểm b khoản 5 Điều 47 Nghị định số 168/2024/NĐ-CP (được sửa đổi, bổ sung bởi Nghị định số 238/2026/NĐ-CP).
Mức xử phạt cụ thể:
- Phạt tiền: Từ 2.000.000 đồng đến 4.000.000 đồng đối với hành vi chở hàng rời, chất thải, vật liệu xây dựng dễ rơi vãi mà không có mui, bạt che đậy hoặc có mui, bạt che đậy nhưng vẫn để rơi vãi; chở hàng để nước chảy xuống mặt đường gây mất an toàn giao thông và vệ sinh môi trường (điểm a khoản 2 Điều 17).
- Trừ điểm Giấy phép lái xe: Hành vi này không bị trừ điểm giấy phép lái xe (chỉ áp dụng trừ 02 điểm đối với hành vi đổ trái phép rác, vật liệu ra đường tại khoản 3, khoản 4 Điều 17).
- Biện pháp khắc phục hậu quả: Buộc phải khắc phục vi phạm, thu dọn ngay vật liệu, rác thải rơi vãi và khắc phục tình trạng ô nhiễm môi trường do hành vi vi phạm gây ra (điểm b khoản 3 Điều 3, điểm b khoản 5 Điều 47).",https://pbgdpl.cantho.gov.vn/bo-cau-hoi-tinh-huong-va-giai-dap-phap-luat-ve-quy-dinh-xu-phat-vi-pham-hanh-chinh-trong-linh-vuc-giao-thong-duong-bo-va-duong-sat-theo-quy-dinh-tai-nghi-dinh-so-1002019nd-cp,
113,"Chị T hỏi vì hoàn cảnh gia đình, chị  buôn bán hàng rong, vậy  “ Hành vi bán hàng rong, bán hàng hóa nhỏ lẻ trên vỉa hè các tuyến phố bị xử phạt như thế nào”","Hành vi bán hàng rong, bán hàng hóa nhỏ lẻ trên lòng đường hoặc trên vỉa hè các tuyến phố có quy định cấm bán hàng là hành vi vi phạm trật tự lòng đường, hè phố và bị xử phạt vi phạm hành chính.
Căn cứ pháp lý: Điểm e khoản 2, khoản 7 Điều 12 và điểm a khoản 5 Điều 47 Nghị định số 168/2024/NĐ-CP (được sửa đổi, bổ sung bởi Nghị định số 238/2026/NĐ-CP).
Mức xử phạt cụ thể:
- Phạt tiền: Từ 200.000 đồng đến 250.000 đồng đối với cá nhân, từ 400.000 đồng đến 500.000 đồng đối với tổ chức (điểm e khoản 2 Điều 12).
- Biện pháp khắc phục hậu quả: Buộc phải chấm dứt hành vi vi phạm, thu dọn hàng hóa, bàn ghế, trả lại vỉa hè, lòng đường thông thoáng (điểm a khoản 5 Điều 47).
- Lưu ý: Trường hợp sử dụng lòng đường, vỉa hè để kinh doanh dịch vụ ăn uống, bày bán hàng hóa quy mô lớn hoặc họp chợ thì bị phạt tiền từ 2.000.000 đồng đến 3.000.000 đồng đối với cá nhân, từ 4.000.000 đồng đến 6.000.000 đồng đối với tổ chức (khoản 7 Điều 12).",https://pbgdpl.cantho.gov.vn/bo-cau-hoi-tinh-huong-va-giai-dap-phap-luat-ve-quy-dinh-xu-phat-vi-pham-hanh-chinh-trong-linh-vuc-giao-thong-duong-bo-va-duong-sat-theo-quy-dinh-tai-nghi-dinh-so-1002019nd-cp,
114,"Chị L thấy nhiều người phơi thóc, lúa, rơm rạ trên đường bộ có bị xử phạt không?","Hành vi phơi thóc, lúa, rơm, rạ trên đường bộ là hành vi cản trở giao thông, tiềm ẩn nguy cơ cao gây tai nạn cho người đi đường và bị xử phạt vi phạm hành chính theo quy định.
Căn cứ pháp lý: Khoản 20 Điều 9 Luật Trật tự, an toàn giao thông đường bộ năm 2024; điểm g khoản 2 Điều 12 và điểm a khoản 5 Điều 47 Nghị định số 168/2024/NĐ-CP (được sửa đổi, bổ sung bởi Nghị định số 238/2026/NĐ-CP).
Mức xử phạt cụ thể:
- Phạt tiền: Từ 200.000 đồng đến 250.000 đồng đối với cá nhân, từ 400.000 đồng đến 500.000 đồng đối với tổ chức về hành vi phơi thóc, lúa, rơm, rạ, nông, lâm, hải sản trên đường bộ; đặt máy tuốt lúa trên đường bộ (điểm g khoản 2 Điều 12).
- Biện pháp khắc phục hậu quả: Buộc phải thu dọn ngay toàn bộ thóc, lúa, rơm rạ hoặc máy móc để trên đường, trả lại hiện trạng an toàn cho công trình đường bộ (điểm a khoản 5 Điều 47).
- Lưu ý: Nếu phơi rơm rạ, thóc lúa làm đường trơn trượt gây tai nạn giao thông nghiêm trọng thì người thực hiện hành vi có thể bị truy cứu trách nhiệm hình sự về tội cản trở giao thông đường bộ theo Điều 261 Bộ luật Hình sự năm 2015 (sửa đổi, bổ sung năm 2017).",https://pbgdpl.cantho.gov.vn/bo-cau-hoi-tinh-huong-va-giai-dap-phap-luat-ve-quy-dinh-xu-phat-vi-pham-hanh-chinh-trong-linh-vuc-giao-thong-duong-bo-va-duong-sat-theo-quy-dinh-tai-nghi-dinh-so-1002019nd-cp,
115,Anh Đ hỏi hành vi trồng cây trong phạm vi đất dành cho đường bộ làm che khuất tầm nhìn bị xử phạt như thế nào?,"Hành vi trồng cây trong phạm vi hành lang an toàn đường bộ làm che khuất tầm nhìn của người điều khiển phương tiện hoặc che lấp báo hiệu đường bộ là hành vi vi phạm pháp luật về bảo vệ kết cấu hạ tầng đường bộ, bị phạt tiền và buộc phải di dời cây trồng.
Căn cứ pháp lý: Điều 15, Điều 16 Luật Đường bộ năm 2024 và khoản 1, điểm a khoản 7 Điều 5 Nghị định số 336/2025/NĐ-CP.
Mức xử phạt cụ thể:
- Phạt tiền: Từ 500.000 đồng đến 1.000.000 đồng đối với cá nhân; từ 1.000.000 đồng đến 2.000.000 đồng đối với tổ chức (khoản 1 Điều 5).
- Biện pháp khắc phục hậu quả: Buộc phải chặt tỉa hoặc di dời cây trồng che khuất tầm nhìn của người điều khiển phương tiện giao thông, biển báo hiệu đường bộ để khôi phục lại trạng thái an toàn (điểm a khoản 7 Điều 5).",https://pbgdpl.cantho.gov.vn/bo-cau-hoi-tinh-huong-va-giai-dap-phap-luat-ve-quy-dinh-xu-phat-vi-pham-hanh-chinh-trong-linh-vuc-giao-thong-duong-bo-va-duong-sat-theo-quy-dinh-tai-nghi-dinh-so-1002019nd-cp,
116,"Một thương nhân kinh doanh mặt hàng tôm, cá ở chợ X có hành vi xả nước ra đường bộ không đúng nơi quy định bị xử phạt như thế nào?","Hành vi xả nước bẩn, nước thải sinh hoạt hoặc kinh doanh ra đường bộ không đúng nơi quy định là hành vi vi phạm pháp luật về bảo vệ kết cấu hạ tầng giao thông đường bộ, bị xử phạt tiền và buộc phải khắc phục hậu quả.
Căn cứ pháp lý: Điều 7, Điều 15 Luật Đường bộ năm 2024; điểm đ khoản 4, điểm d khoản 7 Điều 5 Nghị định số 336/2025/NĐ-CP và điểm a khoản 11 Điều 12 Nghị định số 168/2024/NĐ-CP.
Mức xử phạt cụ thể:
- Hành vi không dành lối thoát nước thích hợp hoặc xả thải làm cản trở, ảnh hưởng đến hệ thống thoát nước đường bộ: Phạt tiền từ 4.000.000 đồng đến 6.000.000 đồng đối với cá nhân, từ 8.000.000 đồng đến 10.000.000 đồng đối với tổ chức (điểm đ khoản 4 Điều 5 Nghị định số 336/2025/NĐ-CP).
- Trường hợp đổ nước thải, chất gây trơn trượt trên mặt đường bộ gây mất an toàn giao thông: Phạt tiền từ 6.000.000 đồng đến 8.000.000 đồng đối với cá nhân (điểm a khoản 11 Điều 12 Nghị định số 168/2024/NĐ-CP).
- Biện pháp khắc phục hậu quả: Buộc phải thu dọn, làm sạch mặt đường và khôi phục lại tình trạng thoát nước ban đầu.",https://pbgdpl.cantho.gov.vn/bo-cau-hoi-tinh-huong-va-giai-dap-phap-luat-ve-quy-dinh-xu-phat-vi-pham-hanh-chinh-trong-linh-vuc-giao-thong-duong-bo-va-duong-sat-theo-quy-dinh-tai-nghi-dinh-so-1002019nd-cp,
117,"Công ty N có hành vi treo băng rôn, biểu ngữ trái phép, treo biển hiệu, biển quảng cáo trên đất của đường bộ ở đoạn đường ngoài đô thị bị xử phạt như thế nào?","Công ty có hành vi treo băng rôn trái phép hoặc đặt, treo biển hiệu, bảng quảng cáo trên đất của đường bộ ở đoạn đường ngoài đô thị là hành vi vi phạm quy định về sử dụng, khai thác trong phạm vi đất dành cho kết cấu hạ tầng đường bộ và bị xử phạt vi phạm hành chính.
Căn cứ pháp lý: Điều 15, Điều 16 Luật Đường bộ năm 2024; điểm b, điểm c khoản 2 và điểm c khoản 7 Điều 5 Nghị định số 336/2025/NĐ-CP.
Mức xử phạt cụ thể đối với tổ chức (Công ty N):
- Phạt tiền từ 2.000.000 đồng đến 4.000.000 đồng đối với tổ chức thực hiện hành vi treo băng rôn trái phép trong phạm vi đất của đường bộ gây ảnh hưởng đến an toàn giao thông đường bộ (điểm b khoản 2 Điều 5).
- Phạt tiền từ 2.000.000 đồng đến 4.000.000 đồng đối với tổ chức thực hiện hành vi đặt, treo biển hiệu, bảng quảng cáo trên đất của đường bộ ở đoạn đường ngoài đô thị (điểm c khoản 2 Điều 5). (Mức phạt đối với cá nhân vi phạm là từ 1.000.000 đồng đến 2.000.000 đồng).
- Biện pháp khắc phục hậu quả: Buộc phải tháo dỡ, thu dọn toàn bộ băng rôn, biển hiệu, bảng quảng cáo vi phạm để trả lại sự thông thoáng cho hành lang an toàn đường bộ (điểm c khoản 7 Điều 5).",https://pbgdpl.cantho.gov.vn/bo-cau-hoi-tinh-huong-va-giai-dap-phap-luat-ve-quy-dinh-xu-phat-vi-pham-hanh-chinh-trong-linh-vuc-giao-thong-duong-bo-va-duong-sat-theo-quy-dinh-tai-nghi-dinh-so-1002019nd-cp,
118,"Một số hộ dân ở đường Nguyễn Văn X có hành vi đổ rác ra đường bộ không đúng nơi quy định được chính quyền địa phương tuyên truyền, nhắc nhở nhiều lần, những không chấp hành, vẫn vi phạm. Trong trường hợp này bị xử phạt như thế nào?","Hành vi đổ rác thải ra đường bộ không đúng nơi quy định dù đã được chính quyền địa phương nhắc nhở là hành vi cố tình vi phạm pháp luật về quản lý, bảo vệ kết cấu hạ tầng đường bộ và sẽ bị xử phạt tiền nghiêm khắc cùng biện pháp buộc dọn dẹp rác thải.
Căn cứ pháp lý: Điều 7, Điều 15 Luật Đường bộ năm 2024; điểm d khoản 2, điểm d khoản 7 Điều 5 Nghị định số 336/2025/NĐ-CP và điểm a khoản 11 Điều 12 Nghị định số 168/2024/NĐ-CP.
Mức xử phạt cụ thể:
- Phạt tiền từ 1.000.000 đồng đến 2.000.000 đồng đối với cá nhân (từ 2.000.000 đồng đến 4.000.000 đồng đối với tổ chức) thực hiện hành vi đổ rác thải ra đường bộ không đúng nơi quy định (điểm d khoản 2 Điều 5 Nghị định số 336/2025/NĐ-CP).
- Trường hợp đổ rác thải, phế thải với số lượng lớn hoặc đổ chất gây trơn trượt cản trở giao thông trên đường bộ: Phạt tiền từ 6.000.000 đồng đến 8.000.000 đồng đối với cá nhân (điểm a khoản 11 Điều 12 Nghị định số 168/2024/NĐ-CP).
- Biện pháp khắc phục hậu quả: Buộc cá nhân, hộ gia đình vi phạm phải thu dọn ngay toàn bộ rác thải, chất thải đã đổ và khôi phục lại tình trạng vệ sinh ban đầu của đoạn đường (điểm d khoản 7 Điều 5).",https://pbgdpl.cantho.gov.vn/bo-cau-hoi-tinh-huong-va-giai-dap-phap-luat-ve-quy-dinh-xu-phat-vi-pham-hanh-chinh-trong-linh-vuc-giao-thong-duong-bo-va-duong-sat-theo-quy-dinh-tai-nghi-dinh-so-1002019nd-cp,
119,"Anh A ở chợ B muốn biết quán ăn ở chợ anh đang sinh sống có hành vi chiếm dụng lòng đường làm nơi trông, giữ xe không đúng quy định, vậy trường hợp này bị xử phạt như thế nào?","Hành vi của quán ăn tự ý chiếm dụng lòng đường làm nơi trông, giữ xe không đúng quy định là hành vi vi phạm pháp luật giao thông đường bộ nghiêm trọng, bị xử phạt tiền ở mức cao và buộc phải giải tỏa ngay điểm trông giữ xe trái phép.
Căn cứ pháp lý: Điều 15, Điều 16 Luật Đường bộ năm 2024; khoản 7, khoản 12 Điều 12 Nghị định số 168/2024/NĐ-CP và khoản 3, khoản 7 Điều 5 Nghị định số 336/2025/NĐ-CP.
Mức xử phạt cụ thể:
- Hành vi sử dụng trái phép lòng đường, vỉa hè để kinh doanh dịch vụ ăn uống, trông giữ xe: Phạt tiền từ 2.000.000 đồng đến 3.000.000 đồng đối với cá nhân, từ 4.000.000 đồng đến 6.000.000 đồng đối với tổ chức (khoản 7 Điều 12 Nghị định số 168/2024/NĐ-CP).
- Hành vi tự ý sử dụng tạm thời lòng đường, vỉa hè vào mục đích khác mà không có giấy phép của cơ quan có thẩm quyền: Phạt tiền từ 10.000.000 đồng đến 15.000.000 đồng đối với cá nhân, từ 20.000.000 đồng đến 30.000.000 đồng đối với tổ chức (khoản 12 Điều 12 Nghị định số 168/2024/NĐ-CP).
- Nếu có dựng rạp, lều quán, công trình trái phép trên đất đường bộ: Phạt tiền từ 3.000.000 đồng đến 5.000.000 đồng đối với cá nhân, từ 6.000.000 đồng đến 10.000.000 đồng đối với tổ chức (khoản 3 Điều 5 Nghị định số 336/2025/NĐ-CP).
- Biện pháp khắc phục hậu quả: Buộc phải chấm dứt ngay hành vi chiếm dụng, di dời phương tiện và hoàn trả lại tình trạng thông thoáng ban đầu cho lòng đường.",https://pbgdpl.cantho.gov.vn/bo-cau-hoi-tinh-huong-va-giai-dap-phap-luat-ve-quy-dinh-xu-phat-vi-pham-hanh-chinh-trong-linh-vuc-giao-thong-duong-bo-va-duong-sat-theo-quy-dinh-tai-nghi-dinh-so-1002019nd-cp,
120,Hành vi sử dụng trái phép đất của đường bộ làm nơi tập kết hoạch trung chuyển hàng hóa bị xử phạt như thế nào?,"Hành vi tự ý sử dụng trái phép đất của đường bộ hoặc hành lang an toàn đường bộ làm nơi tập kết hoặc trung chuyển hàng hóa là hành vi vi phạm quy định về bảo vệ kết cấu hạ tầng đường bộ, bị phạt tiền và buộc phải di dời toàn bộ hàng hóa.
Căn cứ pháp lý: Điều 15, Điều 16 Luật Đường bộ năm 2024; điểm a khoản 4, điểm d khoản 7 Điều 5 Nghị định số 336/2025/NĐ-CP và khoản 9 Điều 12 Nghị định số 168/2024/NĐ-CP.
Mức xử phạt cụ thể:
- Phạt tiền: Từ 4.000.000 đồng đến 6.000.000 đồng đối với cá nhân, từ 8.000.000 đồng đến 10.000.000 đồng đối với tổ chức thực hiện hành vi đổ, để trái phép vật liệu, hàng hóa, chất phế thải trong hành lang an toàn đường bộ (điểm a khoản 4 Điều 5 Nghị định số 336/2025/NĐ-CP).
- Trường hợp bày bán, tập kết máy móc, thiết bị, vật tư hoặc hàng hóa trên lòng đường, vỉa hè: Phạt tiền từ 3.000.000 đồng đến 5.000.000 đồng đối với cá nhân, từ 6.000.000 đồng đến 10.000.000 đồng đối với tổ chức (khoản 9 Điều 12 Nghị định số 168/2024/NĐ-CP).
- Biện pháp khắc phục hậu quả: Buộc phải thu dọn toàn bộ hàng hóa, vật liệu, chất thải đã tập kết trái phép và khôi phục lại tình trạng ban đầu của đất đường bộ (điểm d khoản 7 Điều 5 Nghị định số 336/2025/NĐ-CP).",https://pbgdpl.cantho.gov.vn/bo-cau-hoi-tinh-huong-va-giai-dap-phap-luat-ve-quy-dinh-xu-phat-vi-pham-hanh-chinh-trong-linh-vuc-giao-thong-duong-bo-va-duong-sat-theo-quy-dinh-tai-nghi-dinh-so-1002019nd-cp,
121,"Công ty cấp thoát nước ở huyện A thi công trên đường bộ đang khai thác không treo biển báo thông tin công trình, anh B hỏi trường hợp này bị xử phạt như thế nào?","Công ty cấp thoát nước thi công công trình trên đường bộ đang khai thác mà không treo biển thông tin công trình hoặc không bố trí đầy đủ báo hiệu theo quy định là vi phạm an toàn thi công công trình đường bộ và bị xử phạt vi phạm hành chính nặng đối với tổ chức.
Căn cứ pháp lý: Điều 15, Điều 20 Luật Đường bộ năm 2024; điểm a khoản 1, điểm b khoản 4 Điều 8 Nghị định số 336/2025/NĐ-CP.
Mức xử phạt cụ thể đối với tổ chức (Công ty cấp thoát nước):
- Phạt tiền từ 14.000.000 đồng đến 20.000.000 đồng đối với hành vi thi công trên đường bộ đang khai thác có bố trí báo hiệu, rào chắn tạm thời tại nơi thi công nhưng không đầy đủ biển báo hiệu, biển thông tin công trình theo giấy phép thi công (điểm b khoản 4 Điều 8). (Mức phạt đối với cá nhân vi phạm là từ 7.000.000 đồng đến 10.000.000 đồng).
- Phạt tiền từ 2.000.000 đồng đến 6.000.000 đồng đối với tổ chức thi công không lắp thiết bị cảnh báo trên phương tiện, máy móc thi công (điểm a khoản 1 Điều 8).
- Biện pháp khắc phục hậu quả: Buộc đơn vị thi công phải lắp đặt ngay biển báo thông tin công trình, rào chắn và hệ thống cảnh báo đầy đủ theo đúng phương án tổ chức giao thông đã được phê duyệt.",https://pbgdpl.cantho.gov.vn/bo-cau-hoi-tinh-huong-va-giai-dap-phap-luat-ve-quy-dinh-xu-phat-vi-pham-hanh-chinh-trong-linh-vuc-giao-thong-duong-bo-va-duong-sat-theo-quy-dinh-tai-nghi-dinh-so-1002019nd-cp,
122,"Hành vi để vật liệu, đất đá, phương tiện thi công ngoài phạm vi thi công gây cản trở giao thông ? trường hợp này bị xử phạt như thế nào?","Hành vi để vật liệu, đất đá, máy móc hoặc phương tiện thi công tràn ra ngoài phạm vi thi công được cấp phép gây cản trở giao thông là hành vi vi phạm an toàn thi công đường bộ, bị phạt tiền và buộc phải thu dọn ngay.
Căn cứ pháp lý: Điều 15, Điều 20 Luật Đường bộ năm 2024; điểm b khoản 2, điểm a khoản 8 Điều 8 Nghị định số 336/2025/NĐ-CP.
Mức xử phạt cụ thể:
- Phạt tiền: Từ 3.000.000 đồng đến 5.000.000 đồng đối với cá nhân, từ 6.000.000 đồng đến 10.000.000 đồng đối với tổ chức thực hiện hành vi để vật liệu, đất đá, phương tiện thi công ngoài phạm vi thi công gây cản trở giao thông (điểm b khoản 2 Điều 8).
- Biện pháp khắc phục hậu quả: Buộc phải thu dọn ngay toàn bộ phương tiện, vật tư, vật liệu, đất đá, máy móc, thiết bị vào đúng phạm vi thi công hoặc đưa ra khỏi lòng lề đường để khôi phục lại trật tự an toàn giao thông (điểm a khoản 8 Điều 8).",https://pbgdpl.cantho.gov.vn/bo-cau-hoi-tinh-huong-va-giai-dap-phap-luat-ve-quy-dinh-xu-phat-vi-pham-hanh-chinh-trong-linh-vuc-giao-thong-duong-bo-va-duong-sat-theo-quy-dinh-tai-nghi-dinh-so-1002019nd-cp,
123,"Công ty A ở xã N có hành vi tổ chức thi công trên đường bộ đang khai thác xây dựng cầu không thực hiện các biện pháp bảo đảm an toan giao thông để xảy ra tai nạn giao thông, trường hợp này thì Công ty A bị xử phạt như thế nào?","Công ty A tổ chức thi công xây dựng cầu trên đường bộ đang khai thác mà không thực hiện đầy đủ các biện pháp bảo đảm an toàn giao thông để xảy ra tai nạn giao thông sẽ bị xử phạt tiền ở mức rất cao, bị đình chỉ hoạt động thi công và phải bồi thường toàn bộ thiệt hại.
Căn cứ pháp lý: Điều 20 Luật Đường bộ năm 2024; điểm b khoản 5, điểm b khoản 7 Điều 8 Nghị định số 336/2025/NĐ-CP và Điều 584, Điều 601 Bộ luật Dân sự năm 2015.
Mức xử phạt cụ thể đối với tổ chức (Công ty A):
- Phạt tiền: Từ 20.000.000 đồng đến 30.000.000 đồng đối với tổ chức thực hiện hành vi thi công trên đường bộ đang khai thác không thực hiện đầy đủ biện pháp tổ chức giao thông để xảy ra tai nạn giao thông (điểm b khoản 5 Điều 8). (Mức phạt đối với cá nhân là từ 10.000.000 đồng đến 15.000.000 đồng).
- Hình thức xử phạt bổ sung: Bị đình chỉ hoạt động thi công từ 04 ngày đến 10 ngày tại công trình cầu đang thi công (điểm b khoản 7 Điều 8).
- Trách nhiệm bồi thường dân sự: Công ty A phải bồi thường toàn bộ thiệt hại về tính mạng, sức khỏe, tài sản của các nạn nhân và phương tiện liên quan đến vụ tai nạn theo quy định của Bộ luật Dân sự năm 2015. Nếu vụ tai nạn gây hậu quả đặc biệt nghiêm trọng (chết người hoặc thương tật nặng), người phụ trách an toàn thi công có thể bị truy cứu trách nhiệm hình sự theo Điều 260 hoặc Điều 298 Bộ luật Hình sự năm 2015.",https://pbgdpl.cantho.gov.vn/bo-cau-hoi-tinh-huong-va-giai-dap-phap-luat-ve-quy-dinh-xu-phat-vi-pham-hanh-chinh-trong-linh-vuc-giao-thong-duong-bo-va-duong-sat-theo-quy-dinh-tai-nghi-dinh-so-1002019nd-cp,
124,Hành vi điều khiển xe ô tô kinh doanh vận tải hành khách lắp thêm hay tháo bớt ghế không đúng thiết kế của nhà sản xuất? Anh T hỏi trường hợp này xử phạt như thế nào?,"Hành vi điều khiển xe ô tô kinh doanh vận tải hành khách tự ý lắp thêm hoặc tháo bớt ghế, giường nằm không đúng với thiết kế của nhà sản xuất là hành vi vi phạm pháp luật, bị phạt tiền đối với cả người lái xe và chủ phương tiện.
Căn cứ pháp lý: Điểm d khoản 3 Điều 13; điểm d khoản 11, điểm d khoản 18 và điểm d khoản 19 Điều 32 Nghị định số 168/2024/NĐ-CP (được sửa đổi, bổ sung bởi Nghị định số 238/2026/NĐ-CP).
Mức xử phạt cụ thể:
- Đối với người điều khiển xe: Phạt tiền từ 1.000.000 đồng đến 2.000.000 đồng về hành vi điều khiển xe ô tô kinh doanh vận tải hành khách lắp thêm hoặc tháo bớt ghế, giường nằm (điểm d khoản 11 Điều 32).
- Đối với chủ phương tiện: Phạt tiền từ 10.000.000 đồng đến 12.000.000 đồng đối với cá nhân, từ 20.000.000 đồng đến 24.000.000 đồng đối với tổ chức về hành vi đưa xe ô tô kinh doanh vận tải hành khách lắp thêm hoặc tháo bớt ghế, giường nằm tham gia giao thông (điểm d khoản 11 Điều 32).
- Hình thức xử phạt bổ sung: Tước quyền sử dụng Giấy chứng nhận kiểm định an toàn kỹ thuật và bảo vệ môi trường và tem kiểm định của phương tiện từ 01 tháng đến 03 tháng (điểm d khoản 18 Điều 32).
- Biện pháp khắc phục hậu quả: Buộc phải tháo bỏ hoặc lắp lại số ghế, giường nằm đúng với thiết kế ban đầu và kiểm định lại phương tiện trước khi đưa vào lưu hành (điểm d khoản 19 Điều 32).",https://pbgdpl.cantho.gov.vn/bo-cau-hoi-tinh-huong-va-giai-dap-phap-luat-ve-quy-dinh-xu-phat-vi-pham-hanh-chinh-trong-linh-vuc-giao-thong-duong-bo-va-duong-sat-theo-quy-dinh-tai-nghi-dinh-so-1002019nd-cp,
125,"Hành vi điều khiển xe tương tự xe ô tô quá niên hạn sử dụng tham gia giao thông bị xử phạt như thế nào? Chị H trường hợp này có bị phạt không, mức xử phạt là bao nhiêu?","Hành vi điều khiển xe tương tự xe ô tô quá niên hạn sử dụng tham gia giao thông là hành vi bị pháp luật nghiêm cấm, bị phạt tiền ở mức cao và bị áp dụng hình thức tịch thu phương tiện.
Căn cứ pháp lý: Điểm a khoản 9 Điều 13; điểm c khoản 16, điểm d khoản 18 Điều 32 và điểm d khoản 3 Điều 47 Nghị định số 168/2024/NĐ-CP (được sửa đổi, bổ sung bởi Nghị định số 238/2026/NĐ-CP).
Mức xử phạt cụ thể:
- Đối với người điều khiển phương tiện: Phạt tiền từ 4.000.000 đồng đến 6.000.000 đồng (điểm a khoản 9 Điều 13).
- Đối với chủ phương tiện: Phạt tiền từ 65.000.000 đồng đến 75.000.000 đồng đối với cá nhân, từ 130.000.000 đồng đến 150.000.000 đồng đối với tổ chức đưa phương tiện quá niên hạn sử dụng tham gia giao thông (điểm c khoản 16 Điều 32).
- Hình thức xử phạt bổ sung: Tước quyền sử dụng giấy chứng nhận kiểm định an toàn kỹ thuật và bảo vệ môi trường và tem kiểm định của phương tiện từ 01 tháng đến 03 tháng (điểm d khoản 18 Điều 32).
- Lưu ý: Trường hợp chủ phương tiện là người trực tiếp điều khiển xe quá niên hạn sử dụng tham gia giao thông thì bị xử phạt tiền theo mức phạt của chủ xe (từ 65.000.000 đồng đến 75.000.000 đồng đối với cá nhân) và bị tịch thu phương tiện (điểm d khoản 3 Điều 47).",https://pbgdpl.cantho.gov.vn/bo-cau-hoi-tinh-huong-va-giai-dap-phap-luat-ve-quy-dinh-xu-phat-vi-pham-hanh-chinh-trong-linh-vuc-giao-thong-duong-bo-va-duong-sat-theo-quy-dinh-tai-nghi-dinh-so-1002019nd-cp,
126,Bà H hỏi hành vi điều khiển xe ô tô chở khách vượt quá quy định được phép chở của phương tiện bị xử phạt như thế nào theo quy định?,"Người điều khiển xe ô tô chở hành khách chở vượt quá số người quy định được phép chở của phương tiện bị phạt tiền tính trên mỗi hành khách chở vượt và bị trừ điểm giấy phép lái xe theo tỷ lệ vượt quá.
Căn cứ pháp lý: Khoản 2, khoản 4 và khoản 10 Điều 20 Nghị định số 168/2024/NĐ-CP (được sửa đổi, bổ sung bởi Nghị định số 238/2026/NĐ-CP).
Mức xử phạt cụ thể đối với người lái xe:
- Chạy tuyến cự ly đến 300 km: Phạt tiền từ 400.000 đồng đến 600.000 đồng trên mỗi người chở vượt quá quy định (tổng mức phạt tối đa không quá 75.000.000 đồng) theo khoản 2 Điều 20.
- Chạy tuyến cự ly trên 300 km: Phạt tiền từ 1.000.000 đồng đến 2.000.000 đồng trên mỗi người chở vượt quá quy định (tổng mức phạt tối đa không quá 75.000.000 đồng) theo khoản 4 Điều 20.
- Trừ điểm Giấy phép lái xe (khoản 10 Điều 20): Bị trừ 04 điểm nếu chở vượt trên 50% đến 100% số người quy định (điểm b khoản 10 Điều 20); bị trừ 10 điểm nếu chở vượt trên 100% số người quy định (điểm d khoản 10 Điều 20).
- Biện pháp khắc phục hậu quả: Buộc phải bố trí phương tiện khác để chuyển tiếp số hành khách chở vượt quá quy định theo hướng dẫn của lực lượng chức năng.",https://pbgdpl.cantho.gov.vn/bo-cau-hoi-tinh-huong-va-giai-dap-phap-luat-ve-quy-dinh-xu-phat-vi-pham-hanh-chinh-trong-linh-vuc-giao-thong-duong-bo-va-duong-sat-theo-quy-dinh-tai-nghi-dinh-so-1002019nd-cp,
127,"Hành vi điều khiển xe ô tô đón, trả khách không đúng nơi quy định trên những tuyến đường đã xác định nơi đón, trả khách bị xử phạt như thế nào? Anh M hỏi trường hợp bị Cảnh sát giao thông phát hiện thì bị xử phạt như thế nào?","Hành vi điều khiển xe ô tô chở hành khách đón, trả khách không đúng nơi quy định trên những tuyến đường đã xác định nơi đón, trả khách là hành vi vi phạm trật tự vận tải và an toàn giao thông, bị phạt tiền và bị trừ điểm giấy phép lái xe.
Căn cứ pháp lý: Điểm c khoản 5, điểm a khoản 10 Điều 20 Nghị định số 168/2024/NĐ-CP (được sửa đổi, bổ sung bởi Nghị định số 238/2026/NĐ-CP).
Mức xử phạt cụ thể:
- Phạt tiền: Từ 1.000.000 đồng đến 2.000.000 đồng (điểm c khoản 10 Điều 20).
- Trừ điểm Giấy phép lái xe: Bị trừ 02 điểm giấy phép lái xe (điểm a khoản 10 Điều 20).
- Lưu ý: Trường hợp đón, trả khách tại nơi cấm dừng, cấm đỗ, nơi đường cong tầm nhìn bị che khuất thì bị phạt tiền từ 1.000.000 đồng đến 2.000.000 đồng và bị trừ 02 điểm giấy phép lái xe (điểm d khoản 5, điểm a khoản 10 Điều 20).",https://pbgdpl.cantho.gov.vn/bo-cau-hoi-tinh-huong-va-giai-dap-phap-luat-ve-quy-dinh-xu-phat-vi-pham-hanh-chinh-trong-linh-vuc-giao-thong-duong-bo-va-duong-sat-theo-quy-dinh-tai-nghi-dinh-so-1002019nd-cp,
128,"Ông X hỏi nếu có hành vi điều khiển xe ô tô đón, trả hành khách trên đường cao tốc bị xử phạt thế nào?","Hành vi điều khiển xe ô tô đón, trả hành khách trên đường cao tốc là hành vi vi phạm trật tự an toàn giao thông đặc biệt nguy hiểm, bị phạt tiền rất nặng và bị trừ điểm giấy phép lái xe ở mức cao.
Căn cứ pháp lý:Khoản 8, điểm c khoản 10 Điều 20 và điểm c khoản 8, khoản 12 Điều 26 Nghị định số 168/2024/NĐ-CP (được sửa đổi, bổ sung bởi Nghị định số 238/2026/NĐ-CP).
Mức xử phạt cụ thể:
- Đối với người điều khiển xe: Phạt tiền từ 10.000.000 đồng đến 12.000.000 đồng, đồng thời bị trừ 06 điểm giấy phép lái xe (khoản 8, điểm c khoản 10 Điều 20).
- Đối với chủ phương tiện: Phạt tiền từ 10.000.000 đồng đến 12.000.000 đồng đối với cá nhân, từ 20.000.000 đồng đến 24.000.000 đồng đối với tổ chức để cho người làm công, người đại diện thực hiện hành vi đón, trả khách trên đường cao tốc ((điểm c khoản 8 Điều 26).
- Hình thức xử phạt bổ sung đối với chủ phương tiện: Bị tước quyền sử dụng phù hiệu từ 01 tháng đến 03 tháng đối với xe vi phạm (khoản 12 Điều 26).
- Trường hợp cá nhân kinh doanh vận tải trực tiếp điều khiển xe: Bị trừ 06 điểm giấy phép lái xe (điểm b khoản 14 Điều 26).",https://pbgdpl.cantho.gov.vn/bo-cau-hoi-tinh-huong-va-giai-dap-phap-luat-ve-quy-dinh-xu-phat-vi-pham-hanh-chinh-trong-linh-vuc-giao-thong-duong-bo-va-duong-sat-theo-quy-dinh-tai-nghi-dinh-so-1002019nd-cp,
129,Công ty Z có hành vi điều khiển xe tham gia kinh doanh vận tải hành khách có gắn thiết bị giám sát hành trình của xe nhưng thiết bị không hoạt động bị xử phạt như thế nào?,"Xe ô tô kinh doanh vận tải hành khách có lắp thiết bị giám sát hành trình nhưng thiết bị không hoạt động trong quá trình tham gia giao thông là hành vi vi phạm pháp luật, bị xử phạt tiền đối với cả người điều khiển xe và chủ phương tiện (Công ty Z).
Căn cứ pháp lý: Điểm đ khoản 6, điểm a khoản 10 Điều 20 và điểm c khoản 7, khoản 12, điểm c và điểm d khoản 13 Điều 26 Nghị định số 168/2024/NĐ-CP (được sửa đổi, bổ sung bởi Nghị định số 238/2026/NĐ-CP).
Mức xử phạt cụ thể:
- Đối với người điều khiển xe: Phạt tiền từ 3.000.000 đồng đến 5.000.000 đồng, đồng thời bị trừ 02 điểm giấy phép lái xe (điểm đ khoản 6, điểm a khoản 10 Điều 20).
- Đối với chủ xe (Công ty Z là tổ chức): Phạt tiền từ 10.000.000 đồng đến 12.000.000 đồng đối với tổ chức (từ 5.000.000 đồng đến 6.000.000 đồng đối với cá nhân) về hành vi sử dụng phương tiện kinh doanh vận tải có lắp thiết bị giám sát hành trình nhưng thiết bị không hoạt động theo quy định (điểm c khoản 7 Điều 26).
- Hình thức xử phạt bổ sung đối với chủ phương tiện: Bị tước quyền sử dụng phù hiệu từ 01 tháng đến 03 tháng đối với xe vi phạm (khoản 12 Điều 26).
- Biện pháp khắc phục hậu quả: Buộc phải lắp đặt, sửa chữa bảo đảm thiết bị giám sát hành trình hoạt động bình thường và cung cấp, cập nhật, truyền dẫn, lưu trữ, quản lý thông tin, dữ liệu theo đúng quy định (điểm c, điểm d khoản 13 Điều 26).",https://pbgdpl.cantho.gov.vn/bo-cau-hoi-tinh-huong-va-giai-dap-phap-luat-ve-quy-dinh-xu-phat-vi-pham-hanh-chinh-trong-linh-vuc-giao-thong-duong-bo-va-duong-sat-theo-quy-dinh-tai-nghi-dinh-so-1002019nd-cp,
130,Chị N muốn biết người điều khiển xe ô tô tải chở hàng vượt quá trọng tải cho phép tham gia giao thông được ghi trong giấy chứng nhận kiểm định an toàn kỹ thuật và bảo vệ môi trường của xe bị xử phạt như thế nào?,"Người điều khiển xe ô tô tải chở hàng vượt quá tải trọng cho phép tham gia giao thông được ghi trong chứng nhận đăng kiểm bị xử phạt vi phạm hành chính với mức phạt tiền và trừ điểm giấy phép lái xe lũy tiến theo tỷ lệ quá tải.
Căn cứ pháp lý: Khoản 2, khoản 5, khoản 6, khoản 7, khoản 8 và khoản 13 Điều 21 Nghị định số 168/2024/NĐ-CP (được sửa đổi, bổ sung bởi Nghị định số 238/2026/NĐ-CP).
Mức xử phạt cụ thể đối với người lái xe tải:
- Quá tải trên 10% đến 30%: Phạt tiền từ 800.000 đồng đến 1.000.000 đồng (điểm a khoản 2), không bị trừ điểm giấy phép lái xe.
- Quá tải trên 30% đến 50%: Phạt tiền từ 3.000.000 đồng đến 5.000.000 đồng (điểm a khoản 5), bị trừ 02 điểm giấy phép lái xe (điểm a khoản 13).
- Quá tải trên 50% đến 100%: Phạt tiền từ 5.000.000 đồng đến 7.000.000 đồng (điểm a khoản 6), bị trừ 04 điểm giấy phép lái xe (điểm b khoản 13).
- Quá tải trên 100% đến 150%: Phạt tiền từ 7.000.000 đồng đến 8.000.000 đồng (điểm a khoản 7), bị trừ 08 điểm giấy phép lái xe (điểm d khoản 13).
- Quá tải trên 150%: Phạt tiền từ 8.000.000 đồng đến 12.000.000 đồng (điểm a khoản 8), bị trừ 10 điểm giấy phép lái xe (điểm đ khoản 13).
- Biện pháp khắc phục hậu quả: Buộc phải hạ phần hàng quá tải theo hướng dẫn của lực lượng chức năng tại nơi phát hiện vi phạm.",https://pbgdpl.cantho.gov.vn/bo-cau-hoi-tinh-huong-va-giai-dap-phap-luat-ve-quy-dinh-xu-phat-vi-pham-hanh-chinh-trong-linh-vuc-giao-thong-duong-bo-va-duong-sat-theo-quy-dinh-tai-nghi-dinh-so-1002019nd-cp,
131,"Công ty N có hành vi sản xuất, lắp ráp trái phép phương tiện giao thông cơ giới đường bộ, sản xuất, bán biển số phương tiện giao thông cơ giới đường bộ trái phép bị xử phạt như thế nào?","Hành vi sản xuất, lắp ráp trái phép phương tiện giao thông cơ giới đường bộ hoặc sản xuất, mua bán biển số xe trái phép là các hành vi vi phạm pháp luật đặc biệt nghiêm trọng, bị phạt tiền rất nặng và bị tịch thu toàn bộ tang vật, phương tiện.
Căn cứ pháp lý: Khoản 1, khoản 2, khoản 3 và khoản 4 Điều 31 Nghị định số 168/2024/NĐ-CP (được sửa đổi, bổ sung bởi Nghị định số 238/2026/NĐ-CP).
Mức xử phạt cụ thể đối với Công ty N (tổ chức):
- Hành vi mua, bán biển số xe trái phép: Phạt tiền từ 20.000.000 đồng đến 24.000.000 đồng (khoản 1 Điều 31).
- Hành vi sản xuất biển số xe trái phép: Phạt tiền từ 80.000.000 đồng đến 100.000.000 đồng (khoản 2 Điều 31).
- Hành vi sản xuất, lắp ráp trái phép phương tiện giao thông cơ giới đường bộ: Phạt tiền từ 80.000.000 đồng đến 100.000.000 đồng (khoản 2 Điều 31).
- Hình thức xử phạt bổ sung: Tịch thu toàn bộ biển số xe, phương tiện giao thông cơ giới sản xuất, lắp ráp trái phép (khoản 3 Điều 31).
- Biện pháp khắc phục hậu quả: Buộc nộp lại số lợi bất hợp pháp có được do thực hiện hành vi vi phạm (khoản 4 Điều 31).",https://pbgdpl.cantho.gov.vn/bo-cau-hoi-tinh-huong-va-giai-dap-phap-luat-ve-quy-dinh-xu-phat-vi-pham-hanh-chinh-trong-linh-vuc-giao-thong-duong-bo-va-duong-sat-theo-quy-dinh-tai-nghi-dinh-so-1002019nd-cp,
132,"Công ty vận tải đường sắt X chuyên vận chuyển hàng hóa, trong một lần lực lượng chức năng thực hiện cân trọng tải toa chở hàng tại khu vực ga đã phát hiện mỗi toa xe trên tổng số 12 toa đều vượt quá tải trọng cho phép chở của toa xe là 10% nên bị yêu cầu hạ tải và bị xử phạt vi phạm hành chính. Tôi muốn hỏi, theo quy định của pháp luật, mức phạt đối với hành vi vi phạm của công ty vận tải đường sắt X là bao nhiêu?","Hành vi xếp hàng hóa vượt quá tải trọng cho phép chở của toa xe là hành vi vi phạm nghiêm trọng quy chuẩn kỹ thuật an toàn đường sắt, đe dọa an toàn chạy tàu, bị xử phạt vi phạm hành chính và buộc phải dỡ tải, hạ tải ngay lập tức.
Căn cứ pháp lý: Điều 47, Điều 49 Luật Đường sắt số 95/2025/QH15; điểm c khoản 1 Điều 6 và điểm y khoản 3 Điều 3 Nghị định số 81/2026/NĐ-CP.
Mức xử phạt cụ thể:
- Hành vi xếp hàng hóa vượt quá tải trọng cho phép của toa xe, đưa toa xe không bảo đảm quy chuẩn an toàn kỹ thuật vào chạy trên đường sắt bị xử phạt vi phạm hành chính theo quy định tại Điều 6 Nghị định số 81/2026/NĐ-CP.
- Biện pháp khắc phục hậu quả: Buộc phải dừng chạy tàu và dỡ tải, hạ tải ngay phần trọng lượng hàng hóa xếp vượt quá tải trọng cho phép của từng toa xe trước khi cho phương tiện tiếp tục hành trình (điểm y khoản 3 Điều 3 Nghị định số 81/2026/NĐ-CP).",http://pbgdpl.vinhphuc.gov.vn/ContentDetail/ReportDetailView?ReportInforId=0cdd15ea-c1d3-4e4c-b898-3ee1182c2d25,
133,"Chị B thường xuyên đi du lịch bằng tàu hỏa, trong một lần đi tàu, trên toa hành khách của chị B có một vị hành khách vô tình làm bắt lửa vào hành lý gây nên đám cháy nhỏ, trong lúc nhân viên phục vụ hành khách chữa cháy phát hiện trên toa tàu này không có bình cứu hỏa, rất may đám cháy đã được dập tắt ngay sau đó và không gây ra thiệt hại lớn. Tuy nhiên, chị B có thắc mắc, việc trên tàu không được trang bị đầy đủ vật liệu chữa cháy thì có vi phạm pháp luật không, nếu có thì được quy định như thế nào về mức xử phạt? ","Toa xe khách phục vụ chạy tàu bắt buộc phải bảo đảm đầy đủ tiêu chuẩn, quy chuẩn kỹ thuật an toàn; việc không trang bị hoặc trang bị không đầy đủ thiết bị, dụng cụ chữa cháy là hành vi vi phạm pháp luật và bị xử phạt vi phạm hành chính.
Căn cứ pháp lý: Khoản 1, Khoản 2 Điều 47 Luật Đường sắt số 95/2025/QH15; điểm c khoản 1 Điều 6 và điểm q, điểm v khoản 3 Điều 3 Nghị định số 81/2026/NĐ-CP.
Mức xử phạt cụ thể:
- Phạt tiền: Từ 300.000 đồng đến 500.000 đồng đối với nhân viên khám chữa toa xe thực hiện hành vi để toa xe không bảo đảm tiêu chuẩn, quy chuẩn kỹ thuật nối vào đoàn tàu khách (điểm c khoản 1 Điều 6 Nghị định số 81/2026/NĐ-CP).
- Biện pháp khắc phục hậu quả: Buộc doanh nghiệp kinh doanh vận tải đường sắt phải trang bị bổ sung đầy đủ bình chữa cháy, thiết bị an toàn, phòng cháy chữa cháy theo đúng quy chuẩn an toàn kỹ thuật trước khi đưa toa xe vào khai thác phục vụ hành khách (điểm q, điểm v khoản 3 Điều 3 Nghị định số 81/2026/NĐ-CP).",http://pbgdpl.vinhphuc.gov.vn/ContentDetail/ReportDetailView?ReportInforId=0cdd15ea-c1d3-4e4c-b898-3ee1182c2d26,
134,"Chị A (40 tuổi) hiện đang ở một mình nuôi con gái học lớp 6. Để có tiền trang trải cuộc sống, lo tiền học phí cho con gái nên chị đã quyết định bán bánh mì trên ga tàu. Đoàn tàu dừng để đón, trả khách nên thời gian thường kéo dài khoảng 15 đến 20 phút, vì vậy chị phải mời chào, chèo kéo khách để bán hàng. Thông cảm cho hoàn cảnh của chị A, chị B nhân viên phục vụ hành khách trên tàu đã nhiều lần cho chị A lên tàu để bán hàng, gây mất trật tự trên tàu. Vậy trong trường hợp này, ai là người vi phạm quy định của pháp luật liên quan đến an ninh, trật tự, an toàn giao thông đường sắt? Mức xử lý vi phạm được quy định như thế nào?","Trong tình huống này, cả chị A (người bán hàng rong chèo kéo khách trên tàu) và chị B (nhân viên đường sắt cho người ngoài lên tàu bán hàng) đều là người vi phạm pháp luật về trật tự an toàn giao thông đường sắt và đều bị xử phạt vi phạm hành chính.
Căn cứ pháp lý: Khoản 1 Điều 6, Điều 48, Điều 51 Luật Đường sắt số 95/2025/QH15; điểm a khoản 1 Điều 15 và điểm x khoản 3 Điều 3 Nghị định số 81/2026/NĐ-CP.
Mức xử phạt cụ thể:
- Đối với chị A: Hành vi đi lại bán hàng rong, làm mất trật tự an toàn giao thông trên tàu hỏa bị phạt tiền từ 300.000 đồng đến 500.000 đồng (điểm a khoản 1 Điều 15 Nghị định số 81/2026/NĐ-CP). Đồng thời, chị A bị buộc phải xuống tàu tại ga kế tiếp (điểm x khoản 3 Điều 3 Nghị định số 81/2026/NĐ-CP).
- Đối với chị B (nhân viên phục vụ trên tàu): Hành vi để người không có phận sự lên tàu buôn bán, làm mất trật tự an toàn giao thông đường sắt bị xử phạt vi phạm hành chính theo quy định về trách nhiệm của nhân viên đường sắt và bị xử lý kỷ luật lao động nghiêm khắc theo nội quy của ngành đường sắt.",http://pbgdpl.vinhphuc.gov.vn/ContentDetail/ReportDetailView?ReportInforId=0cdd15ea-c1d3-4e4c-b898-3ee1182c2d27,
135,"Buổi tối ngày 25/12/2022 anh N (35 tuổi) – nhân viên đường sắt trực tiếp phục vụ chạy tàu có tham gia bữa tiệc sinh nhật của bạn thân là anh M. Biết sáng hôm sau có lịch trình chạy chuyến tàu từ Phủ Lý về ga Hà Nội nên trước đó anh N đã nói với mọi người trong bữa tiệc là sẽ không sử dụng rượu bia. Tuy nhiên, anh M lại nói rằng trong bữa tiệc sinh nhật của M mà anh N không uống rượu là không tôn trọng mọi người, đến khi nào anh N uống say thì mới được về nhà. Nể tình bạn, anh N đã tiếp tục tham gia buổi tiệc và uống rượu theo sự cố ép của M. Thấy bạn say, anh M đã dừng cuộc rượu để anh N về nhà. Sau một đêm nghỉ ngơi, anh N cảm thấy bản thân tỉnh táo và tiếp tục đi làm theo lịch trình đã định. Tuy nhiên, khi bị cơ quan chức năng kiểm tra, phát hiện nồng độ cồn trong máu của anh N vượt quá mức quy định cho phép. Trong trường hợp này, anh N bị xử lý vi phạm hành chính với mức phạt như thế nào?","Nhân viên đường sắt trong khi làm nhiệm vụ mà trong máu hoặc hơi thở có nồng độ cồn là hành vi vi phạm an toàn giao thông đường sắt nghiêm trọng, bị pháp luật nghiêm cấm và bị áp dụng mức xử phạt tiền rất cao.
Căn cứ pháp lý: Khoản 7 Điều 6, Điều 48 Luật Đường sắt số 95/2025/QH15; Điều 29 Nghị định số 81/2026/NĐ-CP và khoản 6 Điều 5 Luật Phòng, chống tác hại của rượu, bia năm 2019.
Mức xử phạt cụ thể đối với anh N:
- Mức 1: Khi làm nhiệm vụ mà trong máu hoặc hơi thở có nồng độ cồn nhưng chưa vượt quá 50 miligam/100 mililít máu hoặc chưa vượt quá 0,25 miligam/1 lít khí thở: Phạt tiền từ 6.000.000 đồng đến 8.000.000 đồng (khoản 1 Điều 29 Nghị định số 81/2026/NĐ-CP).
- Mức 2: Nồng độ cồn vượt quá 50 miligam đến 80 miligam/100 mililít máu hoặc vượt quá 0,25 miligam đến 0,4 miligam/1 lít khí thở: Phạt tiền từ 8.000.000 đồng đến 10.000.000 đồng (khoản 2 Điều 29 Nghị định số 81/2026/NĐ-CP).
- Mức 3: Nồng độ cồn vượt quá 80 miligam/100 mililít máu hoặc vượt quá 0,4 miligam/1 lít khí thở: Phạt tiền từ 10.000.000 đồng đến 12.000.000 đồng (điểm a khoản 3 Điều 29 Nghị định số 81/2026/NĐ-CP).
- Hình thức xử phạt bổ sung và xử lý nội bộ: Bị tước quyền sử dụng chứng chỉ chuyên môn, giấy phép theo quy định và bị đình chỉ ngay công việc chạy tàu để bảo đảm an toàn chạy tàu.",http://pbgdpl.vinhphuc.gov.vn/ContentDetail/ReportDetailView?ReportInforId=0cdd15ea-c1d3-4e4c-b898-3ee1182c2d28,
136,"Trong một lần có việc đột xuất phải đi xa, chị B ra ga tàu nhưng chị không kịp mua vé và chuyến tàu sắp khởi hành. Tuy nhiên, chị B lại được một người chỉ dẫn cứ lên chuyến tàu đó cho kịp rồi tìm nhân viên trên tàu mua vé tàu sau. Do đang vội nên chị đã nghe lời người đó, xin lên tàu trước và được chấp nhận, sau khi lên tàu, chị được một người xưng là nhân viên bán vé đưa cho tấm vé tàu với mức giá gấp đôi mức giá bán vé tại đại lý bán vé tàu, cảm thấy không hợp lý, nhưng vì đã lên tàu nên chị B chấp nhận mua tấm vé với mức giá đó. Như vậy,  người bán vé cho chị B có vi phạm quy định của pháp luật về bán vé tàu hay không? Nếu có thì sẽ bị xử phạt như thế nào?","Người bán vé tàu cho chị B với giá gấp đôi giá niêm yết đã vi phạm quy định pháp luật về quản lý giá và bán vé vận tải đường sắt, sẽ bị xử phạt vi phạm hành chính và buộc phải hoàn trả lại toàn bộ số tiền chênh lệch cho hành khách.
Căn cứ pháp lý: Điều 49 Luật Đường sắt số 95/2025/QH15; Nghị định số 81/2026/NĐ-CP cùng các quy định pháp luật về xử phạt vi phạm hành chính trong lĩnh vực giá, vận tải.
Mức xử phạt cụ thể:
- Hành vi bán vé tàu thu tiền cao hơn mức giá niêm yết của doanh nghiệp kinh doanh vận tải đường sắt để trục lợi bất chính bị xử phạt vi phạm hành chính với mức phạt tiền nghiêm khắc áp dụng đối với cá nhân hoặc tổ chức vi phạm.
- Hình thức xử phạt bổ sung: Đình chỉ hoạt động bán vé nếu đối tượng vi phạm là đại lý hoặc nhân viên bán vé của doanh nghiệp kinh doanh vận tải đường sắt.
- Biện pháp khắc phục hậu quả: Buộc phải hoàn trả lại cho chị B toàn bộ số tiền chênh lệch đã thu cao hơn giá vé quy định, đồng thời nộp lại số lợi bất hợp pháp có được do thực hiện hành vi vi phạm vào ngân sách nhà nước.",http://pbgdpl.vinhphuc.gov.vn/ContentDetail/ReportDetailView?ReportInforId=0cdd15ea-c1d3-4e4c-b898-3ee1182c2d29,
137,"T tham gia giao thông do vượt đèn đỏ nên bị cảnh sát giao thông yêu cầu dừng xe và kiểm tra giấy tờ. Do tự ý thay đổi màu sơn của xe không đúng với màu sơn ghi trong Giấy đăng ký xe, nên T đã bị lập biên bản cho 02 lỗi trên. Xin hỏi, lỗi tự ý thay đổi màu sơn của xe không đúng với màu sơn ghi trong Giấy đăng ký xe bị xử phạt như thế nào?","Hành vi tự ý thay đổi màu sơn của xe không đúng với màu sơn ghi trong Chứng nhận đăng ký xe là hành vi vi phạm quy định của chủ phương tiện và bị phạt tiền, buộc phải khôi phục lại màu sơn ban đầu.
Căn cứ pháp lý: Điểm a khoản 1, điểm i khoản 7 và điểm a khoản 19 Điều 32 Nghị định số 168/2024/NĐ-CP (được sửa đổi, bổ sung bởi Nghị định số 238/2026/NĐ-CP).
Mức xử phạt cụ thể:
- Đối với xe mô tô, xe gắn máy: Phạt tiền từ 200.000 đồng đến 300.000 đồng đối với cá nhân, từ 400.000 đồng đến 600.000 đồng đối với tổ chức là chủ phương tiện (điểm a khoản 1 Điều 32).
- Đối với xe ô tô: Phạt tiền từ 4.000.000 đồng đến 6.000.000 đồng đối với cá nhân, từ 8.000.000 đồng đến 12.000.000 đồng đối với tổ chức là chủ phương tiện (điểm i khoản 7 Điều 32).
- Biện pháp khắc phục hậu quả: Buộc phải khôi phục lại nhãn hiệu, màu sơn ghi trong Chứng nhận đăng ký xe theo đúng quy định (điểm a khoản 19 Điều 32).",http://pbgdpl.vinhphuc.gov.vn/ContentDetail/ReportDetailView?ReportInforId=0cdd15ea-c1d3-4e4c-b898-3ee1182c2d30,
138,"Anh H mới mua 1 chiếc xe tải 3,5 tấn dùng để chở hàng hóa của gia đình. Anh H  muốn hỏi, xe tải của mình có bắt buộc phải gắn thiết bị giám sát hành trình hay không? Trường hợp bị cảnh sát giao thông phạt về lỗi không gắn thiết bị giám sát hành trình thì mức phạt là bao nhiêu theo pháp luật? ","Xe ô tô tải 3,5 tấn phục vụ hoạt động kinh doanh vận tải bắt buộc phải lắp thiết bị giám sát hành trình; trường hợp không kinh doanh vận tải (xe gia đình) thì áp dụng theo lộ trình của Luật Trật tự, an toàn giao thông đường bộ năm 2024. Nếu thuộc diện bắt buộc mà không gắn thiết bị sẽ bị xử phạt tiền đối với cả lái xe và chủ xe.
Căn cứ pháp lý: Khoản 2 Điều 35 Luật Trật tự, an toàn giao thông đường bộ năm 2024; điểm c khoản 5, điểm a khoản 13 Điều 21 và điểm c khoản 7, khoản 12, điểm c khoản 13 Điều 26 Nghị định số 168/2024/NĐ-CP (được sửa đổi, bổ sung bởi Nghị định số 238/2026/NĐ-CP).
Mức xử phạt cụ thể:
- Đối với người điều khiển xe: Phạt tiền từ 3.000.000 đồng đến 5.000.000 đồng về hành vi điều khiển xe ô tô kinh doanh vận tải không lắp thiết bị giám sát hành trình theo quy định, đồng thời bị trừ 02 điểm giấy phép lái xe (điểm c khoản 5, điểm a khoản 13 Điều 21).
- Đối với chủ phương tiện: Phạt tiền từ 5.000.000 đồng đến 6.000.000 đồng đối với cá nhân, từ 10.000.000 đồng đến 12.000.000 đồng đối với tổ chức kinh doanh vận tải (điểm c khoản 7 Điều 26).
- Hình thức xử phạt bổ sung đối với chủ phương tiện: Tước quyền sử dụng phù hiệu xe từ 01 tháng đến 03 tháng (khoản 12 Điều 26).
- Biện pháp khắc phục hậu quả: Buộc lắp đặt thiết bị giám sát hành trình theo đúng quy định (điểm c khoản 13 Điều 26).",http://pbgdpl.vinhphuc.gov.vn/ContentDetail/ReportDetailView?ReportInforId=0cdd15ea-c1d3-4e4c-b898-3ee1182c2d31,
139,"Chị X mua xe máy cũ để tiện đi làm, giá cả hợp lý. Tuy nhiên, do bận công tác nên chị X chưa làm thủ tục sang tên xe máy. Xin hỏi, trường hợp nếu không lamg thủ tục sang tên xe máy bị xử phạt như thế nào?","Chị X mua xe máy cũ nhưng không làm thủ tục đăng ký sang tên xe theo quy định là hành vi vi phạm của chủ phương tiện và bị xử phạt vi phạm hành chính khi cơ quan chức năng tiến hành đăng ký xe hoặc xử lý vi phạm.
Căn cứ pháp lý: Điểm a khoản 3 Điều 32 Nghị định số 168/2024/NĐ-CP (được sửa đổi, bổ sung bởi Nghị định số 238/2026/NĐ-CP).
Mức xử phạt cụ thể:
- Phạt tiền: Từ 800.000 đồng đến 1.000.000 đồng đối với cá nhân, từ 1.600.000 đồng đến 2.000.000 đồng đối với tổ chức là chủ xe mô tô, xe gắn máy không làm thủ tục đăng ký sang tên xe (để chuyển tên chủ xe trong Chứng nhận đăng ký xe sang tên của mình) theo quy định khi mua, được cho, được tặng, được thừa kế xe.
- Trừ điểm Giấy phép lái xe: Lỗi này áp dụng với chủ xe nên không trừ điểm giấy phép lái xe.
- Lưu ý: Việc xử phạt chỉ được thực hiện qua công tác điều tra, giải quyết vụ tai nạn giao thông hoặc qua công tác làm thủ tục đăng ký xe, không dừng xe trên đường chỉ để kiểm tra lỗi chưa sang tên.",http://pbgdpl.vinhphuc.gov.vn/ContentDetail/ReportDetailView?ReportInforId=0cdd15ea-c1d3-4e4c-b898-3ee1182c2d32,
140,"Trong quá trình đi tập thể dục sáng sớm, người dân ở khu phố tôi phát hiện một chiếc xe tải chạy lại đổ đất, đá ra đường phố của khu phố của chúng tôi. Chúng tôi đã báo chính quyền xử lý. Hỏi người điều khiển xe thực hiện hành vi đổ trái phép rác, đất, cát, đá, vật liệu, chất thải ra đường phố thì bị xử phạt như thế nào?","Hành vi điều khiển xe tải đổ trái phép rác, đất, cát, đá, vật liệu hoặc chất thải ra đường phố là hành vi vi phạm nghiêm trọng về bảo vệ môi trường và kết cấu hạ tầng giao thông đường bộ, bị xử phạt tiền rất nặng và bị trừ điểm giấy phép lái xe.
Căn cứ pháp lý: Khoản 3, khoản 5 và điểm a khoản 6 Điều 17 Nghị định số 168/2024/NĐ-CP (được sửa đổi, bổ sung bởi Nghị định số 238/2026/NĐ-CP).
Mức xử phạt cụ thể:
- Phạt tiền: Từ 4.000.000 đồng đến 6.000.000 đồng đối với người điều khiển xe thực hiện hành vi đổ trái phép rác, đất, cát, đá, vật liệu, chất thải ra đường phố (khoản 3 Điều 17). Nếu đổ ra đường cao tốc thì bị phạt từ 10.000.000 đồng đến 15.000.000 đồng (khoản 4 Điều 17).
- Trừ điểm Giấy phép lái xe: Bị trừ 02 điểm giấy phép lái xe (điểm a khoản 6 Điều 17).
- Biện pháp khắc phục hậu quả: Buộc phải thu dọn ngay toàn bộ rác, đất, cát, đá, vật liệu, chất thải đổ trái phép và khôi phục lại tình trạng ban đầu của đường phố (khoản 5 Điều 17).",http://pbgdpl.vinhphuc.gov.vn/ContentDetail/ReportDetailView?ReportInforId=0cdd15ea-c1d3-4e4c-b898-3ee1182c2d33,
141,"Chị H đi xe khách từ L.C xuống H.N. Do bắt khách dọc đường nên số lượng người trên xe bị quá tải. Đi được ½ đường, lái xe và phụ xe đã chuyển chị H và một số hành khách sang một xe khác đi cùng chiều và gửi tiền xe cho xe khách đó. Chị H không đồng ý với hành động sang nhượng khách dọc đường cho xe khác như vậy. Xin hỏi việc tự ý sang nhượng hành khách thì lái xe và phụ xe đó có bị xử phạt không? Mức xử phạt như thế nào?","Việc tự ý sang nhượng hành khách, chuyển tải khách dọc đường cho xe khác mà không được sự đồng ý của hành khách (nhằm trốn tránh phát hiện xe chở quá tải, quá số người) là hành vi vi phạm trật tự vận tải và bị xử phạt vi phạm hành chính.
Căn cứ pháp lý: Điểm c khoản 6, điểm a khoản 10 Điều 20 Nghị định số 168/2024/NĐ-CP (được sửa đổi, bổ sung bởi Nghị định số 238/2026/NĐ-CP).
Mức xử phạt cụ thể đối với lái xe:
- Phạt tiền: Từ 3.000.000 đồng đến 5.000.000 đồng đối với hành vi đe dọa, xúc phạm, tranh giành, lôi kéo hành khách; chuyển tải, xuống khách hoặc các hành vi khác nhằm trốn tránh phát hiện xe chở quá tải, quá số người theo quy định của pháp luật (điểm c khoản 6 Điều 20).
- Trừ điểm Giấy phép lái xe: Bị trừ 02 điểm giấy phép lái xe (điểm a khoản 10 Điều 20).
- Biện pháp khắc phục hậu quả: Buộc phải bố trí phương tiện khác đưa hành khách về đúng hành trình, địa điểm đã cam kết theo quy định.",http://pbgdpl.vinhphuc.gov.vn/ContentDetail/ReportDetailView?ReportInforId=0cdd15ea-c1d3-4e4c-b898-3ee1182c2d34,
142,"Tôi điều khiển xe ô tô bị lập biên bản lỗi đi không đúng phần đường, chạy quá tốc độ quy định từ 10km/h đến 20km/h, do không để ý nên giấy chứng nhận bảo hiểm bắt buộc trách nhiệm dân sự của xe bị hết hạn 01 ngày. Xin hỏi trường hợp của tôi bị xử phạt như thế nào? Có bị tước giấy phép lái xe không? Xin Ban biên tập cho tôi biết thêm về các lỗi vi phạm giao thông bị tước giấy phép lái xe ạ? Tôi xin chân thành cảm ơn!","Trong trường hợp của bạn, bạn bị lập biên bản 03 lỗi vi phạm với tổng mức phạt tiền từ 8.400.000 đồng đến 12.600.000 đồng, bị trừ tổng cộng 04 điểm giấy phép lái xe và hoàn toàn không bị tước quyền sử dụng Giấy phép lái xe theo quy định hiện hành.
Căn cứ pháp lý: Điểm đ khoản 5, điểm a khoản 16 Điều 6 và điểm c khoản 4 Điều 18 Nghị định số 168/2024/NĐ-CP (được sửa đổi, bổ sung bởi Nghị định số 238/2026/NĐ-CP).
Mức xử phạt cụ thể cho từng lỗi:
- Lỗi đi không đúng phần đường, làn đường quy định: Phạt tiền từ 4.000.000 đồng đến 6.000.000 đồng, đồng thời bị trừ 02 điểm giấy phép lái xe (điểm đ khoản 5, điểm a khoản 16 Điều 6).
- Lỗi chạy quá tốc độ quy định từ 10 km/h đến 20 km/h: Phạt tiền từ 4.000.000 đồng đến 6.000.000 đồng, đồng thời bị trừ 02 điểm giấy phép lái xe (điểm đ khoản 5, điểm a khoản 16 Điều 6).
- Lỗi không có Chứng nhận bảo hiểm trách nhiệm dân sự còn hiệu lực (do đã hết hạn): Phạt tiền từ 400.000 đồng đến 600.000 đồng, không bị trừ điểm (điểm c khoản 4 Điều 18).
- Tổng tiền phạt: Từ 8.400.000 đồng đến 12.600.000 đồng (mức trung bình là 10.500.000 đồng), bị trừ 04 điểm giấy phép lái xe.
- Về việc tước Giấy phép lái xe: Theo Nghị định số 168/2024/NĐ-CP, hình thức tước Giấy phép lái xe chỉ áp dụng với các lỗi vi phạm đặc biệt nghiêm trọng (như nồng độ cồn mức 3, sử dụng ma túy, lạng lách tái phạm), các lỗi trên không bị tước bằng lái xe.",https://canhsatgiaothong.bocongan.gov.vn/tintuc/tra-loi-cau-hoi-ban-doc.html-5,
143,"Tôi điều khiển xe mô tô bị lập biên bản xử phạt lỗi: chạy quá tốc độ quy định từ 10 km/h đến 20 km/h; không có đèn tín hiệu, không mang giấy phép lái xe; không mang giấy chứng nhận bảo hiểm. Tôi bị phạt 1.100.000đ, như thế có đúng quy định của pháp luật không? Khi đi trên đường tôi phải mang theo những giấy tờ gì? Mức phạt nếu không mang theo từng loại như thế nào?","Mức phạt 1.100.000 đồng của bạn là mức phạt theo quy định cũ; còn theo quy định hiện hành tại Nghị định số 168/2024/NĐ-CP, tổng mức phạt cho 04 lỗi trên từ 1.300.000 đồng đến 1.800.000 đồng. Khi điều khiển xe trên đường bạn bắt buộc phải mang theo các giấy tờ quy định hoặc xuất trình qua ứng dụng VNeID.
Căn cứ pháp lý: Điểm a khoản 4 Điều 7; điểm c khoản 1 Điều 14; điểm a, điểm d khoản 2 Điều 18 Nghị định số 168/2024/NĐ-CP (được sửa đổi, bổ sung bởi Nghị định số 238/2026/NĐ-CP) và khoản 2 Điều 56 Luật Trật tự, an toàn giao thông đường bộ năm 2024.
Mức xử phạt cụ thể từng lỗi theo quy định hiện hành:
- Chạy quá tốc độ từ 10 km/h đến 20 km/h: Phạt từ 800.000 đồng đến 1.000.000 đồng (điểm a khoản 4 Điều 7).
- Không có đèn tín hiệu (đèn xi nhan hoặc đèn hãm): Phạt từ 100.000 đồng đến 200.000 đồng (điểm c khoản 1 Điều 14).
- Không mang theo Giấy phép lái xe: Phạt từ 200.000 đồng đến 300.000 đồng (điểm d khoản 2 Điều 18).
- Không mang theo Chứng nhận bảo hiểm TNDS còn hiệu lực: Phạt từ 200.000 đồng đến 300.000 đồng (điểm a khoản 2 Điều 18).
- Các giấy tờ bắt buộc mang theo khi đi xe mô tô: Chứng nhận đăng ký xe; Giấy phép lái xe; Chứng nhận bảo hiểm bắt buộc TNDS còn hiệu lực. Nếu các giấy tờ này đã được tích hợp thành công trên VNeID thì được xuất trình thông qua tài khoản định danh điện tử.",https://csgt.bocongan.gov.vn/index.php/tintuc/tra-loi-cau-hoi-ban-doc.html-1,
144,"Cho tôi hỏi, mức xử phạt đối với hành vi chạy quá tốc độ tối đa cho phép trên đường cao tốc quy định cụ thể tại văn bản nào. Tốc độ tối đa cho phép trên mỗi loại đường cao tốc là giống nhau hay khác nhau và phụ thuộc vào yếu tố nào?","Mức xử phạt đối với hành vi chạy quá tốc độ trên đường cao tốc được quy định chi tiết tại Điều 6 Nghị định số 168/2024/NĐ-CP; tốc độ tối đa cho phép trên mỗi tuyến cao tốc không giống nhau mà phụ thuộc vào cấp thiết kế kỹ thuật, điều kiện địa hình và biển báo hiệu giao thông.
Căn cứ pháp lý: Thông tư số 38/2024/TT-BGTVT; Điều 10, Điều 12 Luật Trật tự, an toàn giao thông đường bộ năm 2024 và Điều 6 Nghị định số 168/2024/NĐ-CP (được sửa đổi, bổ sung bởi Nghị định số 238/2026/NĐ-CP).
Mức xử phạt cụ thể đối với người điều khiển xe chạy quá tốc độ:
- Chạy quá tốc độ từ 05 km/h đến dưới 10 km/h: Phạt từ 800.000 đồng đến 1.000.000 đồng (điểm a khoản 3 Điều 6).
- Chạy quá tốc độ từ 10 km/h đến 20 km/h: Phạt từ 4.000.000 đồng đến 6.000.000 đồng, trừ 02 điểm giấy phép lái xe (điểm đ khoản 5 Điều 6).
- Chạy quá tốc độ từ trên 20 km/h đến 35 km/h: Phạt từ 6.000.000 đồng đến 8.000.000 đồng, trừ 04 điểm giấy phép lái xe (điểm a khoản 6 Điều 6).
- Chạy quá tốc độ trên 35 km/h: Phạt từ 12.000.000 đồng đến 14.000.000 đồng, trừ 06 điểm giấy phép lái xe (điểm a khoản 7 Điều 6).
- Yếu tố quyết định tốc độ tối đa: Tốc độ tối đa trên cao tốc (thường là 80 km/h, 100 km/h hoặc 120 km/h) phụ thuộc vào tốc độ thiết kế của đường, số làn xe, có dải phân cách giữa cố định hay không, làn dừng khẩn cấp và phương án tổ chức giao thông cụ thể bằng biển báo.",https://csgt.bocongan.gov.vn/index.php/tintuc/muc-phat-doi-voi-hanh-vi-chay-qua-toc-do-toi-da-cho-phep-tren-duong-cao-toc.html,
145,Xin hỏi theo quy định hiện nay thì phải đảm bảo những điều kiện gì để tham gia giao thông trên đường cao tốc?,"Để tham gia giao thông trên đường cao tốc, người điều khiển phương tiện và phương tiện giao thông phải đáp ứng đầy đủ các điều kiện nghiêm ngặt về tốc độ thiết kế, quy tắc chuyển làn, giữ khoảng cách và tuân thủ các quy tắc an toàn đặc thù.
Căn cứ pháp lý: Điều 22, Điều 25 Luật Trật tự, an toàn giao thông đường bộ năm 2024 và Điều 6 Nghị định số 168/2024/NĐ-CP (được sửa đổi, bổ sung bởi Nghị định số 238/2026/NĐ-CP).
Các điều kiện cụ thể khi tham gia giao thông trên đường cao tốc:
- Điều kiện về phương tiện và đối tượng: Người đi bộ, xe thô sơ, xe gắn máy, xe mô tô và máy kéo, xe máy chuyên dùng có tốc độ thiết kế nhỏ hơn tốc độ tối thiểu quy định không được đi vào đường cao tốc (trừ người và phương tiện phục vụ quản lý, bảo trì).
- Quy tắc khi vào, ra đường cao tốc: Phải có tín hiệu xin vào và nhường đường cho xe đang chạy trên đường; chỉ vào đường cao tốc ở làn tăng tốc; khi ra phải chuyển dần sang làn giảm tốc.
- Quy tắc lưu thông trên đường cao tốc: Chạy xe đúng làn đường quy định, không được chạy quá tốc độ tối đa và không được chạy dưới tốc độ tối thiểu ghi trên biển báo; duy trì khoảng cách an toàn tối thiểu giữa các xe; tuyệt đối không được quay đầu xe, lùi xe, đi ngược chiều trên đường cao tốc (vi phạm bị phạt từ 30.000.000 đồng đến 40.000.000 đồng, trừ 10 điểm GPLX theo điểm đ khoản 11, điểm d khoản 16 Điều 6).
- Quy tắc dừng xe, đỗ xe: Chỉ được dừng xe, đỗ xe ở nơi quy định; trường hợp xe bị sự cố buộc phải dừng trên làn khẩn cấp phải bật đèn cảnh báo nguy hiểm và đặt biển cảnh báo phía sau xe.",https://csgt.bocongan.gov.vn/tintuc/quy-tac-tham-gia-giao-thong-tren-duong-cao-toc.html,
146,"Tôi điều khiển xe mô tô bị công an lập biên bản vi phạm lỗi: chở theo 2 người ngồi phía sau là vợ tôi và con gái tôi 15 tuổi, chạy quá tốc độ quy định từ 10km/h đến 20km/h và con gái tôi không đội mũ bảo hiểm. Xin hỏi theo quy định tôi bị phạt mấy lỗi và phạt bao nhiêu tiền?","Trường hợp của bạn bị lập biên bản 03 lỗi vi phạm hành chính với tổng số tiền phạt từ 1.600.000 đồng đến 2.200.000 đồng (mức trung bình là 1.900.000 đồng) và không bị trừ điểm giấy phép lái xe.
Căn cứ pháp lý: Điểm g khoản 2, điểm i khoản 2, điểm a khoản 4 Điều 7 Nghị định số 168/2024/NĐ-CP (được sửa đổi, bổ sung bởi Nghị định số 238/2026/NĐ-CP).
Mức xử phạt cụ thể cho từng lỗi vi phạm:
- Lỗi 1: Chở theo 02 người trên xe (con gái 15 tuổi tính là người thứ hai trên 12 tuổi): Phạt tiền từ 400.000 đồng đến 600.000 đồng (điểm g khoản 2 Điều 7).
- Lỗi 2: Chạy quá tốc độ quy định từ 10 km/h đến 20 km/h: Phạt tiền từ 800.000 đồng đến 1.000.000 đồng (điểm a khoản 4 Điều 7).
- Lỗi 3: Chở người ngồi trên xe không đội mũ bảo hiểm cho người đi mô tô, xe máy: Phạt tiền từ 400.000 đồng đến 600.000 đồng (điểm i khoản 2 Điều 7). (Ngoài ra, con gái bạn 15 tuổi sẽ bị xử phạt cảnh cáo theo khoản 5 Điều 12 Nghị định 168 và khoản 1 Điều 134 Luật Xử lý VPHC).
- Tổng tiền phạt: Từ 1.600.000 đồng đến 2.200.000 đồng. Các lỗi trên không áp dụng hình thức trừ điểm giấy phép lái xe.",https://csgt.bocongan.gov.vn/tintuc/kep-ba-vi-pham-toc-do-khong-doi-mu-bao-hiem-bi-phat-nhu-the-nao.html,
147,Xin hỏi điều khiển phương tiện chuyển hướng không đúng quy định bị xử phạt như thế nào? Tôi bị lập biên bản lỗi Chuyển hướng không giảm tốc độ hoặc không có tín hiệu báo hướng rẽ thì bị phạt bao nhiêu tiền và có bị tước Giấy phép lái xe hay không?,"Hành vi chuyển hướng không giảm tốc độ hoặc không có tín hiệu báo hướng rẽ (không bật xi nhan) là hành vi vi phạm an toàn giao thông, bị phạt tiền nhưng không bị tước Giấy phép lái xe và không bị trừ điểm giấy phép lái xe.
Căn cứ pháp lý: Điểm c khoản 3 Điều 6 (đối với xe ô tô) và điểm a khoản 3 Điều 7 (đối với xe mô tô) Nghị định số 168/2024/NĐ-CP (được sửa đổi, bổ sung bởi Nghị định số 238/2026/NĐ-CP).
Mức xử phạt cụ thể:
- Đối với người điều khiển xe mô tô, xe gắn máy: Phạt tiền từ 600.000 đồng đến 800.000 đồng (điểm a khoản 3 Điều 7).
- Đối với người điều khiển xe ô tô: Phạt tiền từ 800.000 đồng đến 1.000.000 đồng (điểm c khoản 3 Điều 6).
- Về tước GPLX và trừ điểm: Hành vi này không bị tước quyền sử dụng Giấy phép lái xe và không bị trừ điểm giấy phép lái xe.
- Lưu ý: Nếu chuyển hướng không giảm tốc độ hoặc không xi nhan mà gây tai nạn giao thông thì bị phạt tiền từ 20.000.000 đồng đến 24.000.000 đồng, trừ 10 điểm GPLX đối với ô tô (điểm a khoản 10 Điều 6); hoặc phạt từ 10.000.000 đồng đến 14.000.000 đồng, trừ 10 điểm GPLX đối với mô tô (điểm a khoản 10 Điều 7).",https://csgt.bocongan.gov.vn/tintuc/chuyen-huong-khong-dung-quy-dinh-bi-xu-phat-nhu-the-nao.html,
148,"Ở khu vực đường giao thông nơi có lề đường, khu vực chợ, các phương tiện để tràn ra đường để vào họp chợ hoặc các cơ sở kinh doanh lấn chiếm lề đường để trông giữ xe, cần phải xử lý như thế nào?","Hành vi để phương tiện tràn ra đường họp chợ hoặc lấn chiếm lề đường, đất dành cho kết cấu hạ tầng đường bộ để trông giữ xe là hành vi chiếm dụng đường bộ trái phép và bị xử lý vi phạm hành chính nghiêm khắc.
Căn cứ pháp lý: Điều 15 Luật Đường bộ năm 2024; khoản 7 Điều 12 Nghị định số 168/2024/NĐ-CP và khoản 3, khoản 7 Điều 5 Nghị định số 336/2025/NĐ-CP.
Mức xử phạt cụ thể:
- Hành vi sử dụng trái phép lòng đường, vỉa hè để họp chợ: Phạt tiền từ 2.000.000 đồng đến 3.000.000 đồng đối với cá nhân, từ 4.000.000 đồng đến 6.000.000 đồng đối với tổ chức (khoản 7 Điều 12 Nghị định số 168/2024/NĐ-CP).
- Hành vi lấn chiếm, dựng rạp, lều quán, chiếm dụng đất dành cho kết cấu hạ tầng đường bộ làm nơi trông giữ xe trái phép: Phạt tiền từ 3.000.000 đồng đến 5.000.000 đồng đối với cá nhân, từ 6.000.000 đồng đến 10.000.000 đồng đối với tổ chức (khoản 3 Điều 5 Nghị định số 336/2025/NĐ-CP).
- Biện pháp khắc phục hậu quả: Buộc phải giải tỏa ngay chợ tạm, chợ cóc lấn chiếm; chấm dứt hoạt động trông giữ xe trái phép và hoàn trả lại sự thông thoáng ban đầu cho lòng lề đường.",https://csgt.bocongan.gov.vn/tintuc/huong-dan-va-giai-dap-xu-ly-cac-tinh-huong-luat-giao-thong-duong-bo-duong-sat-tiep-theo-ky-truoc.html-1,
149,Những hình thức xử phạt đối với người uống rượu bia điều khiển xe mô tô và xe ô tô khi tham gia giao thông?,"Người điều khiển xe ô tô và xe mô tô tham gia giao thông mà trong máu hoặc hơi thở có nồng độ cồn sẽ bị xử phạt tiền rất nặng và áp dụng hình thức trừ điểm giấy phép lái xe (ở mức 1 và mức 2) hoặc tước quyền sử dụng giấy phép lái xe (ở mức 3).
Căn cứ pháp lý: Khoản 1 Điều 9 Luật Trật tự, an toàn giao thông đường bộ năm 2024; Điều 6 và Điều 7 Nghị định số 168/2024/NĐ-CP (được sửa đổi, bổ sung bởi Nghị định số 238/2026/NĐ-CP).
Mức xử phạt cụ thể theo từng mức nồng độ cồn:
- Mức 1 (chưa vượt quá 50 mg/100 ml máu hoặc chưa vượt quá 0,25 mg/1 l khí thở):
+ Người lái xe ô tô: Phạt tiền từ 6.000.000 đồng đến 8.000.000 đồng, đồng thời bị trừ 04 điểm giấy phép lái xe (điểm c khoản 6, điểm b khoản 16 Điều 6).
+ Người lái xe mô tô: Phạt tiền từ 2.000.000 đồng đến 3.000.000 đồng, đồng thời bị trừ 04 điểm giấy phép lái xe (điểm a khoản 6, điểm b khoản 13 Điều 7).
- Mức 2 (vượt quá 50 mg đến 80 mg/100 ml máu hoặc vượt quá 0,25 mg đến 0,4 mg/1 l khí thở):
+ Người lái xe ô tô: Phạt tiền từ 18.000.000 đồng đến 20.000.000 đồng, đồng thời bị trừ 10 điểm giấy phép lái xe (điểm a khoản 9, điểm d khoản 16 Điều 6).
+ Người lái xe mô tô: Phạt tiền từ 6.000.000 đồng đến 8.000.000 đồng, đồng thời bị trừ 10 điểm giấy phép lái xe (điểm b khoản 8, điểm d khoản 13 Điều 7).
- Mức 3 (vượt quá 80 mg/100 ml máu hoặc vượt quá 0,4 mg/1 l khí thở):
+ Người lái xe ô tô: Phạt tiền từ 30.000.000 đồng đến 40.000.000 đồng, đồng thời bị tước quyền sử dụng giấy phép lái xe từ 22 tháng đến 24 tháng (điểm a khoản 11, điểm c khoản 15 Điều 6).
+ Người lái xe mô tô: Phạt tiền từ 8.000.000 đồng đến 10.000.000 đồng, đồng thời bị tước quyền sử dụng giấy phép lái xe từ 22 tháng đến 24 tháng (điểm d khoản 9, điểm c khoản 12 Điều 7).",https://csgt.bocongan.gov.vn/tintuc/huong-dan-va-giai-dap-xu-ly-cac-tinh-huong-luat-giao-thong-duong-bo-duong-sat-tiep-theo-ky-truoc.html-1,
150,"Người điều khiển xe mô tô hai bánh, xe gắn máy phải tuân theo những quy tắc gì khi tham gia giao thông?","Người điều khiển xe mô tô hai bánh, xe gắn máy khi tham gia giao thông đường bộ phải tuyệt đối chấp hành các quy tắc về phần đường, làn đường, đội mũ bảo hiểm, tuân thủ tín hiệu giao thông và các hành vi bị cấm.
Căn cứ pháp lý: Điều 11, Điều 12, Điều 13, Điều 30 và Điều 33 Luật Trật tự, an toàn giao thông đường bộ năm 2024.
Các quy tắc cốt lõi người lái xe phải tuân thủ:
- Chấp hành hệ thống báo hiệu đường bộ: Tuân thủ hiệu lệnh của người điều khiển giao thông, đèn tín hiệu giao thông, biển báo hiệu và vạch kẻ đường.
- Đi đúng phần đường, làn đường: Đi bên phải theo chiều đi của mình; đi đúng làn đường quy định; khi chuyển làn hoặc chuyển hướng phải giảm tốc độ và có tín hiệu báo trước.
- Đội mũ bảo hiểm đúng cách: Người lái xe và người ngồi sau phải đội mũ bảo hiểm cho người đi mô tô, xe máy và cài quai đúng quy cách.
- Quy định về số người chở: Chỉ được chở 01 người; trừ trường hợp chở người bệnh đi cấp cứu, trẻ em dưới 12 tuổi, áp giải người phạm pháp hoặc chở người già yếu, khuyết tật có người đón đỡ (tối đa chở 02 người).
- Các hành vi nghiêm cấm: Tuyệt đối không điều khiển xe khi trong máu hoặc hơi thở có nồng độ cồn; không buông hai tay, đi xe một bánh, lạng lách đánh võng; không sử dụng điện thoại, tai nghe, ô (dù); không kéo, đẩy xe khác.",https://csgt.bocongan.gov.vn/tintuc/huong-dan-va-giai-dap-xu-ly-cac-tinh-huong-luat-giao-thong-duong-bo-duong-sat-tiep-theo-ky-truoc.html-2,
151,Cài mũ bảo hiểm như thế nào thì đúng quy cách?,"Việc quy định về đội mũ bảo hiểm khi tham gia giao thông đã có từ năm 2007. Tuy nhiên hiện nay tình trạng không đội mũ bảo hiểm, hoặc đội mũ bảo hiểm không đúng quy cách diễn ra khá phổ biến. Còn rất nhiều người đội mũ để chống đối và các lỗi thường gặp đó là: không cài dây mũ, đội mũ vải - mũ lưỡi trai ở trong mũ bảo hiểm, đội ngược mũ từ phía trước ra sau, thậm chí tháo xốp lót mũ ra khỏi mũ…

Không đội mũ bảo hiểm khi đi môtô, xe gắn máy, khi gặp tai nạn sẽ rất dễ dẫn tới tử vong hoặc tàn tật suốt đời do chấn thương sọ não. Đội mũ bảo hiểm không đúng cách, đặc biệt là đội mũ bảo hiểm mà không cài quai mũ, mũ sẽ có thể bị rơi khỏi đầu, như vậy đầu chúng ta sẽ không có gì bảo vệ, đồng thời tạo ra nguy hiểm cho những người đi phía sau, nếu không kịp thời phòng tránh.

Thông tư liên tịch số 06 năm 2013 giữa Bộ KHCN, Bộ Công thương, Bộ Công an và Bộ GTVT đã quy định cụ thể về trách nhiệm của người điều khiển, người ngồi trên xe mô tô, xe gắn máy, xe đạp máy phải đội mũ bảo hiểm đúng quy định và cài quai đúng cách.

Vậy đội mũ bảo hiểm thế nào là đúng quy cách?

- Trước hết, cần chọn 1 chiếc mũ bảo hiểm đạt tiêu chuẩn chất lượng. Mở dây quai mũ sang 2 bên, đội mũ lên đầu, cài khóa lại và kiểm tra xem mũ có vừa đầu không bằng cách xoay đi xoay lại, dùng tay kéo mũ từ đằng sau ra đằng trước hoặc nâng phần trên trước trán (hoặc phần cằm đối với mũ cả hàm) rồi kéo ra đằng sau, mũ không được bật ra khỏi đầu. Nếu mũ quá rộng so với đầu, khi đi xe máy mũ sẽ bị sụp xuống mặt hoặc lật ra phía sau hoặc bị lật nghiêng sang 1 bên, gây mất an toàn cho người sử dụng mũ.

- Thứ 2, Hãy luôn cài quai mũ, vì nếu đội mũ mà không cài quai thì mũ sẽ không có tác dụng bảo vệ. Tuy nhiên, không nên cài quá chật hoặc quá lỏng. Chúng ta có thể kiểm tra bằng cách: Sau khi cài, hãy thử nhét 2 ngón tay xuống dưới cằm, nếu nhét được 1 hoặc 2 ngón tay là vừa. Nếu chúng ta cài quai mũ, nhưng cài qúa lỏng, mũ cũng có thể bị lật khỏi đầu ra phía sau gáy và quai mũ sẽ vướng vào cổ của chúng ta, điều này sẽ rất nguy hiểm khi xảy ra tai nạn, dây có thể xiết vào vùng cổ, từ đó có thể gây tổn thương khí quản, thực quản, cột sống cổ, động mạch cảnh, dẫn đến liệt nửa người, thiếu máu não, thậm chí tử vong. Nếu quai mũ cài quá chật, sẽ tạo cảm giác vướng víu, khó chịu khi bạn điều khiển xe trên đường, gây mất an toàn khi tham gia giao thông.",https://csgt.bocongan.gov.vn/tintuc/huong-dan-va-giai-dap-xu-ly-cac-tinh-huong-luat-giao-thong-duong-bo-duong-sat-tiep-theo-ky-truoc.html-3,
152,"Hành vi điều khiển xe môtô không có gương chiếu hậu bên trái, đội mũ bảo hiểm không cài quai và không mang theo giấy phép lái xe thì bị xử phạt như thế nào?","Trường hợp điều khiển xe mô tô vi phạm đồng thời 03 lỗi: không có gương chiếu hậu bên trái, đội mũ bảo hiểm không cài quai và không mang Giấy phép lái xe thì bị phạt tiền tổng cộng từ 700.000 đồng đến 1.100.000 đồng và không bị trừ điểm giấy phép lái xe.
Căn cứ pháp lý: Điểm a khoản 1 Điều 14; điểm h khoản 2 Điều 7 và điểm d khoản 2 Điều 18 Nghị định số 168/2024/NĐ-CP (được sửa đổi, bổ sung bởi Nghị định số 238/2026/NĐ-CP).
Mức xử phạt cụ thể từng lỗi:
- Lỗi không có gương chiếu hậu bên trái người điều khiển hoặc có nhưng không có tác dụng: Phạt tiền từ 400.000 đồng đến 600.000 đồng (điểm a khoản 1 Điều 14).
- Lỗi đội mũ bảo hiểm cho người đi mô tô, xe máy không cài quai đúng quy cách khi điều khiển xe tham gia giao thông: Phạt tiền từ 400.000 đồng đến 600.000 đồng (điểm h khoản 2 Điều 7).
- Lỗi không mang theo Giấy phép lái xe (trừ trường hợp đã tích hợp và xuất trình qua VNeID): Phạt tiền từ 200.000 đồng đến 300.000 đồng (điểm d khoản 2 Điều 18).
- Tổng tiền phạt: Từ 1.000.000 đồng đến 1.500.000 đồng (mức trung bình là 1.250.000 đồng). Không bị áp dụng hình thức trừ điểm giấy phép lái xe.",https://csgt.bocongan.gov.vn/tintuc/huong-dan-va-giai-dap-xu-ly-cac-tinh-huong-luat-giao-thong-duong-bo-duong-sat-tiep-theo-ky-truoc.html-4,
153,"Tôi đi xe máy lưu thông trên quốc lộ, bị CSGT ra hiệu lệnh dừng xe và thông báo tôi chạy quá tốc độ 70/50km. Ngay sau đó, CSGT tiếp tục yêu cầu tôi mở cốp xe để tiến hành kiểm tra hành chính. Xin hỏi như vậy có đúng không?","Với tình huống như trên, Tổ công tác CSGT đang thực hiện kế hoạch kiểm tra, xử lý theo chuyên đề người điều khiển phương tiện vi phạm tốc độ. Và thực tế, CSGT cũng đã đo được phương tiện của bạn vi phạm chạy quá tốc 20km/h.

Tuy nhiên, trong quá trình CSGT lập biên bản, có thể đã phát hiện người vi phạm có những biểu hiện bất thường. Vì vậy, CSGT còn yêu cầu người vi phạm chấp hành việc kiểm tra hành chính theo quy định.

Vì thực tế, qua kiểm tra nhiều trường hợp vi phạm giao thông, lực lượng CSGT đã phát hiện trong cốp xe của người vi phạm còn mang theo vũ khí nóng như: Dao, kiếm, chất cháy nổ, ma túy… Vì vậy, việc CSGT yêu cầu kiểm tra hành chính là hoàn toàn đúng quy định.

Tuy nhiên, quá trình kiểm tra người điều khiển phương tiện vi phạm, nếu không có vũ khí như: Dao, kiếm, chất cháy nổ, ma túy… thì cán bộ, chiến sỹ CSGT trực tiếp kiểm tra sẽ nói lời cảm ơn người vi phạm đã phối hợp và tạo điều kiện cho tổ công công tác làm nhiệm vụ.

Nếu quá trình kiểm tra hành hành chính người vi phạm có vũ khí như: Dao kiếm, chất cháy nổ, ma túy… thì sau khi lập biên bản vi phạm lỗi ban đầu, CSGT tiếp hành đưa người vi phạm cùng tang vật bàn giao về trụ sở công an phường gần nhất để tiếp tục điều tra làm rõ.",https://csgt.bocongan.gov.vn/tintuc/csgt-co-duoc-kiem-tra-hanh-chinh.html,
154,Cho tôi biết mức phạt lỗi không gắn biển số xe theo quy định là bao nhiêu? (Tôi bị mất biển số chưa kịp làm lại).,"Hành vi điều khiển phương tiện tham gia giao thông mà không gắn biển số xe theo quy định (kể cả trường hợp bị mất biển số nhưng chưa làm thủ tục cấp lại) là hành vi vi phạm pháp luật, bị phạt tiền rất nặng và bị trừ điểm giấy phép lái xe.
Căn cứ pháp lý: Điểm b khoản 7, điểm c khoản 13 Điều 13 (đối với xe ô tô) và điểm a khoản 3, điểm a khoản 7 Điều 14 (đối với xe mô tô) Nghị định số 168/2024/NĐ-CP (được sửa đổi, bổ sung bởi Nghị định số 238/2026/NĐ-CP); Thông tư số 79/2024/TT-BCA.
Mức xử phạt cụ thể:
- Đối với người điều khiển xe ô tô: Phạt tiền từ 10.000.000 đồng đến 12.000.000 đồng, đồng thời bị trừ 06 điểm giấy phép lái xe (điểm b khoản 7, điểm c khoản 13 Điều 13).
- Đối với người điều khiển xe mô tô, xe gắn máy: Phạt tiền từ 4.000.000 đồng đến 6.000.000 đồng, đồng thời bị trừ 02 điểm giấy phép lái xe (điểm a khoản 3, điểm a khoản 7 Điều 14).
- Khuyến nghị: Khi bị mất biển số xe, chủ phương tiện phải đến cơ quan đăng ký xe làm thủ tục cấp lại biển số theo quy định tại Thông tư số 79/2024/TT-BCA và chỉ được điều khiển xe tham gia giao thông sau khi đã được gắn biển số hợp lệ.",https://csgt.bocongan.gov.vn/tintuc/muc-phat-xe-co-gioi-khong-gan-bien-so-khi-tham-gia-giao-thong.html,
155,Cho tôi hỏi mức xử phạt lỗi mở cửa xe không đúng quy định là bao nhiêu? Mở cửa xe nơi đông người có bị xử phạt không ạ?,"Hành vi mở cửa xe, để cửa xe mở không bảo đảm an toàn khi dừng đỗ hoặc nơi đông người là hành vi vi phạm quy tắc an toàn giao thông đường bộ, bị phạt tiền và bị trừ điểm giấy phép lái xe.
Căn cứ pháp lý: Điều 18 Luật Trật tự, an toàn giao thông đường bộ năm 2024; điểm q khoản 5, điểm a khoản 10 và điểm a, điểm d khoản 16 Điều 6 Nghị định số 168/2024/NĐ-CP (được sửa đổi, bổ sung bởi Nghị định số 238/2026/NĐ-CP).
Mức xử phạt cụ thể:
- Hành vi mở cửa xe, để cửa xe mở không bảo đảm an toàn: Phạt tiền từ 4.000.000 đồng đến 6.000.000 đồng, đồng thời bị trừ 02 điểm giấy phép lái xe (điểm q khoản 5, điểm a khoản 16 Điều 6).
- Trường hợp mở cửa xe không bảo đảm an toàn mà gây tai nạn giao thông: Phạt tiền từ 20.000.000 đồng đến 24.000.000 đồng, đồng thời bị trừ 10 điểm giấy phép lái xe (điểm a khoản 10, điểm d khoản 16 Điều 6).
- Nếu hậu quả tai nạn gây chết người hoặc thương tích nặng: Người có hành vi vi phạm có thể bị truy cứu trách nhiệm hình sự theo Điều 260 Bộ luật Hình sự năm 2015.",https://csgt.bocongan.gov.vn/tintuc/mo-cua-xe-khong-dung-quy-dinh-bi-xu-phat-nhu-the-nao.html,
156,"Tôi điều khiển xe ô tô chở vật liệu xây dựng, do yêu cầu của khách hàng để chở được nhiều hàng hơn tôi đã thay đổi kích thước thùng chở hàng. Tôi bị Cảnh sát giao thông kiểm tra và xử lý phạt lỗi tự ý thay đổi kích thước thành thùng xe và chở hàng vượt quá trọng tải 35%. Xin hỏi với hai lỗi trên tôi sẽ bị xử phạt bao nhiêu tiền? Có bị tước Giấy phép lái xe hay không?","Với hai hành vi tự ý thay đổi kích thước thành thùng xe và chở hàng vượt trọng tải 35%, bạn sẽ bị xử phạt tiền tổng cộng từ 5.000.000 đồng đến 8.000.000 đồng, bị trừ 04 điểm giấy phép lái xe và hoàn toàn không bị tước Giấy phép lái xe theo quy định hiện hành.
Căn cứ pháp lý: Điểm b khoản 4, điểm a khoản 13 Điều 13 và điểm a khoản 5, điểm a khoản 13 Điều 21 Nghị định số 168/2024/NĐ-CP (được sửa đổi, bổ sung bởi Nghị định số 238/2026/NĐ-CP).
Mức xử phạt cụ thể đối với người điều khiển xe:
- Lỗi điều khiển xe ô tô tải có kích thước thùng xe không đúng với thông số kỹ thuật: Phạt tiền từ 2.000.000 đồng đến 3.000.000 đồng, bị trừ 02 điểm giấy phép lái xe (điểm b khoản 4, điểm a khoản 13 Điều 13).
- Lỗi chở hàng vượt trọng tải cho phép từ trên 30% đến 50%: Phạt tiền từ 3.000.000 đồng đến 5.000.000 đồng, bị trừ 02 điểm giấy phép lái xe (điểm a khoản 5, điểm a khoản 13 Điều 21).
- Tổng mức phạt tiền người lái xe: Từ 5.000.000 đồng đến 8.000.000 đồng (mức trung bình là 6.500.000 đồng), trừ tổng cộng 04 điểm giấy phép lái xe.
- Biện pháp khắc phục hậu quả: Buộc phải hạ tải phần hàng hóa quá tải và khôi phục lại kích thước thùng xe theo đúng Giấy chứng nhận kiểm định an toàn kỹ thuật ban đầu.
- Lưu ý đối với chủ phương tiện: Nếu người lái xe đồng thời là chủ xe thì chủ xe còn bị xử phạt theo Điều 32 Nghị định số 168/2024/NĐ-CP về hành vi đưa xe có kích thước thùng không đúng và giao xe quá tải tham gia giao thông.",https://csgt.bocongan.gov.vn/index.php/tintuc/muc-phat-vi-pham-tu-y-thay-doi-kich-thuoc-thanh-thung-xe.html,
157,"Vừa qua tôi có tham gia giao thông bằng phương tiện xe mô tô gặp đèn đỏ, tôi đã rẽ phải thì bị Cảnh sát giao thông yêu cầu dừng xe vì lỗi không chấp hành tín hiệu đèn, do vội đi làm nên tôi không kịp cài quai mũ bảo hiểm và không mang theo giấy tờ xe. Sau khi về nhà lấy đầy đủ giấy tờ xe tôi đã bị xử phạt 04 lỗi: Không chấp hành hiệu lệnh của đèn tín hiệu, Không mang giấy phép lái xe, Không mang Giấy đăng ký xe và đội mũ bảo hiểm không cài quai. Xin hỏi Cảnh sát giao thông xử phạt các lỗi trên có đúng không? Mức phạt cụ thể các lỗi trên là bao nhiêu tiền? Xin cảm ơn!","Cảnh sát giao thông lập biên bản xử phạt 04 lỗi vi phạm hành chính đối với bạn là hoàn toàn đúng quy định pháp luật; tổng mức tiền phạt cho 04 lỗi là từ 4.800.000 đồng đến 7.200.000 đồng và bạn bị trừ 04 điểm giấy phép lái xe.
Căn cứ pháp lý: Điểm c khoản 7, điểm b khoản 13, điểm h khoản 2 Điều 7 và điểm c, điểm d khoản 2 Điều 18 Nghị định số 168/2024/NĐ-CP (được sửa đổi, bổ sung bởi Nghị định số 238/2026/NĐ-CP); khoản 2 Điều 56 Luật Trật tự, an toàn giao thông đường bộ năm 2024.
Mức xử phạt cụ thể từng lỗi vi phạm:
- Lỗi không chấp hành hiệu lệnh của đèn tín hiệu giao thông (rẽ phải khi đèn đỏ mà không có biển phụ hoặc đèn phụ cho phép rẽ): Phạt tiền từ 4.000.000 đồng đến 6.000.000 đồng, đồng thời bị trừ 04 điểm giấy phép lái xe (điểm c khoản 7, điểm b khoản 13 Điều 7).
- Lỗi đội mũ bảo hiểm cho người đi mô tô, xe máy không cài quai đúng quy cách: Phạt tiền từ 400.000 đồng đến 600.000 đồng (điểm h khoản 2 Điều 7).
- Lỗi không mang theo Giấy phép lái xe tại thời điểm kiểm tra: Phạt tiền từ 200.000 đồng đến 300.000 đồng (điểm d khoản 2 Điều 18).
- Lỗi không mang theo Chứng nhận đăng ký xe tại thời điểm kiểm tra: Phạt tiền từ 200.000 đồng đến 300.000 đồng (điểm c khoản 2 Điều 18).
- Tổng tiền phạt: Từ 4.800.000 đồng đến 7.200.000 đồng (mức trung bình là 6.000.000 đồng), bị trừ 04 điểm giấy phép lái xe.",https://csgt.bocongan.gov.vn/tintuc/re-phai-khi-den-do-bat-sang-co-bi-phat-khong.html,
158,"tôi lái xe ô tô của mình đến ngã ngã tư giao nhau giữa đường Hoàng Quốc Việt - Nghĩa Tân, tôi quên không bật đèn xi nhan để chuyển hướng và khi rẽ vào phố Nghĩa Tân, thì chút nữa đã xảy ra va chạm với một chiếc xe máy đi sau. Tôi đã thấy tác dụng của việc bật đèn xi nhan khi chuyển hướng. Xin hãy hướng dẫn tôi và người tham gia giao thông sử dụng đèn xi nhan như thế nào là đúng cách? Nếu vi phạm thì xử lý như thế nào?","Khi chuyển hướng xe, người lái xe bắt buộc phải giảm tốc độ và có tín hiệu báo hướng rẽ (bật đèn xi nhan) trước khi rẽ và duy trì liên tục trong suốt quá trình chuyển hướng; việc không bật đèn xi nhan khi chuyển hướng là hành vi vi phạm an toàn giao thông và bị xử phạt theo quy định.
Căn cứ pháp lý: Điều 13 Luật Trật tự, an toàn giao thông đường bộ năm 2024; điểm c khoản 3 Điều 6 và điểm a khoản 3 Điều 7 Nghị định số 168/2024/NĐ-CP (được sửa đổi, bổ sung bởi Nghị định số 238/2026/NĐ-CP).
Hướng dẫn sử dụng và mức xử phạt cụ thể:
- Hướng dẫn bật xi nhan đúng cách: Người điều khiển phương tiện phải giảm tốc độ, quan sát gương chiếu hậu bảo đảm khoảng cách an toàn với các phương tiện phía sau; bật đèn xi nhan trước khi chuyển hướng khoảng 20 mét đến 30 mét để cảnh báo; duy trì tín hiệu xi nhan trong suốt quá trình rẽ và chỉ tắt xi nhan sau khi xe đã hoàn tất chuyển sang tuyến đường mới an toàn.
- Mức xử phạt cụ thể:
+ Đối với người điều khiển xe ô tô: Phạt tiền từ 800.000 đồng đến 1.000.000 đồng về hành vi chuyển hướng không giảm tốc độ hoặc không có tín hiệu báo hướng rẽ (điểm c khoản 3 Điều 6). Không bị trừ điểm giấy phép lái xe.
+ Đối với người điều khiển xe mô tô, xe gắn máy: Phạt tiền từ 600.000 đồng đến 800.000 đồng (điểm a khoản 3 Điều 7).
+ Trường hợp chuyển hướng không xi nhan mà gây tai nạn giao thông: Phạt từ 20.000.000 đồng đến 24.000.000 đồng, trừ 10 điểm GPLX đối với ô tô (điểm a khoản 10 Điều 6); phạt từ 10.000.000 đồng đến 14.000.000 đồng, trừ 10 điểm GPLX đối với mô tô (điểm a khoản 10 Điều 7).",https://csgt.bocongan.gov.vn/tintuc/su-dung-den-xi-nhan-bao-re-dung-cach.html,
159,Khi điều khiển phương tiện khi tham gia giao thông đường bộ muốn vượt phương tiện khác phải tuân thủ theo quy tắc nào? Nếu vượt xe không đúng quy định sẽ bị xử phạt như thế nào?,"Khi vượt xe, người lái xe phải quan sát kỹ, chỉ được vượt khi có đủ điều kiện an toàn, phải có tín hiệu báo trước và vượt về bên trái (trừ các trường hợp luật cho phép vượt bên phải); hành vi vượt xe sai quy định bị phạt tiền và bị trừ điểm giấy phép lái xe.
Căn cứ pháp lý: Điều 14 Luật Trật tự, an toàn giao thông đường bộ năm 2024; điểm a khoản 5, điểm c khoản 5, điểm a khoản 16 Điều 6 và điểm c khoản 4, điểm đ khoản 3, điểm b khoản 1 Điều 7 Nghị định số 168/2024/NĐ-CP (được sửa đổi, bổ sung bởi Nghị định số 238/2026/NĐ-CP).
Quy tắc và mức xử phạt cụ thể:
- Quy tắc vượt xe: Phải có tín hiệu xin vượt bằng đèn hoặc còi; chỉ được vượt khi không có chướng ngại vật phía trước, không có xe chạy ngược chiều trong đoạn đường định vượt, xe chạy trước không có tín hiệu vượt xe khác và đã tránh về bên phải; phải vượt về bên trái.
- Mức xử phạt đối với người điều khiển xe ô tô:
+ Vượt xe trong trường hợp không được vượt, vượt tại đoạn đường có biển cấm vượt hoặc vượt bên phải xe khác trong trường hợp không được phép: Phạt tiền từ 4.000.000 đồng đến 6.000.000 đồng, đồng thời bị trừ 02 điểm giấy phép lái xe (điểm a, điểm c khoản 5, điểm a khoản 16 Điều 6).
+ Vượt xe gây tai nạn giao thông: Phạt tiền từ 20.000.000 đồng đến 24.000.000 đồng, trừ 10 điểm giấy phép lái xe (điểm a khoản 10, điểm d khoản 16 Điều 6).
- Mức xử phạt đối với người điều khiển xe mô tô, xe gắn máy:
+ Không có tín hiệu trước khi vượt hoặc có tín hiệu nhưng không duy trì suốt quá trình vượt: Phạt tiền từ 200.000 đồng đến 400.000 đồng (điểm b khoản 1 Điều 7).
+ Vượt bên phải không được phép: Phạt tiền từ 600.000 đồng đến 800.000 đồng (điểm đ khoản 3 Điều 7).
+ Vượt xe trong những trường hợp không được vượt, vượt tại nơi có biển cấm vượt: Phạt tiền từ 800.000 đồng đến 1.000.000 đồng (điểm c khoản 4 Điều 7).",https://csgt.bocongan.gov.vn/index.php/tintuc/nhung-quy-dinh-ve-vuot-xe-khi-tham-gia-giao-thong.html,
160,Cho tôi biết lỗi không chấp hành hiệu lệnh của Cảnh sát giao thông bị phạt bao nhiêu tiền?,"Hành vi không chấp hành hiệu lệnh, hướng dẫn của người điều khiển giao thông hoặc người kiểm soát giao thông (Cảnh sát giao thông) là hành vi vi phạm trật tự an toàn giao thông nghiêm trọng, bị phạt tiền ở mức rất cao và bị trừ điểm giấy phép lái xe theo từng loại phương tiện.
Căn cứ pháp lý: Điểm c khoản 9, điểm b khoản 16 Điều 6; điểm d khoản 7, điểm b khoản 13 Điều 7; điểm d khoản 6, điểm b khoản 9 Điều 8; điểm đ khoản 2 Điều 9 và điểm c khoản 1 Điều 10 Nghị định số 168/2024/NĐ-CP (được sửa đổi, bổ sung bởi Nghị định số 238/2026/NĐ-CP).
Mức xử phạt cụ thể:
- Đối với người điều khiển xe ô tô: Phạt tiền từ 18.000.000 đồng đến 20.000.000 đồng, đồng thời bị trừ 04 điểm giấy phép lái xe (điểm c khoản 9, điểm b khoản 16 Điều 6).
- Đối với người điều khiển xe mô tô, xe gắn máy: Phạt tiền từ 4.000.000 đồng đến 6.000.000 đồng, đồng thời bị trừ 04 điểm giấy phép lái xe (điểm d khoản 7, điểm b khoản 13 Điều 7).
- Đối với người điều khiển máy kéo, xe máy chuyên dùng: Phạt tiền từ 6.000.000 đồng đến 8.000.000 đồng, đồng thời bị trừ 04 điểm giấy phép lái xe (điểm d khoản 6, điểm b khoản 9 Điều 8).
- Đối với người điều khiển xe đạp, xe đạp máy, xe thô sơ: Phạt tiền từ 300.000 đồng đến 400.000 đồng (điểm đ khoản 2 Điều 9).
- Đối với người đi bộ: Phạt tiền từ 150.000 đồng đến 250.000 đồng (điểm c khoản 1 Điều 10).",https://csgt.bocongan.gov.vn/tintuc/khong-chap-hanh-hieu-lenh-cua-canh-sat-giao-thong-bi-phat-nhu-the-nao.html,
161,Khi qua nơi giao nhau thì cần phải tuân thủ theo quy tắc nào? Nếu vi phạm thì mức phạt như thế nào? Xin cảm ơn,"Khi đến gần đường giao nhau, người điều khiển phương tiện phải giảm tốc độ và nhường đường theo đúng thứ tự ưu tiên quy định; hành vi không tuân thủ các quy định về nhường đường tại nơi giao nhau là vi phạm pháp luật và bị phạt tiền.
Căn cứ pháp lý: Điều 21 Luật Trật tự, an toàn giao thông đường bộ năm 2024; điểm c khoản 2, điểm m, điểm n, điểm o khoản 5 Điều 6 và điểm b khoản 1, điểm c khoản 5 Điều 7 Nghị định số 168/2024/NĐ-CP (được sửa đổi, bổ sung bởi Nghị định số 238/2026/NĐ-CP).
Quy tắc và mức xử phạt cụ thể:
- Quy tắc nhường đường tại nơi giao nhau:
+ Tại nơi đường giao nhau không có báo hiệu đi theo vòng xuyến: Phải nhường đường cho xe đi đến từ bên phải.
+ Tại nơi đường giao nhau có báo hiệu đi theo vòng xuyến: Phải nhường đường cho xe đi bên trái.
+ Tại nơi giao nhau giữa đường không ưu tiên và đường ưu tiên hoặc giữa đường nhánh và đường chính: Xe đi từ đường không ưu tiên/đường nhánh phải nhường đường cho xe đi trên đường ưu tiên/đường chính từ bất kỳ hướng nào tới.
- Mức xử phạt đối với người điều khiển xe ô tô:
+ Không tuân thủ các quy định về nhường đường tại nơi giao nhau: Phạt tiền từ 600.000 đồng đến 800.000 đồng (điểm c khoản 2 Điều 6).
+ Không nhường đường cho xe đi trên đường ưu tiên, đường chính từ bất kỳ hướng nào tới tại nơi đường giao nhau: Phạt tiền từ 4.000.000 đồng đến 6.000.000 đồng, trừ 02 điểm giấy phép lái xe (điểm n khoản 5, điểm a khoản 16 Điều 6).
- Mức xử phạt đối với người điều khiển xe mô tô, xe gắn máy:
+ Không tuân thủ các quy định về nhường đường tại nơi giao nhau: Phạt tiền từ 200.000 đồng đến 400.000 đồng (điểm b khoản 1 Điều 7).
+ Không nhường đường cho xe đi trên đường ưu tiên, đường chính: Phạt tiền từ 1.000.000 đồng đến 2.000.000 đồng, trừ 02 điểm giấy phép lái xe (điểm c khoản 5, điểm a khoản 13 Điều 7).",https://csgt.bocongan.gov.vn/index.php/tintuc/quy-tac-nhuong-duong-tai-noi-giao-nhau.html,
162,Cho tôi hỏi điều khiển phương tiện đi ngược chiều thì bị xử phạt như thế nào ạ?,"Hành vi điều khiển phương tiện đi ngược chiều của đường một chiều hoặc đi ngược chiều trên đường có biển cấm đi ngược chiều là hành vi vi phạm trật tự an toàn giao thông nghiêm trọng, bị phạt tiền rất nặng và bị trừ điểm giấy phép lái xe.
Căn cứ pháp lý: Điểm d khoản 9, điểm đ khoản 11, khoản 16 Điều 6; điểm a khoản 7, điểm a khoản 13 Điều 7 và điểm a khoản 1 Điều 9 Nghị định số 168/2024/NĐ-CP (được sửa đổi, bổ sung bởi Nghị định số 238/2026/NĐ-CP).
Mức xử phạt cụ thể:
- Đối với người điều khiển xe ô tô:
+ Đi ngược chiều của đường một chiều, đi ngược chiều trên đường có biển Cấm đi ngược chiều: Phạt tiền từ 18.000.000 đồng đến 20.000.000 đồng, đồng thời bị trừ 04 điểm giấy phép lái xe (điểm d khoản 9, điểm b khoản 16 Điều 6).
+ Đi ngược chiều trên đường cao tốc: Phạt tiền từ 30.000.000 đồng đến 40.000.000 đồng, đồng thời bị trừ 10 điểm giấy phép lái xe (điểm đ khoản 11, điểm d khoản 16 Điều 6).
- Đối với người điều khiển xe mô tô, xe gắn máy: Phạt tiền từ 4.000.000 đồng đến 6.000.000 đồng, đồng thời bị trừ 02 điểm giấy phép lái xe (điểm a khoản 7, điểm a khoản 13 Điều 7).
- Đối với người điều khiển xe đạp, xe đạp máy: Phạt tiền từ 100.000 đồng đến 200.000 đồng (điểm a khoản 1 Điều 9).
- Nếu đi ngược chiều mà gây tai nạn giao thông: Phạt tiền từ 20.000.000 đồng đến 24.000.000 đồng, trừ 10 điểm GPLX đối với ô tô (điểm a khoản 10 Điều 6); phạt tiền từ 10.000.000 đồng đến 14.000.000 đồng, trừ 10 điểm GPLX đối với mô tô (điểm a khoản 10 Điều 7).",https://csgt.bocongan.gov.vn/index.php/tintuc/muc-xu-phat-loi-di-nguoc-chieu.html,
163,"Việc tự ý chiếm dụng lòng đường, vỉa hè làm nơi trông giữ xe gây cản trở giao thông và mất mỹ quan đô thị có xem là vi phạm pháp luật giao thông đường bộ không? Nếu vi phạm thì bị xử phạt tại nghị định nào?","Việc tự ý chiếm dụng lòng đường, vỉa hè hoặc dải phân cách giữa làm nơi trông giữ xe gây cản trở giao thông là hành vi vi phạm pháp luật và bị xử phạt vi phạm hành chính theo quy định về trật tự giao thông và bảo vệ kết cấu hạ tầng đường bộ.
Căn cứ pháp lý: Điều 15, Điều 16 Luật Đường bộ năm 2024; điểm d khoản 6, khoản 12 Điều 12 Nghị định số 168/2024/NĐ-CP và khoản 3 Điều 5 Nghị định số 336/2025/NĐ-CP.
Mức xử phạt cụ thể:
- Chiếm dụng dải phân cách giữa của đường đôi làm nơi để xe, trông giữ xe: Phạt tiền từ 500.000 đồng đến 1.000.000 đồng đối với cá nhân, từ 1.000.000 đồng đến 2.000.000 đồng đối với tổ chức (điểm d khoản 6 Điều 12 Nghị định số 168/2024/NĐ-CP).
- Tự ý chiếm dụng đất dành cho kết cấu hạ tầng đường bộ: Phạt tiền từ 3.000.000 đồng đến 5.000.000 đồng đối với cá nhân, từ 6.000.000 đồng đến 10.000.000 đồng đối với tổ chức (khoản 3 Điều 5 Nghị định số 336/2025/NĐ-CP).
- Sử dụng tạm thời lòng đường, vỉa hè vào mục đích trông giữ xe mà không có giấy phép: Phạt tiền từ 10.000.000 đồng đến 15.000.000 đồng đối với cá nhân, từ 20.000.000 đồng đến 30.000.000 đồng đối với tổ chức (khoản 12 Điều 12 Nghị định số 168/2024/NĐ-CP).
- Biện pháp khắc phục hậu quả: Buộc phải giải tỏa ngay bãi trông giữ xe không phép, thu dọn toàn bộ phương tiện và khôi phục lại tình trạng ban đầu của lòng đường, vỉa hè.",https://csgt.bocongan.gov.vn/index.php/tintuc/lan-chiem-long-duong-via-he-su-phat-nhu-the-nao.html,
164,Khi đi trên đường bộ giao nhau với đường sắt phải tuân thủ theo quy tắc nào? Nếu vi phạm bị xử lý như thế nào? Trong trường hợp xe bị hỏng tại nơi đường bộ giao nhau với đường sắt thì phải làm như thế nào?,"Khi đi trên đoạn đường bộ giao nhau cùng mức với đường sắt, người tham gia giao thông phải tuyệt đối chấp hành hiệu lệnh báo hiệu và quyền ưu tiên của phương tiện đường sắt; nếu xe bị chết máy, hỏng hóc tại đường ngang phải khẩn trương đưa xe ra khỏi phạm vi an toàn đường sắt hoặc báo hiệu khẩn cấp cho tàu dừng lại.
Căn cứ pháp lý: Điều 16, Điều 54 Luật Đường sắt số 95/2025/QH15; Điều 26 Luật Trật tự, an toàn giao thông đường bộ số 36/2024/QH15; Điều 13 Nghị định số 81/2026/NĐ-CP; điểm a khoản 8 Điều 6 và điểm a khoản 7 Điều 7 Nghị định số 168/2024/NĐ-CP.
Quy tắc xử lý và mức phạt cụ thể:
- Quy tắc xử lý khi xe bị hỏng tại đường ngang: Phải bằng mọi cách nhanh nhất đưa xe ra khỏi phạm vi an toàn đường ray; nếu không thể di chuyển được, phải dùng mọi tín hiệu báo động khẩn cấp đi về hai phía đường ray cách vị trí xe tối thiểu 500 mét để báo hiệu cho người lái tàu biết dừng tàu, đồng thời khẩn trương liên hệ với nhân viên gác chắn hoặc ga đường sắt gần nhất.
- Mức xử phạt hành vi vượt rào chắn hoặc vượt đường ngang khi đèn đỏ đã bật sáng:
+ Đối với người điều khiển xe ô tô: Phạt tiền từ 18.000.000 đồng đến 20.000.000 đồng, đồng thời bị Tước quyền sử dụng Giấy phép lái xe từ 01 tháng đến 03 tháng (khoản 9, khoản 11 Điều 13 Nghị định số 81/2026/NĐ-CP; điểm a khoản 8 Điều 6 Nghị định số 168/2024/NĐ-CP).
+ Đối với người điều khiển xe mô tô: Phạt tiền từ 4.000.000 đồng đến 6.000.000 đồng, đồng thời bị Tước quyền sử dụng Giấy phép lái xe từ 01 tháng đến 03 tháng (khoản 6, khoản 11 Điều 13 Nghị định số 81/2026/NĐ-CP; điểm a khoản 7 Điều 7 Nghị định số 168/2024/NĐ-CP).",https://csgt.bocongan.gov.vn/index.php/tintuc/quy-tac-khi-di-tren-duong-bo-giao-cat-voi-duong-sat.html,
165,"Vào khoảng 20 giờ, tháng trước tôi điều khiển xe mô tô đi trên đường thành phố có đèn đường, tôi không bật đèn chiếu sáng và quên không đội mũ bảo hiểm. Tôi bị Cảnh sát giao thông lập biên bản lỗi không sử dụng đèn chiếu sáng theo quy định và không đội mũ bảo hiểm. Xin hỏi tôi bị phạt bao nhiêu tiền, có bị tước Giấy phép lái xe hay không?","Trường hợp bạn điều khiển xe mô tô vào lúc 20 giờ không bật đèn chiếu sáng và không đội mũ bảo hiểm thì bị xử phạt 02 lỗi với tổng số tiền phạt từ 600.000 đồng đến 1.000.000 đồng, hoàn toàn không bị tước Giấy phép lái xe và không bị trừ điểm giấy phép lái xe.
Căn cứ pháp lý: Điểm g khoản 1 và điểm h khoản 2 Điều 7 Nghị định số 168/2024/NĐ-CP (được sửa đổi, bổ sung bởi Nghị định số 238/2026/NĐ-CP).
Mức xử phạt cụ thể từng lỗi vi phạm:
- Lỗi không sử dụng đèn chiếu sáng trong thời gian từ 18 giờ ngày hôm trước đến 06 giờ ngày hôm sau: Phạt tiền từ 200.000 đồng đến 400.000 đồng (điểm g khoản 1 Điều 7).
- Lỗi không đội mũ bảo hiểm cho người đi mô tô, xe máy khi điều khiển xe tham gia giao thông: Phạt tiền từ 400.000 đồng đến 600.000 đồng (điểm h khoản 2 Điều 7).
- Tổng tiền phạt: Từ 600.000 đồng đến 1.000.000 đồng (mức phạt trung bình là 800.000 đồng).
- Về tước GPLX và trừ điểm: Hai hành vi vi phạm trên không áp dụng hình thức xử phạt bổ sung tước Giấy phép lái xe và không bị áp dụng hình thức trừ điểm giấy phép lái xe theo quy định.",https://csgt.bocongan.gov.vn/index.php/tintuc/muc-phat-loi-dieu-khien-xe-mo-to-khong-bat-den-chieu-sang.html,
166,Xin hỏi khi tham gia giao thông muốn dừng đỗ xe cần làm gì để đúng quy định? Nếu vi phạm sẽ bị xử phạt như thế nào? Xin cảm ơn!,"Khi dừng xe, đỗ xe trên đường bộ, người điều khiển phương tiện phải tuân thủ nghiêm ngặt các nguyên tắc về vị trí, khoảng cách và báo hiệu; nếu vi phạm sẽ bị xử phạt tiền và có thể bị trừ điểm giấy phép lái xe tùy theo lỗi cụ thể.
Căn cứ pháp lý: Điều 16 Luật Trật tự, an toàn giao thông đường bộ năm 2024; Điều 6 và Điều 7 Nghị định số 168/2024/NĐ-CP (được sửa đổi, bổ sung bởi Nghị định số 238/2026/NĐ-CP).
Quy tắc dừng đỗ và mức xử phạt cụ thể:
- Quy tắc cần thực hiện: Phải có tín hiệu báo trước; chỉ dừng, đỗ xe sát mép đường phía bên phải theo chiều đi; bánh xe gần nhất không cách mép lề đường quá 0,25 mét; không được dừng đỗ tại các nơi cấm (trên cầu, gầm cầu vượt, nơi giao nhau dưới 05m, trạm xe buýt, miệng cống, trước cổng cơ quan...).
- Mức xử phạt đối với người điều khiển xe ô tô:
+ Dừng xe, đỗ xe không có tín hiệu báo trước: Phạt từ 400.000 đồng đến 600.000 đồng (điểm b khoản 1 Điều 6).
+ Dừng xe, đỗ xe không sát mép đường quá 0,25 mét; dừng nơi có biển cấm dừng đỗ: Phạt từ 600.000 đồng đến 800.000 đồng (điểm đ khoản 2 Điều 6).
+ Dừng xe, đỗ xe trên cầu, gầm cầu vượt, trong hầm đường bộ: Phạt từ 2.000.000 đồng đến 3.000.000 đồng, trừ 02 điểm GPLX (điểm b, điểm đ khoản 4, điểm a khoản 16 Điều 6).
+ Dừng đỗ xe trên đường cao tốc sai quy định: Phạt từ 10.000.000 đồng đến 12.000.000 đồng, trừ 06 điểm GPLX (điểm c khoản 7, điểm c khoản 16 Điều 6).
- Mức xử phạt đối với người điều khiển xe mô tô, xe gắn máy: Phạt từ 400.000 đồng đến 600.000 đồng nếu dừng đỗ dưới lòng đường gây cản trở (điểm đ khoản 2 Điều 7); phạt từ 600.000 đồng đến 800.000 đồng nếu dừng đỗ trên cầu (điểm c khoản 3 Điều 7).",https://csgt.bocongan.gov.vn/index.php/tintuc/quy-dinh-ve-dung-do-xe-khi-tham-gia-giao-thong.html,
167,"Cho tôi hỏi khi điều khiển xe đi trên đường, để tránh xe đi ngược chiều tôi phải làm gì để không vi phạm quy định của pháp luật? Nếu vi phạm sẽ bị xử phạt như thế nào?","Khi tránh xe đi ngược chiều, người lái xe phải giảm tốc độ, đi về bên phải theo chiều đi của mình, không dùng đèn chiếu xa; nếu vi phạm quy định về tránh xe sẽ bị xử phạt vi phạm hành chính.
Căn cứ pháp lý: Điều 15 Luật Trật tự, an toàn giao thông đường bộ năm 2024; điểm b khoản 3, điểm c khoản 5, điểm a khoản 10 Điều 6 và điểm h khoản 1 Điều 7 Nghị định số 168/2024/NĐ-CP (được sửa đổi, bổ sung bởi Nghị định số 238/2026/NĐ-CP).
Quy tắc và mức xử phạt cụ thể:
- Quy tắc tránh xe: Các xe đi ngược chiều phải giảm tốc độ và nhường đường; nơi đường hẹp chỉ đủ một làn xe thì xe nào gần chỗ tránh hơn phải vào vị trí tránh nhường đường; xe xuống dốc phải nhường đường cho xe lên dốc; ban đêm không được sử dụng đèn chiếu xa khi gặp xe đi ngược chiều.
- Mức xử phạt đối với người điều khiển xe ô tô:
+ Sử dụng đèn chiếu xa khi gặp xe đi ngược chiều: Phạt tiền từ 800.000 đồng đến 1.000.000 đồng (điểm b khoản 3 Điều 6).
+ Tránh xe không đúng quy định; không nhường đường cho xe ngược chiều tại nơi đường hẹp, đường dốc: Phạt tiền từ 4.000.000 đồng đến 6.000.000 đồng, trừ 02 điểm GPLX (điểm c khoản 5, điểm a khoản 16 Điều 6).
+ Tránh xe sai quy định gây tai nạn giao thông: Phạt tiền từ 20.000.000 đồng đến 24.000.000 đồng, trừ 10 điểm GPLX (điểm a khoản 10, điểm d khoản 16 Điều 6).
- Mức xử phạt đối với người điều khiển xe mô tô, xe gắn máy: Tránh xe không đúng quy định bị phạt tiền từ 200.000 đồng đến 400.000 đồng (điểm h khoản 1 Điều 7).",https://csgt.bocongan.gov.vn/tintuc/quy-tac-tranh-xe-di-nguoc-chieu-khi-tham-gia-giao-thong.html,
168,"Tôi có điều khiển xe ô tô tải khi đi dọc đường gần tới nhà thì có 01 người bà con xin đi nhờ, tôi đã chở người đó trên thùng xe. Như vậy có bị phạt gì không và nếu bị phạt thì mức cụ thể được quy định như thế nào?","Hành vi điều khiển xe ô tô tải chở người trên thùng xe trái quy định là hành vi vi phạm an toàn giao thông đường bộ, bị xử phạt tiền và bị trừ điểm giấy phép lái xe.
Căn cứ pháp lý: Điều 30 Luật Trật tự, an toàn giao thông đường bộ năm 2024; điểm c khoản 2, điểm a khoản 13 Điều 21 Nghị định số 168/2024/NĐ-CP (được sửa đổi, bổ sung bởi Nghị định số 238/2026/NĐ-CP).
Mức xử phạt cụ thể:
- Phạt tiền: Từ 800.000 đồng đến 1.000.000 đồng về hành vi chở người trên thùng xe tải trái quy định (điểm c khoản 2 Điều 21).
- Trừ điểm Giấy phép lái xe: Bị trừ 02 điểm giấy phép lái xe (điểm a khoản 13 Điều 21).
- Trường hợp gây tai nạn giao thông: Phạt tiền từ 30.000.000 đồng đến 35.000.000 đồng, đồng thời bị trừ 10 điểm giấy phép lái xe (khoản 11, điểm đ khoản 13 Điều 21).
- Lưu ý: Luật chỉ cho phép chở người trên thùng xe tải trong các trường hợp đặc biệt như chở bộ đội, công an làm nhiệm vụ khẩn cấp; phòng chống thiên tai, cấp cứu; chở người đi học tập thực tế, kiểm định kỹ thuật có bố trí chỗ ngồi an toàn theo quy định.",https://csgt.bocongan.gov.vn/index.php/tintuc/muc-phat-o-to-tai-cho-nguoi-tren-thung-xe.html,
169,"Khi đi trên đường, nếu gặp các loại xe cồng kềnh như xe công nông đang chở đầy hàng, một chiếc máy kéo, xe thồ… Nếu muốn vượt thì phải làm thế nào?","Khi muốn vượt các loại xe cồng kềnh chở đầy hàng như xe công nông, máy kéo, xe thồ, người lái xe phải tuân thủ nghiêm ngặt quy tắc vượt xe an toàn, bảo đảm tầm nhìn thông thoáng và khoảng cách an toàn trước khi vượt.
Căn cứ pháp lý: Điều 14 Luật Trật tự, an toàn giao thông đường bộ năm 2024 và Điều 6, Điều 7 Nghị định số 168/2024/NĐ-CP (được sửa đổi, bổ sung bởi Nghị định số 238/2026/NĐ-CP).
Cách xử lý và mức phạt cụ thể:
- Cách thực hiện khi vượt:
+ Phải giữ khoảng cách an toàn phía sau xe cồng kềnh, giảm tốc độ và quan sát toàn diện đoạn đường phía trước; không vượt ở nơi đường cong, đầu dốc, cầu hẹp hoặc tầm nhìn bị che khuất bởi hàng hóa của xe phía trước.
+ Bật đèn xi nhan xin vượt (hoặc kết hợp bấm còi ban ngày ngoài khu dân cư) và chỉ vượt khi xe phía trước đã có tín hiệu giảm tốc độ, tránh về bên phải và làn đường ngược chiều hoàn toàn thông thoáng.
+ Vượt về bên trái và giữ cự ly bên sườn an toàn (tránh va quẹt vào hàng cồng kềnh nhô ra); sau khi vượt qua phải giữ khoảng cách an toàn rồi mới cho xe trở về làn đường của mình.
- Mức xử phạt nếu vi phạm quy tắc vượt xe: Vượt xe trong trường hợp không được vượt bị phạt từ 4.000.000 đồng đến 6.000.000 đồng, trừ 02 điểm GPLX đối với ô tô (điểm a khoản 5 Điều 6); hoặc phạt từ 800.000 đồng đến 1.000.000 đồng đối với xe mô tô (điểm c khoản 4 Điều 7).",https://csgt.bocongan.gov.vn/index.php/tintuc/huong-dan-va-giai-dap-xu-ly-cac-tinh-huong-luat-giao-thong-duong-bo-duong-sat.html,
170,"Anh A đang điều khiển xe gắn máy đi trên đường. Đến đoạn đường giao cắt với ngõ nhỏ thì bị anh B điều khiển xe gắn máy khác đi từ ngõ ra đâm vào, xảy ra tai nạn. Trách nhiệm thuộc về ai?","Trong vụ tai nạn giao thông nêu trên, trách nhiệm chính thuộc về anh B (người điều khiển xe từ ngõ nhỏ đi ra), vì đã không tuân thủ nguyên tắc nhường đường khi đi từ đường nhánh, ngõ nhánh ra đường chính.
Căn cứ pháp lý: Điều 21 Luật Trật tự, an toàn giao thông đường bộ năm 2024; điểm b khoản 1 Điều 7 Nghị định số 168/2024/NĐ-CP và Điều 584, Điều 601 Bộ luật Dân sự năm 2015.
Trách nhiệm cụ thể và chế tài xử lý:
- Trách nhiệm của anh B: Theo quy định, khi đi từ đường nhánh, ngõ nhỏ ra đường chính, người lái xe phải giảm tốc độ, quan sát kỹ và nhường đường cho xe đang đi trên đường chính từ bất kỳ hướng nào tới. Do anh B không nhường đường đâm vào anh A nên anh B có lỗi vi phạm quy tắc giao thông.
- Chế tài xử phạt hành chính đối với anh B: Hành vi không nhường đường cho xe đi trên đường chính bị phạt tiền từ 200.000 đồng đến 400.000 đồng (điểm b khoản 1 Điều 7). Nếu gây tai nạn giao thông thì bị phạt tiền từ 10.000.000 đồng đến 14.000.000 đồng và bị trừ 10 điểm giấy phép lái xe (điểm a khoản 10, điểm d khoản 13 Điều 7).
- Trách nhiệm bồi thường dân sự: Anh B phải bồi thường toàn bộ thiệt hại về sức khỏe, tài sản và phương tiện cho anh A theo quy định của Bộ luật Dân sự (trừ trường hợp anh A cũng có lỗi chạy quá tốc độ thì sẽ xác định lỗi hỗn hợp).",https://csgt.bocongan.gov.vn/index.php/tintuc/huong-dan-va-giai-dap-xu-ly-cac-tinh-huong-luat-giao-thong-duong-bo-duong-sat.html,
171,"Điều khiển xe máy ở những đoạn dốc lên nguy hiểm, cần giữ khoảng cách với các phương tiện đi trước cùng chiều như thế nào?","Khi điều khiển xe máy ở những đoạn đường dốc lên nguy hiểm, người lái xe phải luôn chủ động giữ khoảng cách an toàn tối thiểu lớn hơn so với đường bằng phẳng, đi số thấp và giữ đều tay ga để phòng ngừa xe phía trước bị tụt dốc hoặc chết máy đột ngột.
Căn cứ pháp lý: Điều 10 Luật Trật tự, an toàn giao thông đường bộ năm 2024; Thông tư số 38/2024/TT-BGTVT và điểm i khoản 3 Điều 7 Nghị định số 168/2024/NĐ-CP (được sửa đổi, bổ sung bởi Nghị định số 238/2026/NĐ-CP).
Quy tắc giữ khoảng cách và chế tài xử phạt:
- Quy tắc an toàn trên dốc: Phải đi đúng làn đường, giữ khoảng cách tối thiểu cách xe phía trước ít nhất từ 5 mét đến 10 mét ở tốc độ thấp, hoặc theo biển báo cự ly tối thiểu giữa hai xe; không được bám quá sát đuôi xe phía trước (nhất là phía sau xe tải, xe buýt lớn); không được vượt xe ở đoạn đường dốc quanh co có tầm nhìn bị che khuất.
- Mức xử phạt hành chính: Hành vi không giữ khoảng cách an toàn để xảy ra va chạm với xe chạy liền trước hoặc không giữ khoảng cách theo quy định của biển báo hiệu bị phạt tiền từ 600.000 đồng đến 800.000 đồng đối với xe mô tô (điểm i khoản 3 Điều 7). Nếu gây tai nạn giao thông thì bị phạt tiền từ 10.000.000 đồng đến 14.000.000 đồng, đồng thời bị trừ 10 điểm giấy phép lái xe (điểm a khoản 10, điểm d khoản 13 Điều 7).",https://csgt.bocongan.gov.vn/index.php/tintuc/huong-dan-va-giai-dap-xu-ly-cac-tinh-huong-luat-giao-thong-duong-bo-duong-sat.html,
172,"Người điều khiển xe gắn máy trên đường giao thông nông thôn, do thiếu quan sát nên đâm vào một con vật bất ngờ chạy qua đường và xảy ra tai nạn. Trong trường hợp này ai là người chịu trách nhiệm? Chủ của con vật có phải chịu trách nhiệm không? Tại sao?","Trong vụ tai nạn trên, cả người điều khiển xe gắn máy và chủ của con vật đều có thể phải chịu trách nhiệm liên đới tùy theo mức độ lỗi; trong đó chủ con vật phải chịu trách nhiệm do để súc vật chạy rông ra đường bộ, và người lái xe chịu trách nhiệm nếu thiếu chú ý quan sát hoặc chạy quá tốc độ.
Căn cứ pháp lý: Điều 32 Luật Trật tự, an toàn giao thông đường bộ năm 2024; điểm d khoản 1 Điều 11 Nghị định số 168/2024/NĐ-CP (được sửa đổi, bổ sung bởi Nghị định số 238/2026/NĐ-CP) và Điều 603 Bộ luật Dân sự năm 2015.
Phân định trách nhiệm cụ thể:
- Trách nhiệm của chủ súc vật: heo quy định, người dẫn dắt súc vật đi trên đường bộ không được để súc vật đi trên phần đường xe chạy; thả rông súc vật trên đường bộ là hành vi bị nghiêm cấm. Hành vi để súc vật đi trên đường bộ không bảo đảm an toàn bị phạt tiền từ 150.000 đồng đến 250.000 đồng (điểm d khoản 1 Điều 11 Nghị định số 168/2024/NĐ-CP). Theo Điều 603 Bộ luật Dân sự năm 2015, chủ sở hữu súc vật phải bồi thường toàn bộ thiệt hại do súc vật gây ra cho người tham gia giao thông.
- Trách nhiệm của người điều khiển xe gắn máy: Nếu người lái xe thiếu quan sát hoặc chạy quá tốc độ quy định dẫn đến tai nạn thì phải tự chịu một phần lỗi tương ứng và bị xử phạt về lỗi điều khiển xe thiếu chú ý quan sát hoặc quá tốc độ.",https://csgt.bocongan.gov.vn/index.php/tintuc/huong-dan-va-giai-dap-xu-ly-cac-tinh-huong-luat-giao-thong-duong-bo-duong-sat.html,
173,"Khi điều khiển phương tiện giao thông đến chỗ giao nhau với đường sắt không có đèn tín hiệu, rào chắn và chuông báo hiệu, người điều khiển phương tiện giao thông nên xử lý thế nào? Trong trường hợp này, người điều khiển phương tiện giao thông đường bộ phải đứng cách xa đường ray bao nhiêu mét?","Khi đến nơi đường sắt giao nhau không có đèn tín hiệu, rào chắn và chuông báo hiệu, người điều khiển phương tiện phải giảm tốc độ, dừng lại quan sát hai phía đường ray và phải dừng cách đường ray ngoài cùng tối thiểu 05 mét.
Căn cứ pháp lý: Điều 16 Luật Đường sắt số 95/2025/QH15; Điều 26 Luật Trật tự, an toàn giao thông đường bộ số 36/2024/QH15; điểm h khoản 1 Điều 6 và điểm i khoản 1 Điều 7 Nghị định số 168/2024/NĐ-CP (được sửa đổi, bổ sung bởi Nghị định số 238/2026/NĐ-CP).
Quy tắc xử lý và mức phạt cụ thể:
- Quy tắc xử lý: Người lái xe phải dừng lại cách đường ray ngoài cùng tối thiểu 05 mét, lắng nghe còi tàu, quan sát kỹ cả hai hướng đường sắt; chỉ khi thấy chắc chắn không có phương tiện đường sắt đang đi tới mới được điều khiển xe nhanh chóng vượt qua đường ray. Tuyệt đối không dừng xe, đỗ xe hoặc quay đầu xe trong phạm vi an toàn đường sắt.
- Mức xử phạt hành vi vi phạm:
+ Hành vi không dừng lại cách đường ray tối thiểu 05 mét hoặc không quan sát an toàn khi qua đường ngang không có rào chắn: Phạt tiền từ 200.000 đồng đến 400.000 đồng đối với xe mô tô (điểm i khoản 1 Điều 7); phạt tiền từ 400.000 đồng đến 600.000 đồng đối với xe ô tô (điểm h khoản 1 Điều 6).
+ Nếu vi phạm dẫn đến tai nạn giao thông: Bị xử phạt kịch khung và truy cứu trách nhiệm hình sự nếu gây hậu quả nghiêm trọng.",https://csgt.bocongan.gov.vn/index.php/tintuc/huong-dan-va-giai-dap-xu-ly-cac-tinh-huong-luat-giao-thong-duong-bo-duong-sat.html,
174,"Những nơi có đường sắt chạy qua ở vùng nông thôn,  một số người dân thường xuyên phơi rơm rạ, nông sản trên đường sắt vì tiện trên đường gần nhà và người này nhìn người kia làm theo. Hành vi này có được phép không? Nếu không thì hình thức xử phạt như thế nào?","Hành vi phơi rơm rạ, nông sản hoặc để chướng ngại vật trên đường sắt là hành vi bị pháp luật nghiêm cấm vì đe dọa trực tiếp đến an toàn chạy tàu, có thể làm trật bánh đoàn tàu hoặc gây hỏa hoạn, người vi phạm sẽ bị xử phạt vi phạm hành chính và buộc thu dọn ngay lập tức.
Căn cứ pháp lý: Khoản 5 Điều 6, Điều 44 Luật Đường sắt số 95/2025/QH15; điểm đ khoản 1 Điều 15 và điểm d khoản 3 Điều 3 Nghị định số 81/2026/NĐ-CP.
Mức xử phạt cụ thể:
- Phạt tiền: Từ 300.000 đồng đến 500.000 đồng đối với cá nhân thực hiện hành vi phơi rơm, rạ, nông sản, để vật phẩm khác trên các công trình đường sắt (điểm đ khoản 1 Điều 15 Nghị định số 81/2026/NĐ-CP).
- Biện pháp khắc phục hậu quả: Buộc người vi phạm phải thu dọn ngay toàn bộ rơm rạ, nông sản đã phơi và khôi phục lại tình trạng an toàn ban đầu cho công trình đường sắt (điểm d khoản 3 Điều 3 Nghị định số 81/2026/NĐ-CP).
- Lưu ý: Nếu hành vi phơi rơm rạ gây trật bánh đoàn tàu hoặc dẫn đến tai nạn giao thông đường sắt nghiêm trọng, người vi phạm sẽ bị truy cứu trách nhiệm hình sự về tội cản trở giao thông đường sắt theo Điều 268 Bộ luật Hình sự năm 2015.",https://csgt.bocongan.gov.vn/index.php/tintuc/huong-dan-va-giai-dap-xu-ly-cac-tinh-huong-luat-giao-thong-duong-bo-duong-sat.html,
175,"Hành vi vượt rào chắn đường ngang, cầu chung khi đèn đỏ đã bật sáng bị xử phạt như thế nào?","Hành vi vượt rào chắn đường ngang, cầu chung khi chắn đang dịch chuyển hoặc đã đóng, hoặc khi đèn đỏ đã bật sáng là hành vi vi phạm pháp luật đặc biệt nguy hiểm, bị phạt tiền ở mức rất cao và bị áp dụng các chế tài nghiêm khắc.
Căn cứ pháp lý: Điều 16 Luật Đường sắt số 95/2025/QH15; Điều 13 Nghị định số 81/2026/NĐ-CP; điểm a khoản 8, điểm c khoản 16 Điều 6 và điểm b khoản 7, điểm c khoản 13 Điều 7 Nghị định số 168/2024/NĐ-CP.
Mức xử phạt cụ thể:
- Đối với người đi bộ: Phạt tiền từ 200.000 đồng đến 300.000 đồng khi vượt rào chắn khi chắn đã đóng hoặc đèn đỏ đã bật sáng (khoản 2 Điều 13 Nghị định số 81/2026/NĐ-CP).
- Đối với người điều khiển xe mô tô, xe gắn máy: Phạt tiền từ 4.000.000 đồng đến 6.000.000 đồng, đồng thời bị Tước quyền sử dụng Giấy phép lái xe từ 01 tháng đến 03 tháng (khoản 6, khoản 11 Điều 13 Nghị định số 81/2026/NĐ-CP) và bị trừ 06 điểm GPLX (điểm b khoản 7, điểm c khoản 13 Điều 7 Nghị định số 168/2024/NĐ-CP).
- Đối với người điều khiển xe ô tô: Phạt tiền từ 18.000.000 đồng đến 20.000.000 đồng, đồng thời bị Tước quyền sử dụng Giấy phép lái xe từ 01 tháng đến 03 tháng (khoản 9, khoản 11 Điều 13 Nghị định số 81/2026/NĐ-CP) và bị trừ 06 điểm GPLX (điểm a khoản 8, điểm c khoản 16 Điều 6 Nghị định số 168/2024/NĐ-CP).
- Trường hợp vi phạm gây tai nạn giao thông đường sắt nghiêm trọng: Người vi phạm sẽ bị truy cứu trách nhiệm hình sự theo Điều 260 Bộ luật Hình sự năm 2015.",https://csgt.bocongan.gov.vn/index.php/tintuc/huong-dan-va-giai-dap-xu-ly-cac-tinh-huong-luat-giao-thong-duong-bo-duong-sat.html,
176,Khi tham gia giao thông người điều khiển phương tiện cần phải mang theo những giấy tờ gì? Nếu không mang theo hoặc không có giấy tờ xe khi tham gia giao thông bị phạt bao nhiêu tiền? Tôi xin cảm ơn!,"Khi tham gia giao thông, người lái xe phải mang theo đầy đủ các giấy tờ theo luật định hoặc xuất trình qua ứng dụng VNeID; việc không mang theo hoặc không có giấy tờ sẽ bị xử phạt vi phạm hành chính với từng mức phạt tương ứng cho từng loại giấy tờ.
Căn cứ pháp lý: Khoản 2 Điều 56 Luật Trật tự, an toàn giao thông đường bộ năm 2024 và Điều 18, Điều 32 Nghị định số 168/2024/NĐ-CP (được sửa đổi, bổ sung bởi Nghị định số 238/2026/NĐ-CP).
Các giấy tờ bắt buộc và mức phạt cụ thể:
- Giấy tờ bắt buộc: Chứng nhận đăng ký xe; Giấy phép lái xe phù hợp với loại xe đang điều khiển; Chứng nhận kiểm định an toàn kỹ thuật và BVMT (đối với xe ô tô); Chứng nhận bảo hiểm bắt buộc TNDS còn hiệu lực. Nếu thông tin đã tích hợp trên tài khoản định danh điện tử VNeID thì việc xuất trình qua VNeID có giá trị pháp lý tương đương.
- Mức phạt lỗi không mang theo giấy tờ (đối với xe máy):
+ Không mang Giấy phép lái xe: Phạt từ 200.000 đồng đến 300.000 đồng (điểm d khoản 2 Điều 18).
+ Không mang Chứng nhận đăng ký xe: Phạt từ 200.000 đồng đến 300.000 đồng (điểm c khoản 2 Điều 18).
+ Không mang bảo hiểm TNDS: Phạt từ 200.000 đồng đến 300.000 đồng (điểm a khoản 2 Điều 18).
- Mức phạt lỗi không có giấy tờ (đối với xe máy):
+ Không có Giấy phép lái xe: Phạt từ 2.000.000 đồng đến 3.000.000 đồng đối với xe dưới 125 cm3 (điểm a khoản 5 Điều 18); phạt từ 4.000.000 đồng đến 6.000.000 đồng đối với xe từ 125 cm3 trở lên (điểm a khoản 7 Điều 18).
+ Không có Chứng nhận đăng ký xe: Phạt từ 800.000 đồng đến 1.000.000 đồng (điểm a khoản 3 Điều 14).
+ Không có bảo hiểm TNDS: Phạt từ 200.000 đồng đến 300.000 đồng (điểm b khoản 2 Điều 18).",https://csgt.bocongan.gov.vn/index.php/tintuc/can-mang-theo-nhung-giay-to-gi-khi-tham-gia-giao-thong.html,
177,Tôi có đi xe máy chở em trai tôi vác theo đoạn thang gỗ dài khoảng 7m. Tôi bị Cảnh sát giao thông lập biên bản xử phạt lỗi chở người ngồi trên xe mang vác vật cồng kềnh. Xin hỏi quy định về lỗi trên ở đâu và với lỗi trên thì tôi sẽ bị xử phạt như thế nào?,"Quy định về hành vi chở người ngồi trên xe mang vác vật cồng kềnh nằm tại Nghị định số 168/2024/NĐ-CP; việc bạn điều khiển xe máy chở em trai vác thang gỗ dài 7m là hành vi vi phạm an toàn giao thông, bị phạt tiền và bị trừ điểm giấy phép lái xe.
Căn cứ pháp lý: Điểm e khoản 3, điểm a khoản 13 Điều 7 và điểm a khoản 5 Điều 12 Nghị định số 168/2024/NĐ-CP (được sửa đổi, bổ sung bởi Nghị định số 238/2026/NĐ-CP).
Mức xử phạt cụ thể:
- Đối với bạn (người điều khiển xe máy): Phạt tiền từ 600.000 đồng đến 800.000 đồng về hành vi chở người ngồi trên xe mang vác vật cồng kềnh, đồng thời bị trừ 02 điểm giấy phép lái xe (điểm e khoản 3, điểm a khoản 13 Điều 7).
- Đối với em trai bạn (người được chở trên xe): Bị phạt tiền từ 400.000 đồng đến 600.000 đồng về hành vi mang vác vật cồng kềnh khi ngồi trên xe mô tô, xe gắn máy (điểm a khoản 5 Điều 12).
- Nếu hành vi vi phạm trên mà gây tai nạn giao thông: Người lái xe bị phạt tiền từ 10.000.000 đồng đến 14.000.000 đồng và bị trừ 10 điểm giấy phép lái xe (điểm a khoản 10, điểm d khoản 13 Điều 7).",https://csgt.bocongan.gov.vn/index.php/tintuc/muc-phat-nguoi-dieu-khien-xe-mo-to-mang-vac-vat-cong-kenh.html,
178,Cho biết hành vi xe máy kéo theo xe khác hoặc dùng chân đẩy xe khác nói riêng và những hành vi dùng phương tiện khác để khéo đẩy có bị cấm không? Nếu bị cấm chế tài xử phạt như thế nào?,"Hành vi điều khiển xe máy kéo theo xe khác hoặc dùng chân đẩy xe khác là hành vi bị pháp luật giao thông đường bộ nghiêm cấm; người thực hiện hành vi này sẽ bị phạt tiền và bị trừ điểm giấy phép lái xe.
Căn cứ pháp lý: Điểm k khoản 3 Điều 33 Luật Trật tự, an toàn giao thông đường bộ năm 2024; điểm e, điểm g khoản 3, điểm a khoản 13 Điều 7 Nghị định số 168/2024/NĐ-CP (được sửa đổi, bổ sung bởi Nghị định số 238/2026/NĐ-CP).
Mức xử phạt cụ thể đối với người điều khiển xe máy:
- Phạt tiền: Từ 600.000 đồng đến 800.000 đồng cho một trong các hành vi:
+ Người đang điều khiển xe bám, kéo, đẩy xe khác, vật khác (điểm e khoản 3 Điều 7);
+ Điều khiển xe kéo theo xe khác, vật khác (điểm g khoản 3 Điều 7).
- Trừ điểm Giấy phép lái xe: Bị trừ 02 điểm giấy phép lái xe (điểm a khoản 13 Điều 7).
- Trường hợp gây tai nạn giao thông: Phạt tiền từ 10.000.000 đồng đến 14.000.000 đồng, đồng thời bị trừ 10 điểm giấy phép lái xe (điểm a khoản 10, điểm d khoản 13 Điều 7).",https://csgt.bocongan.gov.vn/tintuc/keo-day-them-xe-khac-khi-dang-dieu-khien-phuong-tien-tham-gia-giao-thong-bi-xu-ly-the-nao.html,
179,"Gần đây tôi có đọc báo và được biết về việc ngày 11/8/2016 lái xe Đinh Mạnh Hà đã điều khiển xe bán tải chở lồng kính, bên trong có người mẫu để diễu phố, nhằm quảng bá hình ảnh cho một sản phẩm điện thoại di động. Đến ngày 15/8, Phòng Cảnh sát giao thông Hà Nội ra quyết định xử lý hành chính với anh Đinh Mạnh Hà, chủ xe bán tải đồng thời là người lái chiếc xe chở tủ kính có người mẫu diễu phố với mức phạt 900.000 đồng. Ngoài tiền, tài xế Hà còn bị tước giấy phép lái xe 2 tháng vì hành vi chở người trên thùng xe trái quy định. Bên cạnh đo tôi cũng được biết có những trường hợp chở người trên thùng xe lại không bị xử phạt. Xin Ban biên tập Website nói rõ hơn những trường hợp nào lái xe được chở người trên xe thùng xe mà không bị xử lý? Và hành vi chở người trên thùng xe tải bị xử phạt như thế nào?","Hành vi điều khiển xe bán tải chở tủ kính có người mẫu bên trong diễu phố là hành vi chở người trên thùng xe trái quy định; pháp luật chỉ cho phép chở người trên thùng xe tải trong các trường hợp luật định cụ thể, nếu vi phạm sẽ bị xử phạt tiền và trừ điểm giấy phép lái xe theo luật mới.
Căn cứ pháp lý: Điều 30 Luật Trật tự, an toàn giao thông đường bộ năm 2024; điểm c khoản 2, điểm a khoản 13 Điều 21 Nghị định số 168/2024/NĐ-CP (được sửa đổi, bổ sung bởi Nghị định số 238/2026/NĐ-CP).
Quy định cụ thể và mức phạt hiện hành:
- Các trường hợp xe ô tô tải được phép chở người trên thùng xe:
+ Chở người đi làm nhiệm vụ phòng, chống thiên tai hoặc thực hiện nhiệm vụ khẩn cấp; chở người đi cấp cứu;
+ Chở cán bộ, chiến sĩ của lực lượng vũ trang nhân dân đi làm nhiệm vụ quốc phòng, an ninh;
+ Chở công nhân, người lao động làm nhiệm vụ duy tu, bảo trì công trình đường bộ; người đi học tập, thực tế lưu động (phải có thùng kín hoặc có bố trí ghế ngồi an toàn chắc chắn).
- Mức xử phạt hành vi chở người trên thùng xe tải trái quy định hiện hành:
+ Phạt tiền: Từ 800.000 đồng đến 1.000.000 đồng đối với người lái xe (điểm c khoản 2 Điều 21).
+ Trừ điểm Giấy phép lái xe: Bị trừ 02 điểm giấy phép lái xe (điểm a khoản 13 Điều 21). (Theo quy định mới của Nghị định 168/2024/NĐ-CP đã chuyển từ hình thức tước bằng lái xe sang trừ 02 điểm GPLX).",https://csgt.bocongan.gov.vn/index.php/tintuc/xu-ly-nhu-the-nao-voi-hanh-vi-cho-nguoi-tren-thung-xe-tai.html,
180,Khi gặp biển báo “Cấm dừng và đỗ xe” thì người điều khiển xe ô tô là dân cư sinh sống gần khu vực đó có phải chấp hành hay không?,"Khi gặp biển báo Cấm dừng và đỗ xe, người điều khiển xe ô tô là dân cư sinh sống gần khu vực đó vẫn bắt buộc phải chấp hành biển báo; việc sống gần khu vực không phải là trường hợp miễn trừ chấp hành hiệu lệnh của biển báo giao thông.
Căn cứ pháp lý: Điều 11, Điều 16 Luật Trật tự, an toàn giao thông đường bộ năm 2024; Quy chuẩn kỹ thuật quốc gia QCVN 41:2024/BGTVT và điểm đ khoản 2 Điều 6 Nghị định số 168/2024/NĐ-CP (được sửa đổi, bổ sung bởi Nghị định số 238/2026/NĐ-CP).
Mức xử phạt cụ thể:
- Hành vi điều khiển xe ô tô dừng xe, đỗ xe tại nơi có biển Cấm dừng xe và đỗ xe: Phạt tiền từ 600.000 đồng đến 800.000 đồng (điểm đ khoản 2 Điều 6).
- Trừ điểm Giấy phép lái xe: Hành vi này không bị trừ điểm giấy phép lái xe.
- Nếu dừng, đỗ xe trái quy định gây cản trở giao thông dẫn đến tai nạn giao thông: Phạt tiền từ 20.000.000 đồng đến 24.000.000 đồng, đồng thời bị trừ 10 điểm giấy phép lái xe (điểm a khoản 10, điểm d khoản 16 Điều 6).
- Khuyến nghị: Cư dân sinh sống trong khu vực cần liên hệ ban quản lý đô thị hoặc đưa xe vào các điểm đỗ xe, bãi gửi xe hợp pháp được cấp phép.",https://csgt.bocongan.gov.vn/index.php/tintuc/dung-do-tai-noi-co-bien-cam-dung-va-do-xe-bi-phat-nhu-the-nao.html,
181,Xin hỏi khi tham gia giao thông vi phạm lỗi không có gương chiếu hậu thì sẽ bị xử phạt bao nhiêu tiền ạ?,"Hành vi điều khiển phương tiện tham gia giao thông vi phạm lỗi không có gương chiếu hậu sẽ bị xử phạt vi phạm hành chính bằng hình thức phạt tiền theo từng loại phương tiện cụ thể.
Căn cứ pháp lý: Điểm a khoản 1 Điều 14 (đối với xe mô tô) và điểm a khoản 2 Điều 13 (đối với xe ô tô) Nghị định số 168/2024/NĐ-CP (được sửa đổi, bổ sung bởi Nghị định số 238/2026/NĐ-CP).
Mức xử phạt cụ thể:
- Đối với xe mô tô, xe gắn máy: Hành vi điều khiển xe không có gương chiếu hậu bên trái người điều khiển hoặc có nhưng không có tác dụng bị phạt tiền từ 100.000 đồng đến 200.000 đồng (điểm a khoản 1 Điều 14). Xe máy thiếu gương chiếu hậu bên phải thì không bị xử phạt.
- Đối với xe ô tô: Hành vi điều khiển xe không có gương chiếu hậu theo quy chuẩn bị phạt tiền từ 400.000 đồng đến 600.000 đồng (điểm a khoản 2 Điều 13).
- Trừ điểm Giấy phép lái xe: Hành vi thiếu gương chiếu hậu không áp dụng hình thức trừ điểm giấy phép lái xe.",https://csgt.bocongan.gov.vn/tintuc/khong-co-guong-chieu-hau-bi-phat-bao-nhieu-tien.html,
182,"Cho tôi biết, theo quy định của pháp luật hiện nay thì các hành vi nào khi tham gia giao thông không được thực hiện? Xin cảm ơn!","Theo quy định của Luật Trật tự, an toàn giao thông đường bộ năm 2024, pháp luật nghiêm cấm 28 nhóm hành vi khi tham gia giao thông nhằm bảo đảm an toàn tính mạng, sức khỏe cho người đi đường và trật tự công cộng.
Căn cứ pháp lý: Điều 9 (từ khoản 1 đến khoản 28) Luật Trật tự, an toàn giao thông đường bộ năm 2024 (Luật số 36/2024/QH15).
Các hành vi điển hình bị nghiêm cấm:
- Điều khiển phương tiện tham gia giao thông đường bộ mà trong máu hoặc hơi thở có nồng độ cồn; điều khiển phương tiện mà trong cơ thể có chất ma túy.
- Điều khiển phương tiện chạy quá tốc độ quy định, lạng lách, đánh võng, chạy đuổi nhau trên đường bộ; buông cả hai tay khi lái mô tô.
- Đi ngược chiều của đường một chiều, đi ngược chiều trên đường có biển cấm; quay đầu xe, lùi xe trên đường cao tốc.
- Vượt đèn đỏ, đèn vàng; không chấp hành hiệu lệnh của Cảnh sát giao thông hoặc người kiểm soát giao thông.
- Dùng tay cầm và sử dụng điện thoại di động hoặc thiết bị điện tử khác khi điều khiển phương tiện đang di chuyển trên đường bộ.
- Đua xe, tổ chức đua xe, xúi giục, giúp sức, cổ vũ đua xe trái phép; cản trở người thi hành công vụ kiểm tra, kiểm soát.
- Lắp đặt, sử dụng thiết bị phát tín hiệu của xe ưu tiên trái quy định; sản xuất, mua bán, sử dụng biển số xe giả.",https://csgt.bocongan.gov.vn/tintuc/cac-hanh-vi-bi-nghiem-cam-khi-tham-gia-giao-thong.html,
183,"Tôi thường xuyên đi làm trên tuyến đường không có đèn chiếu sáng trên đường. Do đèn chiếu sáng sáng của xe máy do cũ nên rất yếu, do đó tôi muốn lắp thêm đèn trợ sáng để nhìn rõ đường hơn. Vậy xin hỏi tôi có lắp như thế có bị phạt không?","Hành vi tự ý lắp thêm đèn trợ sáng cho xe máy không đúng với thiết kế của nhà sản xuất là hành vi bị pháp luật nghiêm cấm và người vi phạm sẽ bị xử phạt vi phạm hành chính, buộc phải tháo dỡ thiết bị lắp thêm.
Căn cứ pháp lý: Khoản 13 Điều 9 Luật Trật tự, an toàn giao thông đường bộ năm 2024 và điểm k khoản 5, điểm a khoản 11 Điều 14 Nghị định số 168/2024/NĐ-CP (được sửa đổi, bổ sung bởi Nghị định số 238/2026/NĐ-CP).
Mức xử phạt cụ thể:
- Phạt tiền: Từ 800.000 đồng đến 1.000.000 đồng đối với người điều khiển xe mô tô, xe gắn máy lắp thêm đèn chiếu sáng không đúng thiết kế của nhà sản xuất hoặc hướng dẫn của cơ quan đăng kiểm, gây chói mắt người tham gia giao thông.
- Biện pháp khắc phục hậu quả: Buộc phải tháo dỡ ngay thiết bị đèn trợ sáng lắp thêm trái quy định và khôi phục lại tình trạng kỹ thuật ban đầu của hệ thống đèn chiếu sáng của xe.
- Khuyến nghị: Thay vì lắp đèn trợ sáng ngoài luồng, bạn nên đưa xe đến các trung tâm bảo dưỡng uy tín để thay thế bóng đèn chiếu sáng nguyên bản chính hãng đạt chuẩn quy chuẩn kỹ thuật quốc gia.",https://csgt.bocongan.gov.vn/index.php/tintuc/lap-them-den-chieu-sang-cho-xe-may-co-bi-xu-phat-khong.html,
184,Theo như tôi được biết có trường hợp vượt đèn vàng bị xử phạt và có trường hợp vượt đèn vàng không bị xử phạt. Vậy tôi rất mong được Bộ Công an hướng dẫn cụ thể trong trường hợp nào người tham gia giao thông vượt đèn vàng bị xử phạt và mức xử phạt cụ thể là bao nhiêu?,"Bộ Công an và pháp luật an toàn giao thông quy định: Người tham gia giao thông khi gặp đèn vàng phải dừng lại trước vạch dừng; trường hợp đã đi quá vạch dừng trước khi đèn vàng bật sáng thì được đi tiếp mà không bị phạt; nếu chưa vượt quá vạch dừng mà cố tình vượt đèn vàng sẽ bị xử phạt tương đương với lỗi vượt đèn đỏ.
Căn cứ pháp lý: Khoản 4 Điều 11 Luật Trật tự, an toàn giao thông đường bộ năm 2024; điểm b khoản 9, điểm b khoản 16 Điều 6 và điểm c khoản 7, điểm b khoản 13 Điều 7 Nghị định số 168/2024/NĐ-CP (được sửa đổi, bổ sung bởi Nghị định số 238/2026/NĐ-CP).
Các trường hợp và mức phạt cụ thể:
- Trường hợp không bị xử phạt: Khi tín hiệu đèn vàng bật sáng mà xe đã đi quá vạch dừng (hoặc đã tiến vào nút giao) thì người lái xe được tiếp tục di chuyển ra khỏi nút giao để tránh gây nguy hiểm cho xe phía sau.
- Trường hợp bị xử phạt: Khi đèn vàng đã bật sáng mà phương tiện chưa vượt qua vạch dừng nhưng người điều khiển xe không dừng lại mà vẫn tiếp tục tăng ga vượt qua vạch dừng.
- Mức xử phạt cụ thể:
+ Đối với người điều khiển xe ô tô: Phạt tiền từ 18.000.000 đồng đến 20.000.000 đồng, đồng thời bị trừ 04 điểm giấy phép lái xe (điểm b khoản 9, điểm b khoản 16 Điều 6).
+ Đối với người điều khiển xe mô tô, xe gắn máy: Phạt tiền từ 4.000.000 đồng đến 6.000.000 đồng, đồng thời bị trừ 04 điểm giấy phép lái xe (điểm c khoản 7, điểm b khoản 13 Điều 7).",https://bocongan.gov.vn/hoi-dap/chi-tiet-cau-hoi/128eb277-cff4-4e35-9b69-bb8c6afd2e3a?page=/,
185,"Cho hỏi, hành vi bỏ trốn của lái xe sau khi gây tai nạn giao thông sẽ bị xử lý như thế nào? Trường hợp bỏ trốn và gây thương tích ở mức bao nhiêu % thì sẽ bị truy cứu trách nhiệm hình sự? Nếu nạn nhân có đơn xin bãi nại thì lái xe gây tai nạn sẽ bị xử lý thế nào?","Lái xe sau khi gây tai nạn giao thông mà bỏ trốn không dừng lại, không tham gia cấp cứu nạn nhân sẽ bị xử phạt vi phạm hành chính ở mức rất cao, bị trừ điểm giấy phép lái xe; nếu gây thương tích từ 61% trở lên hoặc gây chết người sẽ bị truy cứu trách nhiệm hình sự với khung hình phạt tù từ 03 năm đến 10 năm và đơn bãi nại của nạn nhân không làm đình chỉ vụ án hình sự.
Căn cứ pháp lý:
- Khoản 26 Điều 9, Khoản 1 Điều 80 Luật Trật tự, an toàn giao thông đường bộ số 36/2024/QH15. 
- Khoản 8, Điểm c khoản 16 Điều 6; Điểm c khoản 9, Điểm c khoản 13 Điều 7 Nghị định số 168/2024/NĐ-CP (được sửa đổi, bổ sung bởi Nghị định số 238/2026/NĐ-CP). 
- Điểm c khoản 2 Điều 260, Điểm b khoản 1 và Khoản 2 Điều 51 Bộ luật Hình sự số 100/2015/QH13 (sửa đổi, bổ sung năm 2017). 
- Điều 155 Bộ luật Tố tụng hình sự số 101/2015/QH13.
Chế tài xử lý cụ thể:
1. Quy định nghĩa vụ của lái xe theo Luật TTATGTĐB 2024: 
Căn cứ khoản 26 Điều 9 và khoản 1 Điều 80 Luật Trật tự, an toàn giao thông đường bộ số 36/2024/QH15, nghiêm cấm hành vi bỏ trốn sau khi gây tai nạn giao thông đường bộ để trốn tránh trách nhiệm. Người điều khiển phương tiện gây tai nạn có nghĩa vụ pháp lý bắt buộc phải dừng ngay phương tiện, giữ nguyên hiện trường, trợ giúp người bị nạn và báo tin ngay cho cơ quan Công an hoặc cơ sở y tế nơi gần nhất. 
2. Xử phạt vi phạm hành chính (nếu chưa đến mức xử lý hình sự): 
- Đối với người điều khiển xe ô tô: Phạt tiền từ 16.000.000 đồng đến 18.000.000 đồng và bị trừ 06 điểm Giấy phép lái xe đối với hành vi gây tai nạn giao thông không dừng ngay phương tiện, không giữ nguyên hiện trường, không trợ giúp người bị nạn, không ở lại hiện trường hoặc không đến trình báo ngay với cơ quan công an (khoản 8, điểm c khoản 16 Điều 6 Nghị định số 168/2024/NĐ-CP). 
- Đối với người điều khiển xe mô tô, xe gắn máy: Phạt tiền từ 8.000.000 đồng đến 10.000.000 đồng và bị trừ 06 điểm Giấy phép lái xe đối với hành vi gây tai nạn giao thông không dừng ngay phương tiện, không giữ nguyên hiện trường, không trợ giúp người bị nạn, không ở lại hiện trường hoặc không đến trình báo ngay (điểm c khoản 9, điểm c khoản 13 Điều 7 Nghị định số 168/2024/NĐ-CP). 
3. Truy cứu trách nhiệm hình sự (Điều 260 Bộ luật Hình sự): 
Người điều khiển phương tiện giao thông gây tai nạn thuộc một trong các trường hợp quy định tại khoản 1 Điều 260 Bộ luật Hình sự (làm chết 01 người, gây thương tích 01 người từ 61% trở lên, gây thương tích cho từ 02 người tổng tỷ lệ từ 61% đến 121% hoặc thiệt hại tài sản từ 100.000.000 đồng đến dưới 500.000.000 đồng) mà có tình tiết ""Bỏ chạy để trốn tránh trách nhiệm hoặc cố ý không cứu giúp người bị nạn"" sẽ bị khởi tố hình sự theo điểm c khoản 2 Điều 260 Bộ luật Hình sự với khung hình phạt tù từ 03 năm đến 10 năm. 
4. Giá trị pháp lý của đơn xin bãi nại của nạn nhân: 
- Căn cứ Điều 155 Bộ luật Tố tụng hình sự năm 2015, Tội vi phạm quy định về tham gia giao thông đường bộ (Điều 260 Bộ luật Hình sự) không thuộc danh mục các tội phạm chỉ được khởi tố theo yêu cầu của bị hại. 
- Do đó, việc nạn nhân hoặc gia đình nạn nhân có đơn xin bãi nại không làm chấm dứt hay đình chỉ vụ án hình sự. Cơ quan tiến hành tố tụng vẫn tiếp tục điều tra, truy tố, xét xử theo đúng quy định của pháp luật. 
- Việc người gây tai nạn tự nguyện hòa giải, bồi thường thiệt hại và có đơn xin giảm nhẹ của nạn nhân chỉ được Hội đồng xét xử xem xét là tình tiết giảm nhẹ trách nhiệm hình sự theo điểm b khoản 1 và khoản 2 Điều 51 Bộ luật Hình sự khi quyết định mức án (lượng hình).",https://baochinhphu.vn/bo-tron-sau-khi-gay-tai-nan-giao-thong-bi-xu-ly-the-nao-102286600.htm,
186,"Em của tôi đang điều khiển xe máy tham gia giao thông trên đường thì bất ngờ bị một chiếc xe ô tô 4 chỗ mở cửa khiến em của tôi đâm vào cánh cửa ô tô và bị thương nặng. Vậy, người mở cửa ô tô có vi phạm pháp luật không? Mức xử phạt như thế nào?","Hành vi mở cửa xe ô tô không bảo đảm an toàn khiến người điều khiển xe máy va chạm bị thương tật nặng là hành vi vi phạm pháp luật giao thông nghiêm trọng; người vi phạm sẽ bị xử phạt hành chính và bị truy cứu trách nhiệm hình sự nếu thương tật của nạn nhân từ 61% trở lên, đồng thời phải bồi thường toàn bộ thiệt hại dân sự.
Căn cứ pháp lý: Khoản 4 Điều 18 Luật Trật tự, an toàn giao thông đường bộ năm 2024; điểm a khoản 10, điểm d khoản 16 Điều 6 Nghị định số 168/2024/NĐ-CP; Điều 260 Bộ luật Hình sự năm 2015 (sửa đổi, bổ sung năm 2017) và Điều 584, Điều 590 Bộ luật Dân sự năm 2015.
Chế tài xử lý cụ thể:
- Xử phạt vi phạm hành chính: Hành vi mở cửa xe, để cửa xe mở không bảo đảm an toàn gây tai nạn giao thông bị phạt tiền từ 20.000.000 đồng đến 24.000.000 đồng, đồng thời bị trừ 10 điểm giấy phép lái xe (điểm a khoản 10, điểm d khoản 16 Điều 6).
- Truy cứu trách nhiệm hình sự: Nếu hành vi mở cửa xe bất cẩn gây tai nạn làm nạn nhân bị tổn thương cơ thể từ 61% trở lên (hoặc tử vong) thì người thực hiện hành vi sẽ bị truy cứu trách nhiệm hình sự về tội vi phạm quy định về tham gia giao thông đường bộ theo Điều 260 Bộ luật Hình sự với hình phạt tiền từ 30.000.000 đồng đến 100.000.000 đồng, phạt cải tạo không giam giữ đến 03 năm hoặc phạt tù từ 01 năm đến 05 năm.
- Trách nhiệm bồi thường dân sự: Người gây tai nạn phải bồi thường toàn bộ chi phí cứu chữa, bồi dưỡng, phục hồi sức khỏe, thu nhập thực tế bị mất và khoản tiền bù đắp tổn thất tinh thần cho nạn nhân theo quy định tại Điều 590 Bộ luật Dân sự.",https://chinhsachonline.chinhphu.vn/mo-cua-o-to-gay-tai-nan-xu-phat-the-nao-21396.htm,
187,"Cho tôi hỏi, theo quy định, người điều khiển xe máy dừng xe để nghe điện thoại có bị phạt không?","Hành vi điều khiển xe máy dừng xe sát lề đường để nghe điện thoại không phải là hành vi vi phạm pháp luật và không bị xử phạt, với điều kiện việc dừng xe phải tuân thủ đúng các quy tắc về an toàn và vị trí dừng xe theo quy định.
Căn cứ pháp lý: Khoản 6 Điều 9, Điều 16 Luật Trật tự, an toàn giao thông đường bộ năm 2024; điểm đ khoản 4 Điều 7 và điểm đ khoản 2 Điều 7 Nghị định số 168/2024/NĐ-CP (được sửa đổi, bổ sung bởi Nghị định số 238/2026/NĐ-CP).
Quy định và chế tài xử lý cụ thể:
- Trường hợp không bị xử phạt: Luật chỉ nghiêm cấm hành vi dùng tay cầm và sử dụng điện thoại hoặc thiết bị điện tử khác khi điều khiển phương tiện đang di chuyển trên đường bộ. Khi người lái xe đã chủ động giảm tốc độ, tấp xe vào lề đường bên phải theo chiều đi, dừng xe an toàn thì việc sử dụng điện thoại là hoàn toàn hợp pháp.
- Các trường hợp vi phạm có thể bị xử phạt:
+ Vừa lái xe vừa dùng tay sử dụng điện thoại khi xe đang chạy: Phạt tiền từ 800.000 đồng đến 1.000.000 đồng, đồng thời bị trừ 04 điểm giấy phép lái xe (điểm đ khoản 4, điểm b khoản 13 Điều 7).
+ Dừng xe ở vị trí cấm hoặc gây cản trở giao thông: Dừng xe dưới lòng đường gây cản trở giao thông bị phạt từ 400.000 đồng đến 600.000 đồng (điểm đ khoản 2 Điều 7); dừng xe trên cầu bị phạt từ 600.000 đồng đến 800.000 đồng (điểm c khoản 3 Điều 7).",https://xaydungchinhsach.chinhphu.vn/luu-y-voi-tai-xe-xe-may-dung-xe-de-nghe-dien-thoai-119250217153642282.htm,
188,"Hiện nay trên địa bàn tôi thấy vẫn còn tình trạng thanh thiếu niên tụ tập, đua xe, nẹt bộ, cổ vũ đua xe trái phép, gây mất an ninh trật tự. Vậy cho tôi hỏi, những hành vi này có những biện pháp xử lý nào, hình thức xử phạt ra sao, có bị truy cứu trách nhiệm hình sự hay không?","Các hành vi tụ tập đua xe, nẹt pô, cổ vũ đua xe trái phép là các hành vi gây mất trật tự an toàn giao thông và an ninh trật tự xã hội nghiêm trọng; người thực hiện hành vi sẽ bị áp dụng các chế tài xử phạt hành chính rất nặng, tước giấy phép lái xe, tịch thu phương tiện và bị truy cứu trách nhiệm hình sự nếu đủ yếu tố cấu thành tội phạm.
Căn cứ pháp lý:
- Khoản 4, Khoản 5 Điều 9 Luật Trật tự, an toàn giao thông đường bộ số 36/2024/QH15. 
- Điều 35, Điểm k khoản 9, Điểm b khoản 12 Điều 7 Nghị định số 168/2024/NĐ-CP (được sửa đổi, bổ sung bởi Nghị định số 238/2026/NĐ-CP). 
- Điểm b khoản 5 Điều 8 Nghị định số 282/2025/NĐ-CP của Chính phủ. 
- Điều 265, Điều 266, Điều 318 Bộ luật Hình sự số 100/2015/QH13 (sửa đổi, bổ sung năm 2017).
Biện pháp và mức xử lý cụ thể:
1. Chế tài xử phạt vi phạm hành chính: 
- Hành vi cổ vũ đua xe trái phép: Phạt tiền từ 1.000.000 đồng đến 2.000.000 đồng đối với hành vi tụ tập để cổ vũ, giúp sức, xúi giục hành vi điều khiển xe chạy quá tốc độ quy định, lạng lách, đánh võng, đuổi nhau trên đường hoặc đua xe trái phép (khoản 1 Điều 35 Nghị định số 168/2024/NĐ-CP). 
- Hành vi trực tiếp đua xe trái phép: Tịch thu phương tiện đối với người điều khiển phương tiện thực hiện hành vi đua xe gắn máy, xe đạp máy, xe đạp, xe mô tô, xe ô tô trái phép trên đường giao thông (khoản 3 Điều 35 Nghị định số 168/2024/NĐ-CP). Đồng thời bị áp dụng hình thức xử phạt bổ sung TƯỚC QUYỀN SỬ DỤNG GIẤY PHÉP LÁI XE từ 22 tháng đến 24 tháng đối với người đua xe ô tô, xe mô tô trái phép (khoản 4 Điều 35 Nghị định số 168/2024/NĐ-CP). 
- Hành vi rú ga (nẹt pô), bấm còi liên tục trong khu đông dân cư: Phạt tiền từ 8.000.000 đồng đến 10.000.000 đồng đối với người điều khiển xe mô tô, xe gắn máy; đồng thời bị áp dụng hình thức xử phạt bổ sung TƯỚC QUYỀN SỬ DỤNG GIẤY PHÉP LÁI XE từ 10 tháng đến 12 tháng (điểm k khoản 9, điểm b khoản 12 Điều 7 Nghị định số 168/2024/NĐ-CP). 
- Hành vi tụ tập gây rối trật tự công cộng có mang theo công cụ sát thương (chưa đến mức hình sự): Phạt tiền từ 6.000.000 đồng đến 8.000.000 đồng theo điểm b khoản 5 Điều 8 Nghị định số 282/2025/NĐ-CP. 
2. Chế tài xử lý hình sự (Bộ luật Hình sự năm 2015): 
- Tội tổ chức đua xe trái phép (Điều 265 Bộ luật Hình sự): Phạt tiền từ 30.000.000 đồng đến 100.000.000 đồng, phạt cải tạo không giam giữ đến 03 năm hoặc phạt tù từ 01 năm đến 05 năm (khoản 1); khung hình phạt cao nhất bị phạt tù từ 12 năm đến 20 năm hoặc tù chung thân (khoản 4). 
- Tội đua xe trái phép (Điều 266 Bộ luật Hình sự): Phạt tiền từ 10.000.000 đồng đến 50.000.000 đồng, phạt cải tạo không giam giữ đến 02 năm hoặc phạt tù từ 06 tháng đến 03 năm (khoản 1); khung hình phạt cao nhất bị phạt tù từ 07 năm đến 15 năm (khoản 3). 
- Tội gây rối trật tự công cộng (Điều 318 Bộ luật Hình sự): Phạt tiền từ 5.000.000 đồng đến 50.000.000 đồng, phạt cải tạo không giam giữ đến 02 năm hoặc phạt tù từ 03 tháng đến 02 năm (khoản 1); khung hình phạt cao nhất bị phạt tù từ 02 năm đến 07 năm (khoản 2).",https://conganquangninh.gov.vn/hoi-dap/detail/Tra-loi-cau-hoi-nguoi-dan-Nguyen-Trung-Hieu-79/,
189,"Xe ô tô trở trẻ em mầm non, học sinh được quy định như thế nào?","Điều 46 Luật Trật tự, an toàn giao thông đường bộ năm 2024 quy định đối với xe trở trẻ em mầm non, học sinh phải đáp ứng các yêu cầu sau đây:
- Bảo đảm các điều kiện quy định tại khoản 1, khoản 2 Điều 35 của Luật này; có thiết bị ghi nhận hình ảnh trẻ em mầm non, học sinh và thiết bị có chức năng cảnh báo, chống bỏ quên trẻ em trên xe; có niên hạn sử dụng không quá 20 năm; có màu sơn theo quy định của Chính phủ;
-  Xe ô tô chở trẻ em mầm non hoặc học sinh tiểu học phải có dây đai an toàn phù hợp với lứa tuổi hoặc sử dụng xe có ghế ngồi phù hợp với lứa tuổi theo quy định của pháp luật.
- Xe ô tô kinh doanh vận tải kết hợp với hoạt động đưa đón trẻ em mầm non, học sinh phải đáp ứng các yêu cầu theo quy định tại khoản 3 Điều 10, khoản 1 và khoản 2 Điều 35 của Luật này; có thiết bị ghi nhận hình ảnh trẻ em mầm non, học sinh và thiết bị có chức năng cảnh báo, chống bỏ quên trẻ em trên xe đáp ứng yêu cầu theo quy định tại điểm a khoản 1 Điều này.
- Khi đưa đón trẻ em mầm non, học sinh tiểu học phải bố trí tối thiểu 01 người quản lý trên mỗi xe ô tô để hướng dẫn, giám sát, duy trì trật tự và bảo đảm an toàn cho trẻ em mầm non, học sinh tiểu học trong suốt chuyến đi. Trường hợp xe từ 29 chỗ trở lên (không kể chỗ của người lái xe) mà chở từ 27 trẻ em mầm non và học sinh tiểu học trở lên phải bố trí tối thiểu 02 người quản lý trên mỗi xe ô tô. Người quản lý, người lái xe có trách nhiệm kiểm tra trẻ em mầm non, học sinh tiểu học khi xuống xe; không được để trẻ em mầm non, học sinh tiểu học trên xe khi người quản lý và người lái xe đã rời xe.
- Người lái xe ô tô đưa đón trẻ em mầm non, học sinh phải có tối thiểu 02 năm kinh nghiệm lái xe vận tải hành khách.
- Cơ sở giáo dục phải xây dựng quy trình bảo đảm an toàn khi đưa đón trẻ em mầm non, học sinh; hướng dẫn cho lái xe và người quản lý trẻ em mầm non, học sinh nắm vững và thực hiện đúng quy trình; chịu trách nhiệm bảo đảm trật tự, an toàn giao thông đường bộ khi tổ chức đưa đón trẻ em mầm non, học sinh của cơ sở giáo dục đó.
- Xe đưa đón trẻ em mầm non, học sinh được ưu tiên trong tổ chức phân luồng, điều tiết giao thông, bố trí nơi dừng xe, đỗ xe tại khu vực trường học và tại các điểm trên lộ trình đưa đón trẻ em mầm non, học sinh.",https://pbgdplthainguyen.gov.vn/faq/Luat-Trat-tu-an-toan-giao-thong-duong-bo/,
190,Điểm của giấy phép lái xe được quy định như thế nào?,"Điều 58 Luật Trật tự, an toàn giao thông đường bộ năm 2024 quy định: Điểm của giấy phép lái xe (GPLX) được dùng để quản lý việc chấp hành pháp luật về trật tự, an toàn giao thông đường bộ của người lái xe, bao gồm 12 điểm. Số điểm trừ mỗi lần vi phạm tùy thuộc tính chất, mức độ của hành vi vi phạm.
Dữ liệu về điểm trừ giấy phép lái xe của người vi phạm sẽ được cập nhật vào hệ thống cơ sở dữ liệu ngay sau khi quyết định xử phạt có hiệu lực. GPLX được phục hồi đủ 12 điểm khi chưa bị trừ hết điểm và không bị trừ điểm trong thời hạn 12 tháng kể từ ngày bị trừ điểm gần nhất.
Trường hợp GPLX bị trừ hết điểm thì người đó không được điều khiển phương tiện tham gia giao thông đường bộ theo loại giấy phép đã bị trừ hết điểm.
Sau ít nhất 6 tháng kể từ ngày bị trừ hết điểm, người có GPLX được tham gia kiểm tra nội dung kiến thức pháp luật về trật tự an toàn giao thông theo quy định.
Việc kiểm tra kiến thức do lực lượng Cảnh sát giao thông tổ chức, người có GPLX có kết quả đạt yêu cầu mới được phục hồi đủ 12 điểm.
Quy định trừ điểm GPLX bắt đầu được áp dụng từ ngày 1/1/2025",https://pbgdplthainguyen.gov.vn/faq/Luat-Trat-tu-an-toan-giao-thong-duong-bo/,
191,Giấy phép lái xe theo quy định mới có bao nhiêu hạng?,"Khoản 1 Điều 57 Luật Trật tự an toàn giao thông đường bộ quy định Giấy phép lái xe bao gồm 15 hạng:
1. Hạng A1 cấp cho người lái xe mô tô hai bánh có dung tích xi-lanh đến 125 cm3 hoặc có công suất động cơ điện đến 11 kW;
2. Hạng A cấp cho người lái xe mô tô hai bánh có dung tích xi-lanh trên 125 cm3 hoặc có công suất động cơ điện trên 11 kW và các loại xe quy định cho giấy phép lái xe hạng A1;
3. Hạng B1 cấp cho người lái xe mô tô ba bánh và các loại xe quy định cho giấy phép lái xe hạng A1;
4. Hạng B cấp cho người lái xe ô tô chở người đến 08 chỗ (không kể chỗ của người lái xe); xe ô tô tải và ô tô chuyên dùng có khối lượng toàn bộ theo thiết kế đến 3.500 kg; các loại xe ô tô quy định cho giấy phép lái xe hạng B kéo rơ moóc có khối lượng toàn bộ theo thiết kế đến 750 kg;
5. Hạng C1 cấp cho người lái xe ô tô tải và ô tô chuyên dùng có khối lượng toàn bộ theo thiết kế trên 3.500 kg đến 7.500 kg; các loại xe ô tô tải quy định cho giấy phép lái xe hạng C1 kéo rơ moóc có khối lượng toàn bộ theo thiết kế đến 750 kg; các loại xe quy định cho giấy phép lái xe hạng B;
6. Hạng C cấp cho người lái xe ô tô tải và ô tô chuyên dùng có khối lượng toàn bộ theo thiết kế trên 7.500 kg; các loại xe ô tô tải quy định cho giấy phép lái xe hạng C kéo rơ moóc có khối lượng toàn bộ theo thiết kế đến 750 kg; các loại xe quy định cho giấy phép lái xe hạng B và hạng C1;
7. Hạng D1 cấp cho người lái xe ô tô chở người trên 08 chỗ (không kể chỗ của người lái xe) đến 16 chỗ (không kể chỗ của người lái xe); các loại xe ô tô chở người quy định cho giấy phép lái xe hạng D1 kéo rơ moóc có khối lượng toàn bộ theo thiết kế đến 750 kg; các loại xe quy định cho giấy phép lái xe các hạng B, C1, C;
8. Hạng D2 cấp cho người lái xe ô tô chở người (kể cả xe buýt) trên 16 chỗ (không kể chỗ của người lái xe) đến 29 chỗ (không kể chỗ của người lái xe); các loại xe ô tô chở người quy định cho giấy phép lái xe hạng D2 kéo rơ moóc có khối lượng toàn bộ theo thiết kế đến 750 kg; các loại xe quy định cho giấy phép lái xe các hạng B, C1, C, D1;
9. Hạng D cấp cho người lái xe ô tô chở người (kể cả xe buýt) trên 29 chỗ (không kể chỗ của người lái xe); xe ô tô chở người giường nằm; các loại xe ô tô chở người quy định cho giấy phép lái xe hạng D kéo rơ moóc có khối lượng toàn bộ theo thiết kế đến 750 kg; các loại xe quy định cho giấy phép lái xe các hạng B, C1, C, D1, D2;
10. Hạng BE cấp cho người lái các loại xe ô tô quy định cho giấy phép lái xe hạng B kéo rơ moóc có khối lượng toàn bộ theo thiết kế trên 750 kg;
11. Hạng C1E cấp cho người lái các loại xe ô tô quy định cho giấy phép lái xe hạng C1 kéo rơ moóc có khối lượng toàn bộ theo thiết kế trên 750 kg;
12. Hạng CE cấp cho người lái các loại xe ô tô quy định cho giấy phép lái xe hạng C kéo rơ moóc có khối lượng toàn bộ theo thiết kế trên 750 kg; xe ô tô đầu kéo kéo sơ mi rơ moóc;
13. Hạng D1E cấp cho người lái các loại xe ô tô quy định cho giấy phép lái xe hạng D1 kéo rơ moóc có khối lượng toàn bộ theo thiết kế trên 750 kg;
14. Hạng D2E cấp cho người lái các loại xe ô tô quy định cho giấy phép lái xe hạng D2 kéo rơ moóc có khối lượng toàn bộ theo thiết kế trên 750 kg;
15. Hạng DE cấp cho người lái các loại xe ô tô quy định cho giấy phép lái xe hạng D kéo rơ moóc có khối lượng toàn bộ theo thiết kế trên 750 kg; xe ô tô chở khách nối toa.",https://pbgdplthainguyen.gov.vn/faq/Luat-Trat-tu-an-toan-giao-thong-duong-bo/,
192,"Hành vi không chấp hành hiệu lệnh của đèn tín hiệu giao thông, không chấp hành hiệu lệnh, hướng dẫn của người điều khiển giao thông hoặc người kiểm soát giao thông đối với người điều khiển xe ô tô, xe chở người bốn bánh có gắn động cơ, xe chở hàng bốn bánh có gắn động cơ và các loại xe tương tự xe ô tô bị xử phạt vi phạm hành chính như thế nào?","Phạt tiền từ 18.000.000 đồng đến 20.000.000 đồng đối với hành vi không chấp hành hiệu lệnh của đèn tín hiệu giao thông và không chấp hành hiệu lệnh, hướng dẫn của người điều khiển giao thông hoặc người kiểm soát giao thông quy định tại điểm b, c khoản 9 Điều 6 Nghị định 168/2024/NĐ-CP ngày 26/12/2024 của Chính phủ quy định về xử phạt vi phạm hành chính về trật tự, an toàn giao thông trong lĩnh vực giao thông đường bộ; trừ điểm, phục hồi điểm giấy phép lái xe.
Ngoài việc bị phạt tiền người vi phạm thực hiện hành vi vi phạm còn bị trừ điểm giấy phép lái xe 04 điểm.",https://pbgdplthainguyen.gov.vn/de-cuong-tuyen-truyen/hoi-dap-ve-xu-phat-vi-pham-hanh-chinh-ve-trat-tu-an-toan-giao-thong-duong-bo-537.html,
193,"Hành vi điều khiển xe chạy quá tốc độ theo quy định đối với người điều khiển xe ô tô, xe chở người bốn bánh có gắn động cơ, xe chở hàng bốn bánh có gắn động cơ và các loại xe tương tự xe ô tô bị xử phạt vi phạm hành chính như thế nào?","Trả lời:
- Phạt tiền từ 800.000 đồng đến 1.000.000 đồng đối với người điều khiển xe chạy quá tốc độ quy định từ 05 km/h đến dưới 10 km/h quy định tại điểm a khoản 3 Điều 6 Nghị định 168/2024/NĐ-CP ngày 26/12/2024 của Chính phủ quy định về xử phạt vi phạm hành chính về trật tự, an toàn giao thông trong lĩnh vực giao thông đường bộ; trừ điểm, phục hồi điểm giấy phép lái xe;
- Phạt tiền từ 4.000.0000 đồng đến 6.000.000 đồng đối với đối với người điều khiển xe chạy quá tốc độ quy định từ 10 km/h đến dưới 20 km/h quy định tại điểm đ khoản 5 Điều 6 Nghị định 168/2024/NĐ-CP ngày 26/12/2024 của Chính phủ quy định về xử phạt vi phạm hành chính về trật tự, an toàn giao thông trong lĩnh vực giao thông đường bộ; trừ điểm, phục hồi điểm giấy phép lái xe.
 Ngoài việc bị phạt tiền người vi phạm thực hiện hành vi vi phạm còn bị trừ điểm giấy phép lái xe 02 điểm;
- Phạt tiền từ 6.000.000 đồng đến 8.000.000 đồng đối với đối với người điều khiển xe chạy quá tốc độ quy định từ 10 km/h đến dưới 20 km/h quy định tại điểm a khoản 6 Điều 6 Nghị định 168/2024/NĐ-CP ngày 26/12/2024 của Chính phủ quy định về xử phạt vi phạm hành chính về trật tự, an toàn giao thông trong lĩnh vực giao thông đường bộ; trừ điểm, phục hồi điểm giấy phép lái xe.
 Ngoài việc bị phạt tiền người vi phạm thực hiện hành vi vi phạm còn bị trừ điểm giấy phép lái xe 04 điểm;
- Phạt tiền từ 12.000.000 đồng đến 14.000.000 đồng đối với người điều khiển xe chạy quá tốc độ quy định trên 35km/h quy định tại điểm a khoản 7 Điều 6 Nghị định 168/2024/NĐ-CP ngày 26/12/2024 của Chính phủ quy định về xử phạt vi phạm hành chính về trật tự, an toàn giao thông trong lĩnh vực giao thông đường bộ; trừ điểm, phục hồi điểm giấy phép lái xe.
 Ngoài việc bị phạt tiền người vi phạm thực hiện hành vi vi phạm còn bị trừ điểm giấy phép lái xe 06 điểm.",https://pbgdplthainguyen.gov.vn/de-cuong-tuyen-truyen/hoi-dap-ve-xu-phat-vi-pham-hanh-chinh-ve-trat-tu-an-toan-giao-thong-duong-bo-537.html,
194,"Hành vi điều khiển xe trên đường vi phạm về nồng độ cồn theo quy định đối với người điều khiển xe ô tô, xe chở người bốn bánh có gắn động cơ, xe chở hàng bốn bánh có gắn động cơ và các loại xe tương tự xe ô tô bị xử phạt vi phạm hành chính như thế nào?","Trả lời:
- Phạt tiền từ 6.000.000 đồng đến 8.000.000 đồng đối hành vi điều khiển xe trên đường mà trong máu hoặc hơi thở có nồng độ cồn nhưng chưa vượt quá 50 miligam/100 mililít máu hoặc chưa vượt quá 0,25 miligam/1 lít khí thở quy định tại điểm c, khoản 6 Điều 6 Nghị định 168/2024/NĐ-CP ngày 26/12/2024 của Chính phủ quy định về xử phạt vi phạm hành chính về trật tự, an toàn giao thông trong lĩnh vực giao thông đường bộ; trừ điểm, phục hồi điểm giấy phép lái xe.
Ngoài việc bị phạt tiền người vi phạm thực hiện hành vi vi phạm còn bị trừ điểm giấy phép lái xe 04 điểm.
- Phạt tiền từ 18.000.000 đồng đến 20.000.000 đồng đối hành vi điều khiển xe trên đường mà trong máu hoặc hơi thở có nồng độ cồn vượt quá 50 miligam đến 80miligma/100 mililít máu hoặc vượt quá 0,25 miligam đến 0,4miligma/1 lít khí thở quy định tại điểm a, khoản 9 Điều 6 Nghị định 168/2024/NĐ-CP ngày 26/12/2024 của Chính phủ quy định về xử phạt vi phạm hành chính về trật tự, an toàn giao thông trong lĩnh vực giao thông đường bộ; trừ điểm, phục hồi điểm giấy phép lái xe.
Ngoài việc bị phạt tiền người vi phạm thực hiện hành vi vi phạm còn bị trừ điểm giấy phép lái xe 10 điểm.
- Phạt tiền từ 30.000.000 đồng đến 40.000.000 đồng đối hành vi điều khiển xe trên đường mà trong máu hoặc hơi thở có nồng độ cồn vượt quá 80miligma/100 mililít máu hoặc vượt quá 0,4miligma/1 lít khí thở quy định tại điểm a, khoản 11 Điều 6 Nghị định 168/2024/NĐ-CP ngày 26/12/2024 của Chính phủ quy định về xử phạt vi phạm hành chính về trật tự, an toàn giao thông trong lĩnh vực giao thông đường bộ; trừ điểm, phục hồi điểm giấy phép lái xe.
Ngoài việc bị phạt tiền người vi phạm thực hiện hành vi vi phạm còn bị tước giấy phép lái xe từ 22 tháng đến 24 tháng.",https://pbgdplthainguyen.gov.vn/de-cuong-tuyen-truyen/hoi-dap-ve-xu-phat-vi-pham-hanh-chinh-ve-trat-tu-an-toan-giao-thong-duong-bo-537.html,
195,"Hành vi điều khiển xe trên đường vi phạm về không bật đèn xe đúng quy định đối với người điều khiển xe ô tô, xe chở người bốn bánh có gắn động cơ, xe chở hàng bốn bánh có gắn động cơ và các loại xe tương tự xe ô tô bị xử phạt vi phạm hành chính như thế nào?","Trả lời:
- Phạt tiền từ 800.000 đồng đến 1.000.000 đồng đối với hành vi không sử dụng hoặc sử dụng không đủ đèn chiếu sáng trong thời gian từ 18 giờ ngày hôm trước đến 06 giờ ngày hôm sau hoặc khi có sương mù, khói, bụi, trời mưa, thời tiết xấu làm hạn chế tầm nhìn quy định tại điểm g khoản 3 Điều 6 Nghị định 168/2024/NĐ-CP ngày 26/12/2024 của Chính phủ quy định về xử phạt vi phạm hành chính về trật tự, an toàn giao thông trong lĩnh vực giao thông đường bộ; trừ điểm, phục hồi điểm giấy phép lái xe.
- Phạt tiền từ 800.000 đồng đến 1.000.000 đồng đối với hành vi chạy trong hầm đường bộ không sử dụng đèn chiếu sáng gần quy định tại điểm n khoản 3 Điều 6 Nghị định 168/2024/NĐ-CP ngày 26/12/2024 của Chính phủ quy định về xử phạt vi phạm hành chính về trật tự, an toàn giao thông trong lĩnh vực giao thông đường bộ; trừ điểm, phục hồi điểm giấy phép lái xe.",https://pbgdplthainguyen.gov.vn/de-cuong-tuyen-truyen/hoi-dap-ve-xu-phat-vi-pham-hanh-chinh-ve-trat-tu-an-toan-giao-thong-duong-bo-537.html,
196,"Hành vi điều khiển xe trên đường vi phạm không thắt dây an toàn đối với người điều khiển xe ô tô, xe chở người bốn bánh có gắn động cơ, xe chở hàng bốn bánh có gắn động cơ và các loại xe tương tự xe ô tô bị xử phạt vi phạm hành chính như thế nào?","Phạt tiền từ 800.000 đồng đến 1.000.000 đồng đối với các hành vi: không thắt dây đai an toàn khi điều khiển xe chạy trên đường; chở người trên xe ô tô không thắt dây đai an toàn (tại vị trí có trang bị dây đai an toàn) khi xe đang chạy quy định tại điểm k, l khoản 3 Điều 6 Nghị định 168/2024/NĐ-CP ngày 26/12/2024 của Chính phủ quy định về xử phạt vi phạm hành chính về trật tự, an toàn giao thông trong lĩnh vực giao thông đường bộ; trừ điểm, phục hồi điểm giấy phép lái xe.
- Phạt tiền từ 800.000 đồng đến 1.000.000 đồng đối với hành vi chở trẻ em dưới 10 tuổi và chiều cao dưới 1,35 mét trên xe ô tô ngồi cùng hàng ghế với người lái xe (trừ loại xe ô tô chỉ có một hàng ghế) hoặc không sử dụng thiết bị an toàn phù hợp cho trẻ em theo quy định quy định tại điểm m khoản 3 Điều 6 Nghị định 168/2024/NĐ-CP ngày 26/12/2024 của Chính phủ quy định về xử phạt vi phạm hành chính về trật tự, an toàn giao thông trong lĩnh vực giao thông đường bộ; trừ điểm, phục hồi điểm giấy phép lái xe. (Riêng quy định mới này áp dụng từ 01/01/2026)",https://pbgdplthainguyen.gov.vn/de-cuong-tuyen-truyen/hoi-dap-ve-xu-phat-vi-pham-hanh-chinh-ve-trat-tu-an-toan-giao-thong-duong-bo-537.html,
197,"Hành vi điều khiển xe trên đường vượt xe không đúng quy định đối với người điều khiển xe ô tô, xe chở người bốn bánh có gắn động cơ, xe chở hàng bốn bánh có gắn động cơ và các loại xe tương tự xe ô tô bị xử phạt vi phạm hành chính như thế nào?","Trả lời.
- Phạt tiền từ 4.000.000 đồng đến 6.000.000 đồng đối với hành vi vượt xe trong những trường hợp không được vượt, vượt xe tại đoạn đường có biển báo hiệu có nội dung cấm vượt (đối với loại phương tiện đang điều khiển); không có tín hiệu trước khi vượt hoặc có tín hiệu vượt xe nhưng không sử dụng trong suốt quá trình vượt xe; vượt bên phải xe khác trong trường hợp không được phép quy định tại điểm a khaonr 5 Điều 6 Nghị định 168/2024/NĐ-CP ngày 26/12/2024 của Chính phủ quy định về xử phạt vi phạm hành chính về trật tự, an toàn giao thông trong lĩnh vực giao thông đường bộ; trừ điểm, phục hồi điểm giấy phép lái xe. Ngoài việc bị phạt tiền người vi phạm thực hiện hành vi vi phạm còn bị trừ điểm giấy phép lái xe 02 điểm.",https://pbgdplthainguyen.gov.vn/de-cuong-tuyen-truyen/hoi-dap-ve-xu-phat-vi-pham-hanh-chinh-ve-trat-tu-an-toan-giao-thong-duong-bo-537.html,
198,"Hành vi điều khiển xe trên đường liên tục quá 04 tiếng quy định đối với người điều khiển xe ô tô, xe chở người bốn bánh có gắn động cơ, xe chở hàng bốn bánh có gắn động cơ và các loại xe tương tự xe ô tô bị xử phạt vi phạm hành chính như thế nào?","Phạt tiền từ 3.000.000 đồng đến 5.000.000 đồng đối với hành vi không thực hiện đúng quy định về thời gian nghỉ giữa hai lần lái xe liên tục của người lái xe (Điều khiển xe ô tô kinh doanh vận tải quá thời gian quy định là không quá 10 giờ trong một ngày và không quá 48 giờ trong một tuần; lái xe liên tục không quá 04 giờ)
+ Đối với xe tuyến cố định, xe hợp đồng, xe du lịch và xe vận tải hàng hoá, xe buýt liên tỉnh: 15 phút;
+Đối với xe buýt nội tỉnh, xe taxi: 5 phút;
Quy định tại điểm b khoản 5 Điều 21 Nghị định 168/2024/NĐ-CP ngày 26/12/2024 của Chính phủ quy định về xử phạt vi phạm hành chính về trật tự, an toàn giao thông trong lĩnh vực giao thông đường bộ; trừ điểm, phục hồi điểm giấy phép lái xe. Ngoài việc bị phạt tiền người vi phạm thực hiện hành vi vi phạm còn bị trừ điểm giấy phép lái xe 02 điểm.",https://pbgdplthainguyen.gov.vn/de-cuong-tuyen-truyen/hoi-dap-ve-xu-phat-vi-pham-hanh-chinh-ve-trat-tu-an-toan-giao-thong-duong-bo-537.html,
199,"Hành vi điều khiển xe trên vi phạm về biển số xe quy định đối với người điều khiển xe ô tô, xe chở người bốn bánh có gắn động cơ, xe chở hàng bốn bánh có gắn động cơ và các loại xe tương tự xe ô tô bị xử phạt vi phạm hành chính như thế nào?","Phạt tiền từ 20.000.000 đồng đến 26.000.0000 đồng đối với hành vi điều khiển xe gắn biển số không đúng với chứng nhận đăng ký xe hoặc gắn biển số không do cơ quan có thẩm quyền cấp (kể cả rơ moóc và sơ mi rơ moóc); điều khiển xe không gắn đủ biển số hoặc gắn biển số không đúng vị trí, không đúng quy cách theo quy định; gắn biển số không rõ chữ, số hoặc sử dụng chất liệu khác sơn, dán lên chữ, số của biển số xe; gắn biển số bị bẻ cong, che lấp, làm thay đổi chữ, số, màu sắc (của chữ, số, nền biển số xe), hình dạng, kích thước của biển số xe (kể cả rơ moóc và sơ mi rơ moóc).
Ngoài việc bị phạt tiền người vi phạm còn bị trừ điểm giấy phép lái xe như sau:
- Điều khiển xe gắn biển số không đúng với chứng nhận đăng ký xe hoặc gắn biển số không do cơ quan có thẩm quyền cấp (kể cả rơ moóc và sơ mi rơ moóc) còn bị trừ điểm giấy phép lái xe 10 điểm;
- Điều khiển xe không gắn đủ biển số hoặc gắn biển số không đúng vị trí, không đúng quy cách theo quy định; gắn biển số không rõ chữ, số hoặc sử dụng chất liệu khác sơn, dán lên chữ, số của biển số xe; gắn biển số bị bẻ cong, che lấp, làm thay đổi chữ, số, màu sắc (của chữ, số, nền biển số xe), hình dạng, kích thước của biển số xe (kể cả rơ moóc và sơ mi rơ moóc) buộc khôi phục biển số xe lại tình trạng ban đầu và trừ 06 điểm giấy phép lái xe",https://pbgdplthainguyen.gov.vn/de-cuong-tuyen-truyen/hoi-dap-ve-xu-phat-vi-pham-hanh-chinh-ve-trat-tu-an-toan-giao-thong-duong-bo-537.html,
200,"Khi tham gia giao thông, các loại phương tiện như máy kéo, các loại xe tương tự xe ô tô, tương tự xe mô tô, tương tự xe gắn máy, xe máy điện, xe đạp máy được pháp luật quy định như thế nào?","Các loại phương tiện như máy kéo, xe tương tự xe ô tô, tương tự xe mô tô, tương tự xe gắn máy, xe máy điện, xe đạp máy được phân loại và quản lý chặt chẽ theo Luật Trật tự, an toàn giao thông đường bộ số 36/2024/QH15 (và Văn bản hợp nhất số 55/VBHN-VPQH năm 2026).

Căn cứ pháp lý:
- Khoản 2 Điều 2, Điều 34 Luật Trật tự, an toàn giao thông đường bộ số 36/2024/QH15 (giải thích từ ngữ, phân loại phương tiện).
- Điều 35, Điều 42 Luật Trật tự, an toàn giao thông đường bộ số 36/2024/QH15 (điều kiện phương tiện, kiểm định an toàn kỹ thuật và bảo vệ môi trường khi tham gia giao thông).

Quy định cụ thể đối với từng loại phương tiện:
1. Xe máy điện: Thuộc nhóm xe gắn máy (xe cơ giới), sử dụng động cơ điện có công suất lớn nhất không quá 04 kW và vận tốc thiết kế lớn nhất không quá 50 km/h. Xe máy điện bắt buộc phải đăng ký, gắn biển số và người điều khiển phải từ đủ 16 tuổi trở lên (điểm g khoản 1 Điều 34, khoản 1 Điều 35, điểm a khoản 1 Điều 59).
2. Xe đạp máy (bao gồm xe đạp điện): Thuộc nhóm xe thô sơ, có lắp động cơ nhiệt hoặc động cơ điện, vận tốc thiết kế lớn nhất không quá 25 km/h và khi tắt máy vẫn đạp di chuyển được bằng bàn đạp. Xe đạp điện không phải đăng ký cấp biển số nhưng phải bảo đảm an toàn kỹ thuật (điểm b khoản 2 Điều 34, khoản 5 Điều 35).
3. Các loại xe tương tự xe ô tô, xe mô tô, xe gắn máy: Là các loại phương tiện có kết cấu, tính năng tương tự và áp dụng các quy chuẩn kỹ thuật quốc gia, quy tắc giao thông, đăng ký quản lý tương ứng với từng nhóm xe (điểm h khoản 1, điểm e khoản 2, khoản 5 Điều 34).
4. Máy kéo: Là loại xe máy chuyên dùng hoặc xe cơ giới chuyên dùng phục vụ nông, lâm nghiệp, xây dựng; khi tham gia giao thông phải bảo đảm các điều kiện về an toàn kỹ thuật, kiểm định và người điều khiển phải có chứng chỉ bồi dưỡng kiến thức pháp luật giao thông hoặc giấy phép lái xe phù hợp (điểm c khoản 3 Điều 34, Điều 35, Điều 42, Điều 56, Điều 59).",https://pbgdpl.gialai.gov.vn/uploads/tailieuhoidapphapluat/11-2020/hoi-dap-xu-phat-vi-pham-hanh-chinh_curves_compressed.pdf,
201,Pháp luật xử lý vi phạm hành chính trong lĩnh vực giao thông đường bộ và đường sắt hiện hành quy định về các biện pháp khắc phục hậu quả và nguyên tắc áp dụng như thế nào?,"Pháp luật xử lý vi phạm hành chính hiện hành quy định hệ thống các biện pháp khắc phục hậu quả nhằm buộc cá nhân, tổ chức vi phạm khôi phục lại trật tự, an toàn giao thông và tình trạng kỹ thuật ban đầu của phương tiện, hạ tầng đường bộ.

Căn cứ pháp lý:
- Khoản 3 Điều 3 Nghị định số 168/2024/NĐ-CP (được sửa đổi, bổ sung bởi Nghị định số 238/2026/NĐ-CP) quy định 19 biện pháp khắc phục hậu quả trong lĩnh vực trật tự, an toàn giao thông đường bộ.
- Khoản 7 Điều 5, khoản 8 Điều 8, khoản 6 Điều 9 Nghị định số 336/2025/NĐ-CP quy định các biện pháp khắc phục hậu quả trong lĩnh vực kết cấu hạ tầng giao thông đường bộ.

Nguyên tắc áp dụng và các biện pháp chính:
1. Nguyên tắc: Biện pháp khắc phục hậu quả được áp dụng kèm theo hình thức xử phạt chính (phạt tiền, cảnh cáo) đối với từng hành vi vi phạm cụ thể nhằm triệt tiêu hậu quả do hành vi vi phạm gây ra.
2. Các biện pháp khắc phục hậu quả chủ yếu theo khoản 3 Điều 3 Nghị định 168/2024/NĐ-CP:
- Buộc khôi phục lại tình trạng ban đầu đã bị thay đổi do vi phạm hành chính gây ra (điểm a).
- Buộc tháo dỡ các vật che khuất biển báo hiệu đường bộ, đèn tín hiệu giao thông (điểm đ).
- Buộc lắp đặt thiết bị giám sát hành trình, thiết bị ghi nhận hình ảnh người lái xe, thiết bị ghi nhận hình ảnh khoang chở khách theo đúng quy định (điểm i).
- Buộc tháo dỡ thiết bị âm thanh, ánh sáng lắp đặt trên xe gây mất trật tự, an toàn giao thông đường bộ (điểm k).
- Buộc thực hiện đúng quy định về biển số xe, dán chữ, số biển số, kẻ hoặc dán thông tin trên thành xe, cửa xe (điểm o).
- Buộc khôi phục lại hình dáng, kích thước, tình trạng an toàn kỹ thuật ban đầu của xe và đăng kiểm lại trước khi đưa phương tiện ra tham gia giao thông (điểm p).
- Buộc điều chỉnh lại chỉ số trên đồng hồ báo quãng đường của xe ô tô bị làm sai lệch (điểm q).
Trong lĩnh vực kết cấu hạ tầng (Nghị định 336/2025/NĐ-CP): Buộc phá dỡ công trình xây dựng không có giấy phép hoặc xây dựng không đúng giấy phép, di dời cây trồng che khuất tầm nhìn, thu dọn rác thải, chất phế thải, vật tư, vật liệu, đất đá gây cản trở giao thông trên đường bộ.",https://pbgdpl.gialai.gov.vn/uploads/tailieuhoidapphapluat/11-2020/hoi-dap-xu-phat-vi-pham-hanh-chinh_curves_compressed.pdf,
202,Pháp luật hiện hành quy định xử phạt vi phạm hành chính đối với người điều khiển xe ô tô đỗ trên dốc nhưng không chèn bánh như thế nào?,"Người điều khiển xe ô tô đỗ xe trên đoạn đường dốc nhưng không chèn bánh sẽ bị xử phạt tiền từ 600.000 đồng đến 800.000 đồng và không bị trừ điểm giấy phép lái xe.

Căn cứ pháp lý:
- Điểm d khoản 2 Điều 6 Nghị định số 168/2024/NĐ-CP.
- Khoản 16 Điều 6 Nghị định số 168/2024/NĐ-CP.

Mức xử phạt và chế tài cụ thể:
1. Phạt tiền: Căn cứ điểm d khoản 2 Điều 6 Nghị định 168/2024/NĐ-CP, phạt tiền từ 600.000 đồng đến 800.000 đồng đối với người điều khiển xe ô tô thực hiện hành vi ""Đỗ xe trên đoạn đường dốc không chèn bánh"".
2. Trừ điểm giấy phép lái xe: Hành vi này không thuộc các trường hợp bị trừ điểm GPLX quy định tại khoản 16 Điều 6 Nghị định 168/2024/NĐ-CP.
(Lưu ý: Nếu hành vi đỗ xe không chèn bánh để xe trôi dẫn đến gây tai nạn giao thông thì sẽ bị phạt tiền từ 20.000.000 đồng đến 22.000.000 đồng và bị trừ 10 điểm GPLX theo điểm a khoản 10 vàđiểm d khoản 16 Điều 6 Nghị định 168/2024/NĐ-CP).",https://pbgdpl.gialai.gov.vn/uploads/tailieuhoidapphapluat/11-2020/hoi-dap-xu-phat-vi-pham-hanh-chinh_curves_compressed.pdf,
203,Pháp luật hiện hành quy định xử phạt vi phạm hành chính đối với người điều khiển xe ô tô cho quay đầu xe ở phần đường dành cho người đi bộ qua đường mà ở khu vực này không có bố trí nơi quay đầu xe như thế nào?,"Người điều khiển xe ô tô quay đầu xe ở phần đường dành cho người đi bộ qua đường (nơi không được bố trí điểm quay đầu).

Căn cứ pháp lý:
- Điểm i khoản 4 Điều 6 Nghị định số 168/2024/NĐ-CP.
- Khoản 16 Điều 6 Nghị định số 168/2024/NĐ-CP.

Mức xử phạt và chế tài cụ thể:
1. Phạt tiền: Căn cứ điểm i khoản 4 Điều 6 Nghị định 168/2024/NĐ-CP, phạt tiền từ 2.000.000 đồng đến 3.000.000 đồng đối với người điều khiển xe ô tô thực hiện hành vi: ""Quay đầu xe ở phần đường dành cho người đi bộ qua đường, trên cầu, đầu cầu, gầm cầu vượt, ngầm, tại nơi đường bộ giao nhau cùng mức với đường sắt, đường hẹp, đường dốc, đoạn đường cong tầm nhìn bị che khuất, trên đường một chiều, trừ khi có hiệu lệnh của người điều khiển giao thông hoặc chỉ dẫn của biển báo hiệu tạm thời hoặc tổ chức giao thông tại những khu vực này có bố trí nơi quay đầu xe"".
2. Hành vi này không thuộc các trường hợp bị trừ điểm GPLX quy định tại khoản 16 Điều 6 Nghị định 168/2024/NĐ-CP
(Lưu ý: Trường hợp quay đầu xe trái quy định dẫn đến gây tai nạn giao thông thì bị phạt tiền từ* 20.000.000 đồng đến 22.000.000 đồng và bị trừ 10 điểm GPLX theo điểm a khoản 10 và điểm d khoản 16 Điều 6 Nghị định 168/2024/NĐ-CP).",https://pbgdpl.gialai.gov.vn/uploads/tailieuhoidapphapluat/11-2020/hoi-dap-xu-phat-vi-pham-hanh-chinh_curves_compressed.pdf,
204,Pháp luật hiện hành quy định xử phạt vi phạm hành chính đối với người điều khiển xe ô tô chạy quá tốc độ quy định 08 km/h như thế nào?,"Người điều khiển xe ô tô chạy quá tốc độ quy định 08 km/h (thuộc dải vi phạm từ 05 km/h đến dưới 10 km/h) bị phạt tiền từ 800.000 đồng đến 1.000.000 đồng và không bị trừ điểm giấy phép lái xe.

Căn cứ pháp lý:
- Điểm a khoản 3 Điều 6 Nghị định số 168/2024/NĐ-CP (được sửa đổi, bổ sung bởi Nghị định số 238/2026/NĐ-CP).
- Khoản 16 Điều 6 Nghị định số 168/2024/NĐ-CP.

Mức xử phạt và chế tài cụ thể:
1. Phạt tiền: Căn cứ điểm a khoản 3 Điều 6 Nghị định 168/2024/NĐ-CP, phạt tiền từ 800.000 đồng đến 1.000.000 đồng đối với người điều khiển xe ô tô thực hiện hành vi: ""Điều khiển xe chạy quá tốc độ quy định từ 05 km/h đến dưới 10 km/h"".
2. Trừ điểm giấy phép lái xe: Hành vi chạy quá tốc độ từ 05 km/h đến dưới 10 km/h không thuộc trường hợp bị trừ điểm giấy phép lái xe theo khoản 16 Điều 6 Nghị định 168/2024/NĐ-CP.
(Lưu ý: Trường hợp điều khiển xe chạy quá tốc độ quy định dẫn đến gây tai nạn giao thông thì sẽ bị phạt tiền từ 20.000.000 đồng đến 22.000.000 đồng và bị trừ 10 điểm GPLX theo điểm a khoản 10 và điểm d khoản 16 Điều 6 Nghị định 168/2024/NĐ-CP).",https://pbgdpl.gialai.gov.vn/uploads/tailieuhoidapphapluat/11-2020/hoi-dap-xu-phat-vi-pham-hanh-chinh_curves_compressed.pdf,
205,Pháp luật hiện hành quy định xử phạt vi phạm hành chính đối với người điều khiển xe ô tô không thắt dây an toàn khi điều khiển xe chạy trên đường như thế nào?,"Người điều khiển xe ô tô không thắt dây an toàn khi điều khiển xe chạy trên đường sẽ bị phạt tiền từ 800.000 đồng đến 1.000.000 đồng và không bị trừ điểm giấy phép lái xe.

Căn cứ pháp lý:
- Khoản 2 Điều 10 Luật Trật tự, an toàn giao thông đường bộ số 36/2024/QH15.
- Điểm k khoản 3 Điều 6 Nghị định số 168/2024/NĐ-CP (được sửa đổi, bổ sung bởi Nghị định số 238/2026/NĐ-CP).

Mức xử phạt cụ thể:
1. Phạt tiền: Căn cứ điểm k khoản 3 Điều 6 Nghị định 168/2024/NĐ-CP, phạt tiền từ 800.000 đồng đến 1.000.000 đồng đối với người điều khiển xe ô tô thực hiện hành vi: ""Không thắt dây đai an toàn khi điều khiển xe chạy trên đường"".
2. Lưu ý: Trường hợp chở người trên xe ô tô không thắt dây đai an toàn (tại vị trí có trang bị dây đai an toàn) khi xe đang chạy thì người điều khiển xe cũng bị phạt tiền từ 600.000 đồng đến 800.000 đồng theo điểm l khoản 3 Điều 6 Nghị định 168/2024/NĐ-CP.",https://pbgdpl.gialai.gov.vn/uploads/tailieuhoidapphapluat/11-2020/hoi-dap-xu-phat-vi-pham-hanh-chinh_curves_compressed.pdf,
206,Pháp luật hiện hành quy định xử phạt vi phạm hành chính đối với người điều khiển xe ô tô chạy trong hầm đường bộ không sử dụng đèn chiếu sáng gần như thế nào?,"Người điều khiển xe ô tô chạy trong hầm đường bộ không sử dụng đèn chiếu sáng gần bị phạt tiền từ 800.000 đồng đến 1.000.000 đồng; nếu gây tai nạn giao thông sẽ bị phạt từ 20 - 22 triệu đồng và bị trừ 10 điểm GPLX.

Căn cứ pháp lý:
- Khoản 1 Điều 26 Luật Trật tự, an toàn giao thông đường bộ số 36/2024/QH15.
- Điểm n khoản 3 Điều 6, điểm b khoản 10 Điều 6, điểm d khoản 16 Điều 6 Nghị định số 168/2024/NĐ-CP (được sửa đổi, bổ sung bởi Nghị định số 238/2026/NĐ-CP).

Mức xử phạt cụ thể:
1. Phạt tiền trong điều kiện thông thường: Căn cứ điểm n khoản 3 Điều 6 Nghị định 168/2024/NĐ-CP, phạt tiền từ 800.000 đồng đến 1.000.000 đồng đối với người điều khiển xe ô tô thực hiện hành vi: ""Chạy trong hầm đường bộ không sử dụng đèn chiếu sáng gần"". (Hành vi này không bị trừ điểm GPLX)
2. Trường hợp gây tai nạn giao thông: Căn cứ điểm a khoản 11 Điều 6 Nghị định 168/2024/NĐ-CP, phạt tiền từ 18.000.000 đồng đến 20.000.000 đồng và bị trừ 10 điểm giấy phép lái xe theo điểm d khoản 16 Điều 6.",https://pbgdpl.gialai.gov.vn/uploads/tailieuhoidapphapluat/11-2020/hoi-dap-xu-phat-vi-pham-hanh-chinh_curves_compressed.pdf,
207,Pháp luật hiện hành quy định xử phạt vi phạm hành chính đối với người điều khiển xe ô tô chạy trên đường mà dùng tay sử dụng điện thoại di động như thế nào?,"Người điều khiển xe ô tô đang di chuyển trên đường mà dùng tay cầm và sử dụng điện thoại di động hoặc các thiết bị điện tử khác sẽ bị phạt tiền từ 4.000.000 đồng đến 6.000.000 đồng và bị trừ 04 điểm giấy phép lái xe.

Căn cứ pháp lý:
- Điểm h khoản 5 Điều 6 Nghị định số 168/2024/NĐ-CP.
- Điểm b khoản 16 Điều 6 Nghị định số 168/2024/NĐ-CP.

Mức xử phạt cụ thể:
1. Phạt tiền: Căn cứ điểm h khoản 5 Điều 6 Nghị định 168/2024/NĐ-CP, phạt tiền từ 4.000.000 đồng đến 6.000.000 đồng đối với người điều khiển xe ô tô thực hiện hành vi: ""Dùng tay cầm và sử dụng điện thoại hoặc các thiết bị điện tử khác khi điều khiển phương tiện tham gia giao thông đang di chuyển trên đường bộ"".
2. Trừ điểm giấy phép lái xe: Bị trừ 04 điểm giấy phép lái xe theo điểm b khoản 16 Điều 6 Nghị định 168/2024/NĐ-CP.
(Trường hợp thực hiện hành vi vi phạm trên mà gây tai nạn giao thông thì bị phạt tiền từ 20.000.000 đồng đến 22.000.000 đồng và bị trừ 10 điểm GPLX theo điểm b khoản 10, điểm d khoản 16 Điều 6 Nghị định 168/2024/NĐ-CP).",https://pbgdpl.gialai.gov.vn/uploads/tailieuhoidapphapluat/11-2020/hoi-dap-xu-phat-vi-pham-hanh-chinh_curves_compressed.pdf,
208,Pháp luật hiện hành quy định xử phạt vi phạm hành chính đối với người điều khiển xe ô tô không chấp hành hiệu lệnh của đèn tín hiệu giao thông như thế nào?,"Người điều khiển xe ô tô không chấp hành hiệu lệnh của đèn tín hiệu giao thông (vượt đèn đỏ hoặc vượt đèn vàng trái quy định) sẽ bị phạt tiền từ 18.000.000 đồng đến 20.000.000 đồng và bị trừ 04 điểm giấy phép lái xe.

Căn cứ pháp lý:
- Khoản 4 Điều 11 Luật Trật tự, an toàn giao thông đường bộ số 36/2024/QH15.
- Điểm b khoản 9 Điều 6 Nghị định số 168/2024/NĐ-CP (được sửa đổi, bổ sung bởi Nghị định số 238/2026/NĐ-CP).
- Điểm b khoản 16 Điều 6 Nghị định số 168/2024/NĐ-CP.

Mức xử phạt cụ thể:
1. Phạt tiền: Căn cứ điểm b khoản 9 Điều 6 Nghị định 168/2024/NĐ-CP, phạt tiền từ 18.000.000 đồng đến 20.000.000 đồng đối với người điều khiển xe ô tô thực hiện hành vi: ""Không chấp hành hiệu lệnh của đèn tín hiệu giao thông"".
2. Trừ điểm giấy phép lái xe: Bị trừ 04 điểm giấy phép lái xe theo điểm b khoản 16 Điều 6 Nghị định 168/2024/NĐ-CP.
(Trường hợp không chấp hành hiệu lệnh của đèn tín hiệu giao thông mà gây tai nạn giao thông thì bị phạt tiền từ 20.000.000 đồng đến 22.000.000 đồng và bị trừ 10 điểm GPLX theo điểm b khoản 10, điểm d khoản 16 Điều 6 Nghị định 168/2024/NĐ-CP).",https://pbgdpl.gialai.gov.vn/uploads/tailieuhoidapphapluat/11-2020/hoi-dap-xu-phat-vi-pham-hanh-chinh_curves_compressed.pdf,
209,"Pháp luật hiện hành quy định xử phạt vi phạm hành chính đối với người điều khiển xe ô tô gây tai nạn giao thông và bỏ trốn, không tham gia cấp cứu người bị nạn như thế nào?","Người điều khiển xe ô tô gây tai nạn giao thông rồi bỏ trốn, không tham gia cứu giúp người bị nạn sẽ bị phạt tiền từ 16.000.000 đồng đến 18.000.000 đồng và bị trừ 06 điểm GPLX; nếu nạn nhân chết hoặc bị thương tật nặng thì sẽ bị truy cứu trách nhiệm hình sự với mức án từ 03 năm đến 10 năm tù theo Điều 260 Bộ luật Hình sự.
Căn cứ pháp lý:
- Khoản 26 Điều 9, Điều 80, Điều 81 Luật Trật tự, an toàn giao thông đường bộ số 36/2024/QH15.
- Khoản 8 Điều 6, điểm c khoản 16 Điều 6 Nghị định số 168/2024/NĐ-CP (được sửa đổi, bổ sung bởi Nghị định số 238/2026/NĐ-CP).
- Điểm c khoản 2 Điều 260 Bộ luật Hình sự số 100/2015/QH13 (sửa đổi, bổ sung năm 2017).
Chế tài xử lý cụ thể:
1. Xử phạt vi phạm hành chính:
- Phạt tiền: Căn cứ khoản 8 Điều 6 Nghị định 168/2024/NĐ-CP, phạt tiền từ 16.000.000 đồng đến 18.000.000 đồng đối với hành vi ""Gây tai nạn giao thông không dừng ngay phương tiện, không giữ nguyên hiện trường, không trợ giúp người bị nạn, không ở lại hiện trường hoặc không đến trình báo ngay với cơ quan công an, Ủy ban nhân dân nơi gần nhất"".
- Trừ điểm GPLX: Bị trừ 06 điểm giấy phép lái xe theo điểm c khoản 16 Điều 6 Nghị định 168/2024/NĐ-CP.
2. Truy cứu trách nhiệm hình sự:
Căn cứ điểm c khoản 2 Điều 260 Bộ luật Hình sự, người lái xe gây TNGT làm chết người hoặc thương tích từ 61% trở lên, thiệt hại tài sản từ 100 triệu đồng mà có tình tiết ""Bỏ chạy để trốn tránh trách nhiệm hoặc cố ý không cứu giúp người bị nạn"" thì bị phạt tù từ 03 năm đến 10 năm.",https://pbgdpl.gialai.gov.vn/uploads/tailieuhoidapphapluat/11-2020/hoi-dap-xu-phat-vi-pham-hanh-chinh_curves_compressed.pdf,
210,Pháp luật hiện hành quy định xử phạt vi phạm hành chính đối với người điều khiển xe mô tô có hành vi không có báo hiệu xin vượt trước khi vượt như thế nào?,"Người điều khiển xe mô tô không có báo hiệu xin vượt trước khi vượt hoặc có báo hiệu nhưng không sử dụng liên tục trong quá trình vượt xe sẽ bị phạt tiền từ 200.000 đồng đến 400.000 đồng.

Căn cứ pháp lý:
- Khoản 5 Điều 14 Luật Trật tự, an toàn giao thông đường bộ số 36/2024/QH15.
- Điểm b khoản 1 Điều 7 Nghị định số 168/2024/NĐ-CP (được sửa đổi, bổ sung bởi Nghị định số 238/2026/NĐ-CP).

Mức xử phạt cụ thể:
Căn cứ điểm b khoản 1 Điều 7 Nghị định 168/2024/NĐ-CP, phạt tiền từ 200.000 đồng đến 400.000 đồng đối với người điều khiển xe mô tô thực hiện hành vi: ""Không có tín hiệu trước khi vượt hoặc có tín hiệu vượt xe nhưng không sử dụng trong suốt quá trình vượt xe"".
(Nếu vượt xe không đúng quy định mà gây tai nạn giao thông thì bị phạt tiền từ 10.000.000 đồng đến 14.000.000 đồng và bị trừ 10 điểm GPLX theo khoản 10, điểm d khoản 13 Điều 7 Nghị định 168/2024/NĐ-CP).",https://pbgdpl.gialai.gov.vn/uploads/tailieuhoidapphapluat/11-2020/hoi-dap-xu-phat-vi-pham-hanh-chinh_curves_compressed.pdf,
211,Pháp luật hiện hành quy định xử phạt vi phạm hành chính đối với người điều khiển xe mô tô tự ý lắp đặt và sử dụng thiết bị phát tín hiệu còi báo xe chữa cháy như thế nào?,"Người điều khiển xe mô tô tự ý lắp đặt và sử dụng còi báo xe chữa cháy (thiết bị phát tín hiệu của xe ưu tiên) sẽ bị phạt tiền từ 400.000 đồng đến 600.000 đồng và bị tịch thu toàn bộ thiết bị còi ưu tiên lắp đặt trái phép.

Căn cứ pháp lý:
-Khoản 24 Điều 9, Khoản 3 và Khoản 6 Điều 27 Luật Trật tự, an toàn giao thông đường bộ số 36/2024/QH15.
- Điểm đ khoản 2 Điều 7 Nghị định số 168/2024/NĐ-CP (được sửa đổi, bổ sung bởi Nghị định số 238/2026/NĐ-CP).
- Điểm a khoản 12 Điều 7 Nghị định số 168/2024/NĐ-CP.

Mức xử phạt và chế tài cụ thể:
1. Phạt tiền: Căn cứ điểm đ khoản 2 Điều 7 Nghị định 168/2024/NĐ-CP, phạt tiền từ 400.000 đồng đến 600.000 đồng đối với hành vi ""Xe không được quyền ưu tiên lắp đặt, sử dụng thiết bị phát tín hiệu của xe được quyền ưu tiên"".
2. Tịch thu tang vật: Căn cứ điểm a khoản 12 Điều 7 Nghị định 168/2024/NĐ-CP, tịch thu thiết bị phát tín hiệu ưu tiên lắp đặt, sử dụng trái quy định.",https://pbgdpl.gialai.gov.vn/uploads/tailieuhoidapphapluat/11-2020/hoi-dap-xu-phat-vi-pham-hanh-chinh_curves_compressed.pdf,
212,Pháp luật hiện hành quy định xử phạt vi phạm hành chính đối với người điều khiển xe mô tô chở người ngồi trên xe có đội mũ bảo hiểm nhưng không cài quai đúng quy cách như thế nào?,"Người điều khiển xe mô tô chở người ngồi sau có đội mũ bảo hiểm nhưng không cài quai đúng quy cách sẽ bị phạt tiền từ 400.000 đồng đến 600.000 đồng.

Căn cứ pháp lý:
- Khoản 2 Điều 33 Luật Trật tự, an toàn giao thông đường bộ số 36/2024/QH15.
- Điểm i khoản 2 Điều 7 Nghị định số 168/2024/NĐ-CP (được sửa đổi, bổ sung bởi Nghị định số 238/2026/NĐ-CP).

Mức xử phạt cụ thể:
Căn cứ điểm i khoản 2 Điều 7 Nghị định 168/2024/NĐ-CP, phạt tiền từ 400.000 đồng đến 600.000 đồng đối với người điều khiển xe mô tô thực hiện hành vi: ""Chở người ngồi trên xe không đội “mũ bảo hiểm cho người đi mô tô, xe máy” hoặc đội “mũ bảo hiểm cho người đi mô tô, xe máy” không cài quai đúng quy cách, trừ trường hợp chở người bệnh đi cấp cứu, trẻ em dưới 06 tuổi, áp giải người có hành vi vi phạm pháp luật"".
(Đồng thời, bản thân người được chở không cài quai mũ bảo hiểm cũng bị phạt tiền từ 400.000 đồng đến 600.000 đồng theo điểm b khoản 5 Điều 12 Nghị định 168/2024/NĐ-CP).",https://pbgdpl.gialai.gov.vn/uploads/tailieuhoidapphapluat/11-2020/hoi-dap-xu-phat-vi-pham-hanh-chinh_curves_compressed.pdf,
213,Pháp luật hiện hành quy định xử phạt vi phạm hành chính đối với người điều khiển xe máy chở theo từ 03 người trở lên trên xe như thế nào?,"Người điều khiển xe mô tô, xe gắn máy chở từ 03 người trở lên trên xe sẽ bị phạt tiền từ 800.000 đồng đến 1.000.000 đồng và bị trừ 02 điểm GPLX (trừ trường hợp chở người bệnh đi cấp cứu, trẻ em dưới 12 tuổi, áp giải người phạm pháp, người già yếu hoặc khuyết tật).

Căn cứ pháp lý:
- Khoản 1 Điều 33 Luật Trật tự, an toàn giao thông đường bộ số 36/2024/QH15.
- Điểm b khoản 3 Điều 7, điểm a khoản 13 Điều 7 Nghị định số 168/2024/NĐ-CP (được sửa đổi, bổ sung bởi Nghị định số 238/2026/NĐ-CP).

Mức xử phạt và quy định chi tiết:
1. Chở từ 03 người trở lên: Căn cứ điểm b khoản 3 Điều 7 Nghị định 168/2024/NĐ-CP, phạt tiền từ 600.000 đồng đến 800.000 đồng đối với người điều khiển xe chở theo từ 03 người trở lên trên xe; đồng thời bị trừ 02 điểm giấy phép lái xe theo điểm a khoản 13 Điều 7\. Hành vi này không có trường hợp ngoại lệ. 
2. So sánh với hành vi chở 02 người: Chở theo 02 người trên xe bị phạt tiền từ 400.000 đồng đến 600.000 đồng theo điểm g khoản 2 Điều 7 Nghị định 168/2024/NĐ-CP (hành vi này không bị trừ điểm GPLX). 
3. Các trường hợp ngoại lệ được chở theo 02 người mà không bị xử phạt: Chở người bệnh đi cấp cứu; trẻ em dưới 12 tuổi; áp giải người có hành vi vi phạm pháp luật; người già yếu hoặc người khuyết tật (khoản 1 Điều 33 Luật số 36/2024/QH15). 
(Trường hợp chở quá số người quy định mà gây tai nạn giao thông thì bị phạt tiền từ 10.000.000 đồng đến 14.000.000 đồng và bị trừ 10 điểm GPLX theo điểm b khoản 10, điểm d khoản 13 Điều 7 Nghị định 168/2024/NĐ-CP).",https://pbgdpl.gialai.gov.vn/uploads/tailieuhoidapphapluat/11-2020/hoi-dap-xu-phat-vi-pham-hanh-chinh_curves_compressed.pdf,
214,Pháp luật hiện hành quy định xử phạt vi phạm hành chính đối với người điều khiển xe mô tô không chấp hành hiệu lệnh của người điều khiển giao thông như thế nào?,"Người điều khiển xe mô tô không chấp hành hiệu lệnh, hướng dẫn của người điều khiển giao thông hoặc người kiểm soát giao thông sẽ bị phạt tiền từ 4.000.000 đồng đến 6.000.000 đồng và bị trừ 04 điểm giấy phép lái xe.

Căn cứ pháp lý:
- Khoản 2 Điều 11 Luật Trật tự, an toàn giao thông đường bộ số 36/2024/QH15.
- Điểm d khoản 7 Điều 7 Nghị định số 168/2024/NĐ-CP.
- Điểm b khoản 13 Điều 7 Nghị định số 168/2024/NĐ-CP.

Mức xử phạt cụ thể:
1. Phạt tiền: Căn cứ điểm d khoản 7 Điều 7 Nghị định 168/2024/NĐ-CP, phạt tiền từ 4.000.000 đồng đến 6.000.000 đồng đối với hành vi ""Không chấp hành hiệu lệnh, hướng dẫn của người điều khiển giao thông hoặc người kiểm soát giao thông"".
2. Trừ điểm GPLX: Bị trừ 04 điểm giấy phép lái xe theo quy định tại điểm b khoản 13 Điều 7 Nghị định 168/2024/NĐ-CP.
(Trường hợp không chấp hành hiệu lệnh mà gây tai nạn giao thông thì bị phạt tiền từ 10.000.000 đồng đến 14.000.000 đồng và bị trừ 10 điểm GPLX theo điểm b khoản 10, điểm d khoản 13 Điều 7 Nghị định 168/2024/NĐ-CP).",https://pbgdpl.gialai.gov.vn/uploads/tailieuhoidapphapluat/11-2020/hoi-dap-xu-phat-vi-pham-hanh-chinh_curves_compressed.pdf,
215,Pháp luật hiện hành quy định xử phạt vi phạm hành chính đối với người điều khiển xe mô tô chạy quá tốc độ quy định trên 20 km/h như thế nào?,"Người điều khiển xe mô tô chạy quá tốc độ quy định trên 20 km/h sẽ bị phạt tiền từ 6.000.000 đồng đến 8.000.000 đồng và bị trừ 04 điểm giấy phép lái xe.

Căn cứ pháp lý:
- Điều 12 Luật Trật tự, an toàn giao thông đường bộ số 36/2024/QH15.
- Điểm a khoản 8 Điều 7 Nghị định số 168/2024/NĐ-CP (được sửa đổi, bổ sung bởi Nghị định số 238/2026/NĐ-CP).
- Điểm b khoản 13 Điều 7 Nghị định số 168/2024/NĐ-CP.

Mức xử phạt cụ thể:
1. Phạt tiền: Căn cứ điểm a khoản 8 Điều 7 Nghị định 168/2024/NĐ-CP, phạt tiền từ 6.000.000 đồng đến 8.000.000 đồng đối với người điều khiển xe mô tô thực hiện hành vi: ""Điều khiển xe chạy quá tốc độ quy định trên 20 km/h"".
2. Trừ điểm GPLX: Bị trừ 04 điểm giấy phép lái xe theo quy định tại điểm b khoản 13 Điều 7 Nghị định 168/2024/NĐ-CP.
(Trường hợp điều khiển xe thành nhóm từ 02 xe trở lên chạy quá tốc độ quy định thì bị phạt tiền từ 8.000.000 đồng đến 10.000.000 đồng theo điểm b khoản 9 Điều 7; trường hợp chạy quá tốc độ quy định mà gây tai nạn giao thông thì bị phạt tiền từ 10.000.000 đồng đến 14.000.000 đồng và bị trừ 10 điểm GPLX theo điểm a khoản 10, điểm d khoản 13 Điều 7 Nghị định 168/2024/NĐ-CP).",https://pbgdpl.gialai.gov.vn/uploads/tailieuhoidapphapluat/11-2020/hoi-dap-xu-phat-vi-pham-hanh-chinh_curves_compressed.pdf,
216,Pháp luật hiện hành quy định xử phạt vi phạm hành chính đối với người đang điều khiển xe mô tô mà buông cả hai tay như thế nào?,"Hành vi buông cả hai tay khi đang điều khiển xe mô tô bị tịch thu phương tiện ngay từ lần vi phạm đầu tiên và bị tước quyền sử dụng giấy phép lái xe từ 22 tháng đến 24 tháng, không áp dụng hình thức phạt tiền hay trừ điểm giấy phép lái xe đối với hành vi này.
Căn cứ pháp lý:
- Điểm d khoản 3 Điều 33 Luật Trật tự, an toàn giao thông đường bộ số 36/2024/QH15.
- Điểm a khoản 11 Điều 7, điểm c khoản 12 Điều 7 Nghị định số 168/2024/NĐ-CP (được sửa đổi, bổ sung bởi Nghị định số 238/2026/NĐ-CP).
Mức xử phạt và chế tài cụ thể:
1. Phạt tiền: Căn cứ điểm a khoản 11 Điều 7 Nghị định 168/2024/NĐ-CP, áp dụng hình thức xử phạt chính là tịch thu phương tiện ngay từ lần vi phạm đầu tiên đối với hành vi ""Buông cả hai tay khi đang điều khiển xe; dùng chân điều khiển xe; ngồi về một bên điều khiển xe; nằm trên yên xe điều khiển xe; thay người điều khiển khi xe đang chạy; quay người về phía sau để điều khiển xe hoặc bịt mắt điều khiển xe"".
2. Tước quyền sử dụng GPLX: Căn cứ điểm c khoản 12 Điều 7 Nghị định 168/2024/NĐ-CP, người điều khiển xe thực hiện hành vi vi phạm trên còn bị áp dụng hình thức xử phạt bổ sung là tước quyền sử dụng giấy phép lái xe từ 22 tháng đến 24 tháng.
3. Về tiền phạt và trừ điểm GPLX: Nghị định 168/2024/NĐ-CP không quy định phạt tiền và không quy định trừ điểm giấy phép lái xe đối với hành vi buông cả hai tay khi đang điều khiển xe.",https://pbgdpl.gialai.gov.vn/uploads/tailieuhoidapphapluat/11-2020/hoi-dap-xu-phat-vi-pham-hanh-chinh_curves_compressed.pdf,
217,Pháp luật hiện hành quy định xử phạt vi phạm hành chính đối với người đang điều khiển xe mô tô mà trong cơ thể có chất ma túy như thế nào?,"Người điều khiển xe mô tô mà trong cơ thể có chất ma túy hoặc chất kích thích khác mà pháp luật cấm sử dụng sẽ bị phạt tiền từ 8.000.000 đồng đến 10.000.000 đồng và bị tước quyền sử dụng giấy phép lái xe từ 22 tháng đến 24 tháng.

Căn cứ pháp lý:
- Khoản 3 Điều 9 Luật Trật tự, an toàn giao thông đường bộ số 36/2024/QH15.
- Điểm e khoản 9 Điều 7, điểm c khoản 12 Điều 7 Nghị định số 168/2024/NĐ-CP (được sửa đổi, bổ sung bởi Nghị định số 238/2026/NĐ-CP).

Mức xử phạt và chế tài cụ thể:
1. Phạt tiền: Căn cứ điểm e khoản 9 Điều 7 Nghị định 168/2024/NĐ-CP, phạt tiền từ 8.000.000 đồng đến 10.000.000 đồng đối với người điều khiển xe mô tô thực hiện hành vi: ""Điều khiển xe trên đường mà trong cơ thể có chất ma túy hoặc chất kích thích khác mà pháp luật cấm sử dụng"".
2. Tước quyền sử dụng GPLX: Bị tước quyền sử dụng giấy phép lái xe từ 22 tháng đến 24 tháng theo quy định tại điểm c khoản 12 Điều 7 Nghị định 168/2024/NĐ-CP; hành vi này không bị trừ điểm giấy phép lái xe.
3. Tạm giữ phương tiện: Phương tiện vi phạm bị tạm giữ theo thủ tục hành chính để ngăn chặn ngay hành vi vi phạm (theo điểm b khoản 1 Điều 48 Nghị định 168/2024/NĐ-CP và Điều 125 Luật Xử lý vi phạm hành chính).",https://pbgdpl.gialai.gov.vn/uploads/tailieuhoidapphapluat/11-2020/hoi-dap-xu-phat-vi-pham-hanh-chinh_curves_compressed.pdf,
218,Pháp luật hiện hành quy định xử phạt vi phạm hành chính đối với người điều khiển xe mô tô không chấp hành yêu cầu kiểm tra về chất ma túy của người thi hành công vụ như thế nào?,"Người điều khiển xe mô tô không chấp hành yêu cầu kiểm tra về chất ma túy của người thi hành công vụ sẽ bị phạt tiền từ 8.000.000 đồng đến 10.000.000 đồng và bị tước quyền sử dụng giấy phép lái xe từ 22 tháng đến 24 tháng.

Căn cứ pháp lý:
- Khoản 4 Điều 9 Luật Trật tự, an toàn giao thông đường bộ số 36/2024/QH15.
- Điểm g khoản 9 Điều 7, điểm c khoản 12 Điều 7 Nghị định số 168/2024/NĐ-CP (được sửa đổi, bổ sung bởi Nghị định số 238/2026/NĐ-CP).

Mức xử phạt cụ thể:
1. Phạt tiền: Căn cứ điểm g khoản 9 Điều 7 Nghị định 168/2024/NĐ-CP, phạt tiền từ 8.000.000 đồng đến 10.000.000 đồng đối với hành vi: ""Không chấp hành yêu cầu kiểm tra về chất ma túy hoặc chất kích thích khác mà pháp luật cấm sử dụng của người thi hành công vụ"".
2. Tước quyền sử dụng GPLX: Bị tước quyền sử dụng giấy phép lái xe từ 22 tháng đến 24 tháng theo điểm c khoản 12 Điều 7 Nghị định 168/2024/NĐ-CP (không bị trừ điểm GPLX). Phương tiện vi phạm bị tạm giữ theo quy định tại điểm b khoản 1 Điều 48 Nghị định 168/2024/NĐ-CP.",https://pbgdpl.gialai.gov.vn/uploads/tailieuhoidapphapluat/11-2020/hoi-dap-xu-phat-vi-pham-hanh-chinh_curves_compressed.pdf,
219,Pháp luật hiện hành quy định xử phạt vi phạm hành chính đối với người đi bộ vi phạm quy tắc giao thông đường bộ như thế nào?,"Pháp luật hiện hành quy định xử phạt vi phạm hành chính đối với người đi bộ vi phạm quy tắc giao thông đường bộ từ 150.000 đến 250.000 đồng đối với các lỗi thông thường và từ 400.000 đến 600.000 đồng đối với hành vi đi vào đường cao tốc hoặc đu bám phương tiện.

Căn cứ pháp lý:
- Điều 30 Luật Trật tự, an toàn giao thông đường bộ số 36/2024/QH15 (người đi bộ tham gia giao thông).
- Khoản 1, khoản 2 Điều 10 Nghị định số 168/2024/NĐ-CP (được sửa đổi, bổ sung bởi Nghị định số 238/2026/NĐ-CP).

Mức xử phạt chi tiết:
1. Khung phạt từ 150.000 đồng đến 250.000 đồng (khoản 1 Điều 10 Nghị định 168/2024/NĐ-CP) đối với các hành vi:
- Không đi đúng phần đường quy định; vượt qua dải phân cách; đi qua đường không đúng nơi quy định hoặc không có tín hiệu bằng tay theo quy định (điểm a).
- Không chấp hành hiệu lệnh hoặc chỉ dẫn của đèn tín hiệu, biển báo hiệu, vạch kẻ đường (điểm b).
- Không chấp hành hiệu lệnh, hướng dẫn của người điều khiển giao thông hoặc người kiểm soát giao thông (điểm c).
2. Khung phạt từ 400.000 đồng đến 600.000 đồng (khoản 2 Điều 10 Nghị định 168/2024/NĐ-CP) đối với các hành vi:
- Đi vào đường cao tốc, trừ người phục vụ việc quản lý, bảo trì đường cao tốc (điểm a).
- Mang, vác vật cồng kềnh gây cản trở giao thông (điểm b).
- Đu, bám vào phương tiện giao thông đang chạy (điểm c).",https://pbgdpl.gialai.gov.vn/uploads/tailieuhoidapphapluat/11-2020/hoi-dap-xu-phat-vi-pham-hanh-chinh_curves_compressed.pdf,
220,"Chị Mai Ngọc H cư trú tại xã NH, huyện AN hỏi: Toi thuong thay tren địa ban thanh pho QN xuất hiện người điều khiển xe ngựa chở du khách chạy trên đường. Tôi muốn hỏi, pháp luật hiện hành quy định xử phạt vi phạm hành chính đối với người điều khiển xe súc vật kéo có hành vi không dọn sạch chất thải của súc vật thải ra đường, hè phố như thế nào?","Người điều khiển, dẫn dắt vật nuôi, điều khiển xe súc vật kéo không dọn sạch chất thải của vật nuôi thải ra đường, hè phố sẽ bị phạt tiền từ 150.000 đồng đến 250.000 đồng.

Căn cứ pháp lý:
- Điều 32 Luật Trật tự, an toàn giao thông đường bộ số 36/2024/QH15 (người điều khiển, dẫn dắt vật nuôi, điều khiển xe vật nuôi kéo đi trên đường bộ).
- Điểm c khoản 1 Điều 11 Nghị định số 168/2024/NĐ-CP (được sửa đổi, bổ sung bởi Nghị định số 238/2026/NĐ-CP).

Mức xử phạt cụ thể:
Căn cứ điểm c khoản 1 Điều 11 Nghị định 168/2024/NĐ-CP, phạt tiền từ 150.000 đồng đến 250.000 đồng đối với hành vi: ""Không đủ dụng cụ đựng chất thải của vật nuôi hoặc không dọn sạch chất thải của vật nuôi thải ra đường, vỉa hè"".",https://pbgdpl.gialai.gov.vn/uploads/tailieuhoidapphapluat/11-2020/hoi-dap-xu-phat-vi-pham-hanh-chinh_curves_compressed.pdf,
221,Pháp luật hiện hành quy định xử phạt vi phạm hành chính đối với người đang điều khiển phương tiện giao thông đường bộ mà dắt suc vật chạy theo như thế nào?,"Người đang điều khiển hoặc ngồi trên phương tiện giao thông đường bộ mà dẫn dắt vật nuôi (súc vật) chạy theo sẽ bị phạt tiền từ 400.000 đồng đến 600.000 đồng.

Căn cứ pháp lý:
- Điều 32, điểm đ khoản 3 Điều 33 Luật Trật tự, an toàn giao thông đường bộ số 36/2024/QH15.
- Điểm b khoản 2 Điều 11 Nghị định số 168/2024/NĐ-CP (được sửa đổi, bổ sung bởi Nghị định số 238/2026/NĐ-CP).

Mức xử phạt cụ thể:
Căn cứ điểm b khoản 2 Điều 11 Nghị định 168/2024/NĐ-CP, phạt tiền từ 400.000 đồng đến 600.000 đồng đối với một trong các hành vi vi phạm: ""Dẫn dắt vật nuôi chạy theo khi đang điều khiển hoặc ngồi trên phương tiện giao thông đường bộ"".",https://pbgdpl.gialai.gov.vn/uploads/tailieuhoidapphapluat/11-2020/hoi-dap-xu-phat-vi-pham-hanh-chinh_curves_compressed.pdf,
222,Pháp luật hiện hành quy định xử phạt vi phạm hành chính đối với người được chở trên xe mô tô không đội mũ bảo hiểm cho người đi mô tô như thế nào?,"Người được chở trên xe mô tô, xe gắn máy không đội mũ bảo hiểm cho người đi mô tô, xe máy (hoặc đội nhưng không cài quai đúng quy cách) sẽ bị phạt tiền từ 400.000 đồng đến 600.000 đồng. Đồng thời, người điều khiển xe chở người đó cũng bị phạt tiền từ 400.000 đồng đến 600.000 đồng.

Căn cứ pháp lý:
- Khoản 2 Điều 33 Luật Trật tự, an toàn giao thông đường bộ số 36/2024/QH15.
- Điểm b khoản 5 Điều 12 Nghị định số 168/2024/NĐ-CP (được sửa đổi, bổ sung bởi Nghị định số 238/2026/NĐ-CP) (xử phạt người được chở).
- Điểm b khoản 5 Điều 12 Nghị định số 168/2024/NĐ-CP (được sửa đổi, bổ sung bởi Nghị định số 238/2026/NĐ-CP) (xử phạt người được chở).

Mức xử phạt cụ thể:
1.Đối với bản thân người được chở: Căn cứ điểm b khoản 5 Điều 12 Nghị định 168/2024/NĐ-CP, phạt tiền từ 400.000 đồng đến 600.000 đồng đối với hành vi: ""Không đội “mũ bảo hiểm cho người đi mô tô, xe máy” hoặc đội “mũ bảo hiểm cho người đi mô tô, xe máy” không cài quai đúng quy cách khi tham gia giao thông trên đường bộ"".
2. Đối với người lái xe: Phạt tiền từ 400.000 đồng đến 600.000 đồng theo điểm i khoản 2 Điều 7 Nghị định 168/2024/NĐ-CP (trừ trường hợp chở người bệnh đi cấp cứu, trẻ em dưới 06 tuổi, áp giải người vi phạm pháp luật).",https://pbgdpl.gialai.gov.vn/uploads/tailieuhoidapphapluat/11-2020/hoi-dap-xu-phat-vi-pham-hanh-chinh_curves_compressed.pdf,
223,"Ba Nguyễn Thị M, cu tru tại xã A, huyện AN có hỏi: Vừa qua, tôi đi công việc bằng ô tô dịch vụ Grap. Khi lên xe, tôi không thắt dây an toàn nên được tài xế nhắc nhở. Tôi muốn hỏi, pháp luật hiện hành quy định xử phạt vi phạm hành chính đối với người được chở trên xe ô tô không thắt dây an toàn (tại vị trí ngồi có trang bị dây an toàn) khi xe đang chạy như thế nào?","Người được chở trên xe ô tô không thắt dây an toàn (tại vị trí có trang bị dây an toàn) khi xe đang chạy sẽ bị xử phạt vi phạm hành chính từ 350.000 đồng đến 400.000 đồng.

Căn cứ pháp lý:
- Khoản 2 Điều 10 Luật Trật tự, an toàn giao thông đường bộ số 36/2024/QH15.
- Khoản 4 Điều 12 Nghị định số 168/2024/NĐ-CP.

Nội dung quy định và mức xử phạt cụ thể:
1. Quy tắc giao thông:
Căn cứ khoản 2 Điều 10 Luật Trật tự, an toàn giao thông đường bộ số 36/2024/QH15, người lái xe và người được chở trên xe ô tô phải thắt dây đai an toàn tại những chỗ có trang bị dây đai an toàn khi tham gia giao thông trên đường bộ.
2. Xử phạt đối với người được chở:
Căn cứ khoản 4 Điều 12 Nghị định số 168/2024/NĐ-CP, phạt tiền từ 350.000 đồng đến 400.000 đồng đối với người được chở trên xe ô tô không thắt dây đai an toàn (tại vị trí có trang bị dây đai an toàn) khi xe đang chạy. (Lưu ý phân biệt: Đối với người điều khiển xe ô tô chở người không thắt dây an toàn hoặc bản thân lái xe không thắt dây an toàn khi xe đang chạy sẽ bị phạt tiền từ 600.000 đồng đến 800.000 đồng theo điểm k, điểm l khoản 3 Điều 6 Nghị định số 168/2024/NĐ-CP).",https://pbgdpl.gialai.gov.vn/uploads/tailieuhoidapphapluat/11-2020/hoi-dap-xu-phat-vi-pham-hanh-chinh_curves_compressed.pdf,
224,"Pháp luật xử lý vi phạm hành chính hiện hành quy định mức phạt tiền như thế nào đối với người được chở trên xe mô tô, xe gắn máy (kể cả xe máy điện), các loại xe tương tự xe mô tô, các loại xe tương tự xe gắn máy bám, kéo, đẩy xe khác, vật khác, dẫn dắt súc vật, mang vác vật cồng kềnh, đứng trên yên, giá đèo hàng hoặc ngồi trên tay lái?","Người được chở trên xe mô tô, xe gắn máy thực hiện các hành vi bám, kéo, đẩy xe khác, vật khác, dẫn dắt súc vật, mang vác vật cồng kềnh, đứng trên yên, giá đèo hàng hoặc ngồi trên tay lái sẽ bị phạt tiền từ 400.000 đồng đến 600.000 đồng.

Căn cứ pháp lý:
- Khoản 4 Điều 33 Luật Trật tự, an toàn giao thông đường bộ số 36/2024/QH15.
- Điểm a khoản 5 Điều 12 Nghị định số 168/2024/NĐ-CP (được sửa đổi, bổ sung bởi Nghị định số 238/2026/NĐ-CP).

Nội dung quy định và mức xử phạt cụ thể:
1. Quy định cấm đối với người được chở:
Căn cứ khoản 4 Điều 33 Luật Trật tự, an toàn giao thông đường bộ số 36/2024/QH15, người được chở trên xe mô tô hai bánh, xe mô tô ba bánh, xe gắn máy khi tham gia giao thông không được thực hiện các hành vi: mang, vác vật cồng kềnh; bám, kéo hoặc đẩy xe khác, vật khác; dẫn dắt súc vật; đứng trên yên, giá đèo hàng hoặc ngồi trên tay lái; các hành vi khác gây mất trật tự, an toàn giao thông.
2. Mức xử phạt vi phạm hành chính:
Căn cứ điểm a khoản 5 Điều 12 Nghị định số 168/2024/NĐ-CP, phạt tiền từ 400.000 đồng đến 600.000 đồng đối với người được chở trên xe mô tô, xe gắn máy, các loại xe tương tự xe mô tô và các loại xe tương tự xe gắn máy thực hiện hành vi: ""Bám, kéo hoặc đẩy xe khác, vật khác, dẫn dắt súc vật, mang vác vật cồng kềnh, đứng trên yên, giá đèo hàng hoặc ngồi trên tay lái"".",https://pbgdpl.gialai.gov.vn/uploads/tailieuhoidapphapluat/11-2020/hoi-dap-xu-phat-vi-pham-hanh-chinh_curves_compressed.pdf,
225,"Pháp luật hiện hành quy định xử phạt vi phạm hành chính đối với cá nhân có hành vi phơi thóc, lúa, rơm, rạ, nông, lâm, hải sản trên đường bộ; đặt máy tuốt lúa trên đường bộ như thế nào?","Hành vi phơi thóc, lúa, rơm, rạ, nông, lâm, hải sản trên đường bộ; đặt máy tuốt lúa trên đường bộ bị xử phạt vi phạm hành chính từ 200.000 đồng đến 250.000 đồng đối với cá nhân (từ 400.000 đồng đến 500.000 đồng đối với tổ chức) và buộc phải thu dọn ngay.

Căn cứ pháp lý:
- Khoản 20 Điều 9 Luật Trật tự, an toàn giao thông đường bộ số 36/2024/QH15; Khoản 1, Khoản 3 Điều 7 Luật Đường bộ số 35/2024/QH15.
- Điểm g khoản 2 Điều 12, điểm a khoản 5 Điều 45 Nghị định số 168/2024/NĐ-CP (được sửa đổi, bổ sung bởi Nghị định số 238/2026/NĐ-CP).

Chế tài xử lý cụ thể:
1. Phạt tiền:
Căn cứ điểm g khoản 2 Điều 12 Nghị định số 168/2024/NĐ-CP, phạt tiền từ 200.000 đồng đến 250.000 đồng đối với cá nhân (từ 400.000 đồng đến 500.000 đồng đối với tổ chức) thực hiện hành vi: ""Phơi thóc, lúa, rơm, rạ, nông, lâm, hải sản trên đường bộ; đặt máy tuốt lúa trên đường bộ"".
2. Biện pháp khắc phục hậu quả:
Căn cứ điểm a khoản 5 Điều 45 Nghị định số 168/2024/NĐ-CP, buộc thu dọn thóc, lúa, rơm, rạ, nông, lâm, hải sản, máy tuốt lúa trên đường bộ để hoàn trả mặt đường an toàn, thông thoáng.",https://pbgdpl.gialai.gov.vn/uploads/tailieuhoidapphapluat/11-2020/hoi-dap-xu-phat-vi-pham-hanh-chinh_curves_compressed.pdf,
226,Pháp luật hiện hành quy định xử phạt vi phạm hành chính đối với cá nhân có hành vi trồng cây trong phạm vi đất dành cho đường bo lam che khuất tam nhìn của người điều khiển phương tiện giao thông như thế nào?,"Cá nhân trồng cây trong phạm vi đất dành cho kết cấu hạ tầng đường bộ làm che khuất tầm nhìn của người điều khiển phương tiện giao thông hoặc che lấp báo hiệu đường bộ bị phạt tiền từ 500.000 đồng đến 1.000.000 đồng và buộc phải di dời cây trồng.

Căn cứ pháp lý:
- Khoản 2, khoản 4 Điều 16 Luật Đường bộ số 35/2024/QH15.
- Khoản 2, khoản 4 Điều 16 Luật Đường bộ số 35/2024/QH15.

Chế tài xử phạt cụ thể:
1. Mức phạt tiền:
Căn cứ khoản 1 Điều 5 Nghị định số 336/2025/NĐ-CP, phạt tiền từ 500.000 đồng đến 1.000.000 đồng đối với cá nhân (từ 1.000.000 đồng đến 2.000.000 đồng đối với tổ chức) thực hiện hành vi: Trồng cây trong phạm vi hành lang an toàn đường bộ làm che khuất tầm nhìn của người điều khiển phương tiện giao thông hoặc che lấp báo hiệu đường bộ.
2. Biện pháp khắc phục hậu quả:
Căn cứ điểm a khoản 7 Điều 5 Nghị định số 336/2025/NĐ-CP, buộc di dời cây trồng che khuất tầm nhìn của người điều khiển phương tiện, biển báo hiệu đường bộ.",https://pbgdpl.gialai.gov.vn/uploads/tailieuhoidapphapluat/11-2020/hoi-dap-xu-phat-vi-pham-hanh-chinh_curves_compressed.pdf,
227,"Pháp luật hiện hành quy định xử phạt vi phạm hành chính đối với cá nhân có hành vi dựng cổng chào hoặc các vật che chắn khác trai quy định trong phạm vi đất dành cho đuờng bộ gay ảnh huong đến trật tự, an toàn giao thông đường bộ như thế nào?","Cá nhân có hành vi dựng cổng chào hoặc các vật che chắn khác trái quy định trong phạm vi đất dành cho kết cấu hạ tầng đường bộ gây ảnh hưởng đến trật tự, an toàn giao thông đường bộ bị phạt tiền từ 1.000.000 đồng đến 2.000.000 đồng và buộc tháo dỡ công trình dựng trái phép.

Căn cứ pháp lý:
- Điều 16, Điều 18 Luật Đường bộ số 35/2024/QH15.
- Điểm a khoản 2 Điều 5, điểm b khoản 7 Điều 5 Nghị định số 336/2025/NĐ-CP.

Chế tài xử phạt cụ thể:
1. Mức phạt tiền:
Căn cứ điểm a khoản 2 Điều 5 Nghị định số 336/2025/NĐ-CP, phạt tiền từ 1.000.000 đồng đến 2.000.000 đồng đối với cá nhân (từ 2.000.000 đồng đến 4.000.000 đồng đối với tổ chức) thực hiện hành vi: Dựng cổng chào, bảng tuyên truyền hoặc các vật che chắn khác trái quy định trong phạm vi đất dành cho kết cấu hạ tầng đường bộ gây ảnh hưởng đến trật tự, an toàn giao thông đường bộ.
2. Biện pháp khắc phục hậu quả:
Căn cứ điểm a khoản 7 Điều 5 Nghị định số 336/2025/NĐ-CP, buộc tháo dỡ cổng chào, vật che chắn dựng trái quy định và khôi phục lại tình trạng ban đầu của đất dành cho kết cấu hạ tầng đường bộ.",https://pbgdpl.gialai.gov.vn/uploads/tailieuhoidapphapluat/11-2020/hoi-dap-xu-phat-vi-pham-hanh-chinh_curves_compressed.pdf,
228,"Pháp luật hiện hành quy định xử phạt vi phạm hành chính đối với cá nhân có hành vi bày, bán máy móc, thiết bị, vật tư, vật liệu xây dựng hoặc sản xuất, gia công hàng hóa trên lòng đường đô thị, hè phố như thế nào?","Cá nhân có hành vi bày, bán máy móc, thiết bị, vật tư, vật liệu xây dựng hoặc sản xuất, gia công hàng hóa trên lòng đường đô thị, hè phố bị phạt tiền từ 3.000.000 đồng đến 5.000.000 đồng và buộc phải thu dọn toàn bộ vật tư, thiết bị vi phạm.

Căn cứ pháp lý:
- Khoản 20 Điều 9, Điều 77 Luật Trật tự, an toàn giao thông đường bộ số 36/2024/QH15; Khoản 3 Điều 7 Luật Đường bộ số 35/2024/QH15.
- Khoản 9 Điều 12, điểm a khoản 5 Điều 45 Nghị định số 168/2024/NĐ-CP (được sửa đổi, bổ sung bởi Nghị định số 238/2026/NĐ-CP).

Chế tài xử phạt cụ thể:
1. Mức phạt tiền:
Căn cứ khoản 9 Điều 12 Nghị định số 168/2024/NĐ-CP, phạt tiền từ 3.000.000 đồng đến 5.000.000 đồng đối với cá nhân (từ 6.000.000 đồng đến 10.000.000 đồng đối với tổ chức) thực hiện hành vi: Bày, bán máy móc, thiết bị, vật tư, vật liệu xây dựng hoặc sản xuất, gia công hàng hóa trên lòng đường đô thị, hè phố;
2. Biện pháp khắc phục hậu quả:
Căn cứ điểm a khoản 5 Điều 45 Nghị định số 168/2024/NĐ-CP, buộc thu dọn phương tiện, máy móc, thiết bị, hàng hóa, vật tư theo hướng dẫn của lực lượng chức năng tại nơi phát hiện vi phạm.",https://pbgdpl.gialai.gov.vn/uploads/tailieuhoidapphapluat/11-2020/hoi-dap-xu-phat-vi-pham-hanh-chinh_curves_compressed.pdf,
229,"Pháp luật hiện hành quy định xử phạt vi phạm hành chính đối với tổ chức có hành vi để vật liệu, đất đá, phương tiện thi công ngoài phạm vi thi công gây cản trở giao thông như thế nào?","Tổ chức có hành vi để vật liệu, đất đá, phương tiện thi công ngoài phạm vi thi công gây cản trở giao thông bị xử phạt vi phạm hành chính từ 6.000.000 đồng đến 10.000.000 đồng và buộc phải thu dọn ngay vật liệu, phương tiện cản trở giao thông.

Căn cứ pháp lý:
- Điều 32 Luật Đường bộ số 35/2024/QH15; Khoản 20 Điều 9 Luật Trật tự, an toàn giao thông đường bộ số 36/2024/QH15.
- Điểm b khoản 2 Điều 8, điểm a khoản 8 Điều 8 Nghị định số 336/2025/NĐ-CP.

Chế tài xử phạt cụ thể:
1. Mức phạt tiền:
Căn cứ điểm b khoản 2 Điều 8 Nghị định số 336/2025/NĐ-CP, phạt tiền từ 3.000.000 đồng đến 5.000.000 đồng đối với cá nhân, từ 6.000.000 đồng đến 10.000.000 đồng đối với tổ chức thực hiện hành vi: ""Để vật liệu, đất đá, phương tiện thi công ngoài phạm vi thi công gây cản trở giao thông"". Do đối tượng vi phạm là tổ chức, mức phạt tiền áp dụng là từ 6.000.000 đồng đến 10.000.000 đồng.
2. Biện pháp khắc phục hậu quả:
Căn cứ điểm a khoản 8 Điều 8 Nghị định số 336/2025/NĐ-CP, buộc phải thu dọn phương tiện, vật tư, vật liệu, đất đá và các vật cản khác gây cản trở giao thông, đưa vào đúng phạm vi thi công hoặc di dời trả lại mặt bằng lưu thông an toàn.",https://pbgdpl.gialai.gov.vn/uploads/tailieuhoidapphapluat/11-2020/hoi-dap-xu-phat-vi-pham-hanh-chinh_curves_compressed.pdf,
230,Pháp luật hiện hành quy định xử phạt vi phạm hành chính đối với cá nhân có hành vi thi công trên đường bộ đang khai thác không có biện pháp bảo đảm an toàn giao thông thông suốt để xảy ra ùn tắc giao thông nghiêm trọng như thế nào?,"Cá nhân thi công trên đường bộ đang khai thác không có biện pháp bảo đảm an toàn giao thông thông suốt để xảy ra ùn tắc giao thông nghiêm trọng bị phạt tiền từ 5.000.000 đồng đến 7.000.000 đồng và bị đình chỉ hoạt động thi công từ 04 đến 10 ngày.

Căn cứ pháp lý:
- Điều 32 Luật Đường bộ số 35/2024/QH15.
- Điểm a khoản 3 Điều 8, khoản 7 Điều 8 Nghị định số 336/2025/NĐ-CP.

Chế tài xử phạt cụ thể:
1. Mức phạt tiền:
Căn cứ điểm a khoản 3 Điều 8 Nghị định số 336/2025/NĐ-CP, phạt tiền từ 5.000.000 đồng đến 7.000.000 đồng đối với cá nhân (từ 10.000.000 đồng đến 14.000.000 đồng đối với tổ chức) thực hiện hành vi: Thi công trên đường bộ đang khai thác không thực hiện đúng, đầy đủ biện pháp tổ chức giao thông để xảy ra ùn tắc giao thông.
2. Hình thức xử phạt bổ sung:
Căn cứ khoản 7 Điều 8 Nghị định số 336/2025/NĐ-CP, cá nhân/tổ chức vi phạm còn bị áp dụng hình thức xử phạt bổ sung: Đình chỉ hoạt động thi công từ 04 ngày đến 10 ngày đối với công trình thi công vi phạm.",https://pbgdpl.gialai.gov.vn/uploads/tailieuhoidapphapluat/11-2020/hoi-dap-xu-phat-vi-pham-hanh-chinh_curves_compressed.pdf,
231,"Pháp luật hiện hành quy định xử phạt vi phạm hành chính đối với các hành vi vi phạm về xây dựng bến xe, bãi đỗ xe, trạm dừng nghỉ, trạm thu phí đường bộ như thế nào?","Pháp luật hiện hành quy định xử phạt vi phạm hành chính đối với các hành vi vi phạm về xây dựng, quản lý, khai thác bến xe, bãi đỗ xe, trạm dừng nghỉ và trạm thu phí đường bộ tại Nghị định số 336/2025/NĐ-CP.

Căn cứ pháp lý:
- Điều 39, Điều 43 Luật Đường bộ số 35/2024/QH15.
- Điều 5, Điều 10, Điều 12 Nghị định số 336/2025/NĐ-CP.

Các nhóm hành vi và mức xử phạt cụ thể:
1. Vi phạm về xây dựng, đưa vào hoạt động, quản lý khai thác bến xe, bãi đỗ xe, trạm dừng nghỉ (Điều 5, Điều 12 Nghị định số 336/2025/NĐ-CP): 
- Xây dựng bến xe, bãi đỗ xe, trạm dừng nghỉ không đúng quy chuẩn kỹ thuật quốc gia hoặc xây dựng trái phép trong phạm vi đất dành cho đường bộ: phạt từ 15.000.000 đồng đến 20.000.000 đồng đối với cá nhân, từ 30.000.000 đồng đến 40.000.000 đồng đối với tổ chức (điểm đ khoản 6 Điều 5); buộc phá dỡ công trình xây dựng không có giấy phép hoặc không đúng giấy phép. 
- Công bố, công bố lại bến xe, trạm dừng nghỉ không đúng quy định: phạt từ 5.000.000 đồng đến 10.000.000 đồng đối với cá nhân, từ 10.000.000 đồng đến 20.000.000 đồng đối với tổ chức (khoản 4 Điều 12). 
- Bến xe không xây dựng hoặc thực hiện không đúng quy trình đảm bảo an toàn giao thông cho xe ra, vào bến; niêm yết không đầy đủ thông tin tại bến xe: phạt từ 12.000.000 đồng đến 16.000.000 đồng đối với cá nhân, từ 24.000.000 đồng đến 32.000.000 đồng đối với tổ chức (khoản 6 Điều 12). 
2. Vi phạm về trạm thu phí đường bộ và hệ thống thanh toán điện tử (Điều 10 Nghị định số 336/2025/NĐ-CP): 
- Đơn vị quản lý, vận hành trạm thu phí không thực hiện bảo trì tài sản trạm thu phí; tự ý tháo dỡ, thanh lý tài sản; không thực hiện hiệu chuẩn, kiểm định nhóm thiết bị cần hiệu chuẩn, kiểm định theo quy định: phạt tiền từ 30.000.000 đồng đến 50.000.000 đồng đối với tổ chức (khoản 4 Điều 10). 
- Không thực hiện đúng quy trình quản lý, vận hành trạm thu phí để xảy ra ùn tắc giao thông kéo dài (số lượng xe ô tô xếp hàng chờ trước trạm thu phí trên một làn xe từ 750 m trở lên hoặc thời gian đi qua trạm thu phí của một xe lớn hơn 15 phút): phạt tiền từ 50.000.000 đồng đến 70.000.000 đồng đối với tổ chức (khoản 5 Điều 10).",https://pbgdpl.gialai.gov.vn/uploads/tailieuhoidapphapluat/11-2020/hoi-dap-xu-phat-vi-pham-hanh-chinh_curves_compressed.pdf,
232,"Pháp luật hiện hành quy định xử phạt vi phạm hành chính đối với cá nhân có hành vi chăn dắt súc vật ở mái đường; buộc súc vật vào hàng cây hai bên đường hoặc vào cọc tiêu, biển báo, rào chắn, các công trình phụ trợ của giao thông đường bộ như thế nào?","Cá nhân có hành vi chăn dắt súc vật ở mái đường; buộc súc vật vào hàng cây hai bên đường hoặc vào cọc tiêu, biển báo, rào chắn, các công trình phụ trợ của kết cấu hạ tầng đường bộ bị phạt cảnh cáo hoặc phạt tiền từ 100.000 đồng đến 200.000 đồng.

Căn cứ pháp lý:
- Khoản 2 Điều 16 Luật Đường bộ số 35/2024/QH15; Khoản 3 Điều 32 Luật Trật tự, an toàn giao thông đường bộ số 36/2024/QH15.
- Khoản 1 Điều 9 Nghị định số 336/2025/NĐ-CP.

Chế tài xử phạt cụ thể:
Căn cứ khoản 1 Điều 9 Nghị định số 336/2025/NĐ-CP, phạt cảnh cáo hoặc phạt tiền từ 100.000 đồng đến 200.000 đồng đối với cá nhân (từ 200.000 đồng đến 400.000 đồng đối với tổ chức) thực hiện một trong các hành vi vi phạm:
- Chăn thả súc vật ở mái đường, taluy đường bộ;
- Buộc súc vật vào hàng cây hai bên đường hoặc vào cọc tiêu, biển báo hiệu, rào chắn, các công trình phụ trợ khác của kết cấu hạ tầng đường bộ.
(Lưu ý: Nếu để vật nuôi đi trên đường bộ không bảo đảm an toàn hoặc không dọn sạch chất thải của vật nuôi thải ra đường, vỉa hè, người điều khiển/dẫn dắt còn bị xử phạt theo Điều 11 Nghị định số 168/2024/NĐ-CP [được sửa đổi, bổ sung bởi Nghị định số 238/2026/NĐ-CP]; trường hợp để súc vật gây tai nạn giao thông nghiêm trọng thì chủ sở hữu súc vật phải bồi thường thiệt hại theo Điều 603 Bộ luật Dân sự 2015 hoặc có thể bị xem xét trách nhiệm hình sự theo Điều 260 Bộ luật Hình sự 2015).",https://pbgdpl.gialai.gov.vn/uploads/tailieuhoidapphapluat/11-2020/hoi-dap-xu-phat-vi-pham-hanh-chinh_curves_compressed.pdf,
233,"Tôi có một chiếc ô tô bán tải đã cũ, chủ yếu được sử dụng để chở hàng ở gần. Vì nghĩ xe chở hàng gần nên khi kính chắn gió bị bể tôi đã tháo ra và không lắp lại cái mới. Tôi muốn hỏi, pháp luật hiện hành quy định xử phạt vi phạm hành chính đối với người điều khiển xe ô tô không có kính chắn gió như thế nào?","Người điều khiển xe ô tô không có kính chắn gió hoặc kính chắn gió bị vỡ đến mức không có tác dụng bị phạt tiền từ 200.000 đồng đến 400.000 đồng và buộc phải lắp lại kính chắn gió đúng tiêu chuẩn kỹ thuật trước khi tiếp tục tham gia giao thông.

Căn cứ pháp lý:
- Điểm b khoản 1 Điều 35 Luật Trật tự, an toàn giao thông đường bộ số 36/2024/QH15.
- Khoản 1 Điều 13, điểm a khoản 11 Điều 13 Nghị định số 168/2024/NĐ-CP (được sửa đổi, bổ sung bởi Nghị định số 238/2026/NĐ-CP).

Chế tài xử phạt cụ thể:
1. Mức phạt tiền:
Căn cứ khoản 1 Điều 13 Nghị định số 168/2024/NĐ-CP, phạt tiền từ 200.000 đồng đến 400.000 đồng đối với người điều khiển xe ô tô thực hiện hành vi: ""Điều khiển xe không có kính chắn gió hoặc có nhưng vỡ không có tác dụng (đối với xe có thiết kế lắp kính chắn gió)"".
2. Biện pháp khắc phục hậu quả:
Căn cứ điểm a khoản 11 Điều 13 Nghị định số 168/2024/NĐ-CP, buộc phải lắp đầy đủ thiết bị hoặc thay thế thiết bị đủ tiêu chuẩn, quy chuẩn an toàn kỹ thuật trước khi tiếp tục điều khiển phương tiện tham gia giao thông.",https://pbgdpl.gialai.gov.vn/uploads/tailieuhoidapphapluat/11-2020/hoi-dap-xu-phat-vi-pham-hanh-chinh_curves_compressed.pdf,
234,"Xe ô tô của tôi bị cháy một đèn chiếu sáng phía trước, tuy nhiên vì thấy còn một đèn vẫn đủ ánh sáng khi tôi tham gia giao thông vào ban đêm nên tôi chưa thay. Gần đây, khi tham gia giao thông, tôi bị Đội tuần tra giao thông của Công an thành phố H chặn lại kiểm tra và lập biên bản xử phạt vi phạm hành chính đối với hành vi điều khiển xe không đủ đèn chiếu sáng. Tôi muốn hỏi, người điều khiển xe ô tô không có đủ đèn chiếu sáng theo quy định bị xử phạt vi phạm hành chính như thế nào?","Người điều khiển xe ô tô không có đủ đèn chiếu sáng hoặc có nhưng không có tác dụng bị phạt tiền từ 400.000 đồng đến 600.000 đồng và buộc phải sửa chữa, lắp đủ đèn chiếu sáng đạt chuẩn kỹ thuật.

Căn cứ pháp lý:
- Điểm b khoản 1 Điều 35 Luật Trật tự, an toàn giao thông đường bộ số 36/2024/QH15.
- Điểm b khoản 1 Điều 35 Luật Trật tự, an toàn giao thông đường bộ số 36/2024/QH15.

Chế tài xử phạt cụ thể:
1. Mức phạt tiền:
Căn cứ điểm a khoản 2 Điều 13 Nghị định số 168/2024/NĐ-CP, phạt tiền từ 400.000 đồng đến 600.000 đồng đối với người điều khiển xe ô tô (kể cả rơ moóc và sơ mi rơ moóc) thực hiện hành vi: ""Điều khiển xe không có đủ đèn chiếu sáng, đèn soi biển số, đèn báo hãm, đèn tín hiệu, cần gạt nước, gương chiếu hậu, dây đai an toàn, dụng cụ thoát hiểm, thiết bị chữa cháy, đồng hồ báo áp lực hơi, đồng hồ báo tốc độ của xe hoặc có những thiết bị đó nhưng không có tác dụng, không đúng tiêu chuẩn thiết kế"". Trường hợp xe ô tô bị cháy 01 đèn chiếu sáng phía trước cấu thành hành vi điều khiển xe không có đủ đèn chiếu sáng theo quy định.
2. Biện pháp khắc phục hậu quả:
Căn cứ điểm a khoản 11 Điều 13 Nghị định số 168/2024/NĐ-CP, buộc phải thay thế, sửa chữa hoặc lắp đầy đủ đèn chiếu sáng đạt chuẩn kỹ thuật trước khi tiếp tục đưa phương tiện tham gia giao thông.",https://pbgdpl.gialai.gov.vn/uploads/tailieuhoidapphapluat/11-2020/hoi-dap-xu-phat-vi-pham-hanh-chinh_curves_compressed.pdf,
235,"Tôi mới mua chiếc ô tô 04 chỗ, vì muốn xe đẹp hơn nên đã thuê người lắp thêm bộ đèn led dưới gầm xe. Trong quá trình lắp ráp thì có người cho tôi biết nếu làm vậy thì sẽ bị xử phạt vi phạm hành chính. Tôi muốn hỏi, việc điều khiển xe có lắp thêm bộ đèn led dưới gầm có bị xử phạt vi phạm hành chính không?","Việc điều khiển xe ô tô lắp thêm bộ đèn LED dưới gầm xe là vi phạm pháp luật và bị phạt tiền từ 1.000.000 đồng đến 2.000.000 đồng, đồng thời buộc phải tháo bỏ toàn bộ thiết bị đèn lắp thêm không đúng quy định.

Căn cứ pháp lý:
- Khoản 16 Điều 9 Luật Trật tự, an toàn giao thông đường bộ số 36/2024/QH15.
-Điểm a khoản 3 Điều 13, điểm b khoản 11 Điều 13 Nghị định số 168/2024/NĐ-CP (được sửa đổi, bổ sung bởi Nghị định số 238/2026/NĐ-CP).

Chế tài xử phạt cụ thể:
1. Mức phạt tiền:
Căn cứ điểm a khoản 3 Điều 13 Nghị định số 168/2024/NĐ-CP, phạt tiền từ 1.000.000 đồng đến 2.000.000 đồng đối với người điều khiển xe ô tô thực hiện hành vi: ""Lắp thêm đèn phía trước, phía sau, trên nóc, dưới gầm, một hoặc cả hai bên thành xe (trừ đèn sương mù dạng rời được lắp đặt theo đúng quy định của nhà sản xuất)"".
2. Biện pháp khắc phục hậu quả:
Căn cứ điểm b khoản 11 Điều 13 Nghị định số 168/2024/NĐ-CP, buộc phải tháo bỏ toàn bộ bộ đèn LED lắp thêm dưới gầm xe để khôi phục lại tính năng kỹ thuật ban đầu của phương tiện.",https://pbgdpl.gialai.gov.vn/uploads/tailieuhoidapphapluat/11-2020/hoi-dap-xu-phat-vi-pham-hanh-chinh_curves_compressed.pdf,
236,"Trong một lần tham gia giao thông, xe ô tô của tôi có va quẹt với xe máy làm biển số xe bị trầy xước va bẻ cong nhưng toi chưa có thời gian để khắc phục. Mới đây khi tham gia giao thông tôi bị Công an giao thông huyện K lập biên bản do gắn biển số bị bẻ cong. Tôi muốn hỏi, người điều khiển xe ô tô có gắn biển số bị bẻ cong sẽ bị xử phạt vi phạm hành chính như thế nào?","Người điều khiển xe ô tô gắn biển số bị bẻ cong, che lấp, làm thay đổi chữ, số, kích thước biển số bị phạt tiền từ 20.000.000 đồng đến 26.000.000 đồng, bị trừ 06 điểm GPLX và buộc khôi phục lại biển số đúng quy định.

Căn cứ pháp lý:
- Khoản 17 Điều 9 Luật Trật tự, an toàn giao thông đường bộ số 36/2024/QH15. 
- Điểm b khoản 8 Điều 13 (được sửa đổi bởi Điều 3 Nghị định số 238/2026/NĐ-CP), điểm a khoản 11 Điều 13, điểm b khoản 13 Điều 13 Nghị định số 168/2024/NĐ-CP.

Chế tài xử phạt cụ thể:
1. Mức phạt tiền:
Căn cứ điểm b khoản 8 Điều 13 Nghị định số 168/2024/NĐ-CP (sửa đổi tại Điều 3 Nghị định số 238/2026/NĐ-CP), phạt tiền từ 20.000.000 đồng đến 26.000.000 đồng đối với người điều khiển xe ô tô (kể cả rơ moóc, sơ mi rơ moóc) thực hiện hành vi: ""Điều khiển xe không gắn đủ biển số hoặc gắn biển số không đúng vị trí, không đúng quy cách theo quy định; gắn biển số không rõ chữ, số hoặc sơn, dán lên chữ, số của biển số xe; gắn biển số bị bẻ cong, che lấp, làm thay đổi chữ, số, màu sắc, hình dạng, kích thước của biển số xe; sử dụng chất liệu, vật liệu, thiết bị làm thay đổi khả năng nhận diện thông tin biển số xe của phương tiện, thiết bị kỹ thuật nghiệp vụ"".
2. Trừ điểm giấy phép lái xe:
Căn cứ điểm b khoản 13 Điều 13 Nghị định số 168/2024/NĐ-CP, bị trừ 06 điểm giấy phép lái xe.
3. Biện pháp khắc phục hậu quả:
Căn cứ điểm a khoản 11 Điều 13 Nghị định số 168/2024/NĐ-CP, buộc thực hiện đúng quy định về biển số hoặc khôi phục lại tình trạng ban đầu đã bị thay đổi do vi phạm hành chính gây ra trước khi tiếp tục điều khiển phương tiện.",https://pbgdpl.gialai.gov.vn/uploads/tailieuhoidapphapluat/11-2020/hoi-dap-xu-phat-vi-pham-hanh-chinh_curves_compressed.pdf,
237,"Khi tham gia giao thông trên đường tôi có bắt gặp trường hợp xe ô tô tải chở hàng cơi nới thùng xe để chở được nhiều hơn. Tôi muốn hỏi, người có hành vi điều khiển xe ô tô tải có kích thước thùng xe không đúng thiết kế của nhà sản xuất sẽ bị xử phạt vi phạm hành chính như thế nào?","Người điều khiển xe ô tô tải có kích thước thùng xe không đúng thiết kế (cơi nới thùng xe) bị phạt tiền từ 2.000.000 đồng đến 3.000.000 đồng, bị trừ 02 điểm GPLX và buộc phải khôi phục lại kích thước ban đầu, đăng kiểm lại trước khi lưu hành.

Căn cứ pháp lý:
- Khoản 11 Điều 9, điểm b khoản 1 Điều 35 Luật Trật tự, an toàn giao thông đường bộ số 36/2024/QH15. 
- Điểm b khoản 4 Điều 13, điểm a khoản 11 Điều 13, điểm a khoản 13 Điều 13 Nghị định số 168/2024/NĐ-CP (được sửa đổi, bổ sung bởi Nghị định số 238/2026/NĐ-CP).

Chế tài xử lý cụ thể:
1. Xử phạt đối với người điều khiển xe:
- Phạt tiền: Căn cứ điểm b khoản 4 Điều 13 Nghị định số 168/2024/NĐ-CP, phạt tiền từ 2.000.000 đồng đến 3.000.000 đồng đối với hành vi: ""Điều khiển xe ô tô tải (kể cả rơ moóc và sơ mi rơ moóc) có kích thước thùng xe không đúng với thông số kỹ thuật được ghi trong chứng nhận kiểm định an toàn kỹ thuật và bảo vệ môi trường của xe"".
- Trừ điểm GPLX: Bị trừ 02 điểm giấy phép lái xe theo điểm a khoản 13 Điều 13 Nghị định số 168/2024/NĐ-CP.
- Biện pháp khắc phục hậu quả: Căn cứ điểm a khoản 11 Điều 13 Nghị định số 168/2024/NĐ-CP, buộc khôi phục lại tình trạng ban đầu đã bị thay đổi do vi phạm hành chính gây ra.
2. Lưu ý xử phạt đối với chủ phương tiện:
- Đưa xe ô tô tải có kích thước thùng xe không đúng thông số kỹ thuật kiểm định tham gia giao thông: Phạt tiền từ 28.000.000 đồng đến 30.000.000 đồng đối với cá nhân, từ 56.000.000 đồng đến 60.000.000 đồng đối với tổ chức theo điểm h khoản 14 Điều 32 Nghị định số 168/2024/NĐ-CP. 
- Tự ý cải tạo kết cấu, hình dáng, kích thước thùng xe không đúng thiết kế: Phạt tiền từ 65.000.000 đồng đến 75.000.000 đồng đối với cá nhân, từ 130.000.000 đồng đến 150.000.000 đồng đối với tổ chức theo điểm c khoản 16 Điều 32 Nghị định số 168/2024/NĐ-CP. 
- Tước quyền sử dụng chứng nhận kiểm định và tem kiểm định từ 01 tháng đến 03 tháng (điểm d khoản 18 Điều 32) và buộc khôi phục lại hình dáng, kích thước ban đầu, đăng kiểm lại trước khi đưa phương tiện tham gia giao thông (điểm d khoản 19 Điều 32 Nghị định 168/2024/NĐ-CP).",https://pbgdpl.gialai.gov.vn/uploads/tailieuhoidapphapluat/11-2020/hoi-dap-xu-phat-vi-pham-hanh-chinh_curves_compressed.pdf,
238," Tôi la chủ của chiếc xe khách 35 chỗ, vận chuyển khách từ Quy Nhơn đi Gia Lai và ngược lại. Vì số lượng hành khách đi không nhiều, để thuận tiện trong việc vận chuyển thêm hàng hóa tôi đã cho người tháo bớt 02 hàng ghế cuối xe. Vừa qua, trên đường đi xe tôi bị lực lượng cảnh sát giao thông huyện K lập biên bản với hành vi vi phạm hành chính về việc tháo bớt ghế. Tôi muốn hỏi, người điều khien xe o to kinh doanh van tải hành khách tháo bớt ghế sẽ bị xử phạt vi phạm hành chính như thế nào?","Người điều khiển xe ô tô kinh doanh vận tải hành khách tháo bớt ghế trên xe không đúng thông số kỹ thuật bị phạt tiền từ 1.000.000 đồng đến 2.000.000 đồng và buộc phải lắp lại đầy đủ số ghế theo đúng thiết kế ban đầu.

Căn cứ pháp lý:
- Khoản 11 Điều 9, điểm b khoản 1 Điều 35 Luật Trật tự, an toàn giao thông đường bộ số 36/2024/QH15.
- Điểm d khoản 3 Điều 13, điểm b khoản 11 Điều 13 Nghị định số 168/2024/NĐ-CP (được sửa đổi, bổ sung bởi Nghị định số 238/2026/NĐ-CP).

Chế tài xử phạt cụ thể:
1. Xử phạt vi phạm hành chính đối với người điều khiển xe:
- Mức phạt tiền: Căn cứ điểm d khoản 3 Điều 13 Nghị định số 168/2024/NĐ-CP, phạt tiền từ 1.000.000 đồng đến 2.000.000 đồng đối với người điều khiển xe ô tô kinh doanh vận tải hành khách thực hiện hành vi: ""Lắp thêm hoặc tháo bớt ghế, giường nằm hoặc có kích thước khoang chở hành lý không đúng với thông số kỹ thuật được ghi trong chứng nhận kiểm định an toàn kỹ thuật và bảo vệ môi trường của xe"". Hành vi này không quy định bị trừ điểm giấy phép lái xe.
- Biện pháp khắc phục hậu quả: Căn cứ điểm b khoản 11 Điều 13 Nghị định số 168/2024/NĐ-CP, buộc phải khôi phục lại tính năng kỹ thuật của thiết bị, tháo bỏ thiết bị lắp thêm hoặc khôi phục lại tình trạng kỹ thuật ban đầu của xe.
2. Lưu ý xử phạt đối với chủ phương tiện:
Căn cứ điểm d khoản 11 Điều 32 Nghị định số 168/2024/NĐ-CP, chủ xe có hành vi ""Đưa xe ô tô kinh doanh vận tải hành khách lắp thêm hoặc tháo bớt ghế, giường nằm hoặc có kích thước khoang chở hành lý không đúng với thông số kỹ thuật ghi trong chứng nhận kiểm định tham gia giao thông"" sẽ bị phạt tiền từ 10.000.000 đồng đến 12.000.000 đồng đối với cá nhân (từ 20.000.000 đồng đến 24.000.000 đồng đối với tổ chức); bị tước quyền sử dụng chứng nhận kiểm định và tem kiểm định từ 01 tháng đến 03 tháng (điểm d khoản 18 Điều 32) và buộc khôi phục lại hình dáng, kích thước, tình trạng an toàn kỹ thuật ban đầu của xe, đăng kiểm lại trước khi đưa phương tiện tham gia giao thông (điểm d khoản 19 Điều 32).",https://pbgdpl.gialai.gov.vn/uploads/tailieuhoidapphapluat/11-2020/hoi-dap-xu-phat-vi-pham-hanh-chinh_curves_compressed.pdf,
239,"Tôi là chủ chiếc xe tải chuyên vận chuyển dăm keo từ Phú Tài đến Cảng Quy Nhơn. Vào tuần trước xe tôi bị kẻ gian tháo mất biển số xe nhưng tôi chua báo với Công an vì nếu báo Công an thì công việc của tôi sẽ bị chậm trễ nên tôi đã làm 01 biển số xe khác lắp vào chạy tạm một thời gian. Tuy nhiên, quá trình tôi tham gia giao thông bị Công an kiểm tra phát hiện và lập biên bản vi phạm về hành vi nêu trên. Tôi muốn hỏi, pháp luật hiện hành quy định xử phạt vi phạm hành chính đối với người điều khiển xe ô tô có hành vi điều khiển xe gắn biển số không do cơ quan có thẩm quyền cấp như thế nào?","Người điều khiển xe ô tô gắn biển số không do cơ quan có thẩm quyền cấp bị phạt tiền từ 20.000.000 đồng đến 26.000.000 đồng, bị tịch thu biển số không do cơ quan có thẩm quyền cấp, bị trừ 10 điểm giấy phép lái xe và có thể bị truy cứu trách nhiệm hình sự nếu có dấu hiệu làm giả tài liệu.

Căn cứ pháp lý:
- Khoản 17 Điều 9, Khoản 1 Điều 36 Luật Trật tự, an toàn giao thông đường bộ số 36/2024/QH15. 
- Điểm a khoản 8 Điều 13, điểm a khoản 10 Điều 13, điểm c khoản 13 Điều 13 Nghị định số 168/2024/NĐ-CP (được sửa đổi, bổ sung bởi Nghị định số 238/2026/NĐ-CP). 
- Điều 341 Bộ luật Hình sự số 100/2015/QH13 (sửa đổi, bổ sung 2017).

Chế tài xử lý cụ thể:
1. Xử phạt vi phạm hành chính:
- Phạt tiền: Căn cứ điểm a khoản 8 Điều 13 Nghị định số 168/2024/NĐ-CP, phạt tiền từ 20.000.000 đồng đến 26.000.000 đồng đối với hành vi ""Điều khiển xe gắn biển số không do cơ quan có thẩm quyền cấp (kể cả rơ moóc và sơ mi rơ moóc)"". 
- Hình thức xử phạt bổ sung: Căn cứ điểm a khoản 10 Điều 13 Nghị định số 168/2024/NĐ-CP, tịch thu biển số xe không do cơ quan có thẩm quyền cấp. 
- Trừ điểm GPLX: Căn cứ điểm c khoản 13 Điều 13 Nghị định số 168/2024/NĐ-CP, bị trừ 10 điểm giấy phép lái xe.
2. Trách nhiệm hình sự (nếu có):
Hành vi tự làm hoặc đặt làm biển số giả có dấu hiệu cấu thành ""Tội làm giả con dấu, tài liệu của cơ quan, tổ chức; tội sử dụng con dấu hoặc tài liệu giả của cơ quan, tổ chức"" theo Điều 341 Bộ luật Hình sự, với khung hình phạt tiền từ 30.000.000 đến 100.000.000 đồng, phạt cải tạo không giam giữ đến 03 năm hoặc phạt tù từ 06 tháng đến 07 năm.",https://pbgdpl.gialai.gov.vn/uploads/tailieuhoidapphapluat/11-2020/hoi-dap-xu-phat-vi-pham-hanh-chinh_curves_compressed.pdf,
240,Pháp luật hiện hành quy định xử phạt vi phạm hành chính đối với người điều khiển xe mô tô không gắn gương chiếu hậu bên trái người điều khiển như thế nào?,"Người điều khiển xe mô tô không có gương chiếu hậu bên trái người điều khiển hoặc có me nhưng không có tác dụng bị phạt tiền từ 400.000 đồng đến 600.000 đồng và buộc phải thay thế, lắp đặt gương chiếu hậu bảo đảm tiêu chuẩn an toàn kỹ thuật.

Căn cứ pháp lý:
- Điểm b khoản 1 Điều 35 Luật Trật tự, an toàn giao thông đường bộ số 36/2024/QH15. 
- Điểm a khoản 1 Điều 14, điểm a khoản 6 Điều 14 Nghị định số 168/2024/NĐ-CP (được sửa đổi, bổ sung bởi Nghị định số 238/2026/NĐ-CP).

Chế tài xử phạt cụ thể:
1. Mức phạt tiền: Căn cứ điểm a khoản 1 Điều 14 Nghị định số 168/2024/NĐ-CP, phạt tiền từ 400.000 đồng đến 600.000 đồng đối với người điều khiển xe mô tô, xe gắn máy (kể cả xe máy điện), các loại xe tương tự xe mô tô và các loại xe tương tự xe gắn máy thực hiện hành vi: ""Điều khiển xe không có còi; đèn soi biển số; đèn báo hãm; gương chiếu hậu bên trái người điều khiển hoặc có nhưng không có tác dụng"". 
2. Biện pháp khắc phục hậu quả: Căn cứ điểm a khoản 6 Điều 14 Nghị định số 168/2024/NĐ-CP, buộc thay thế thiết bị đủ tiêu chuẩn an toàn kỹ thuật hoặc khôi phục tính năng kỹ thuật của thiết bị theo quy định trước khi tiếp tục điều khiển phương tiện tham gia giao thông. (Theo quy định, xe mô tô bắt buộc phải có ít nhất gương chiếu hậu bên trái người điều khiển và gương phải có tác dụng quan sát rõ ràng phía sau).",https://pbgdpl.gialai.gov.vn/uploads/tailieuhoidapphapluat/11-2020/hoi-dap-xu-phat-vi-pham-hanh-chinh_curves_compressed.pdf,
241,Pháp luật hiện hành quy định xử phạt vi phạm hành chính đối với người điều khiển xe thô sơ vi phạm quy định về điều kiện của phương tiện khi tham gia giao thông như thế nào?,"Người điều khiển xe thô sơ vi phạm quy định về điều kiện phương tiện tham gia giao thông bị phạt từ 100.000 đồng đến 200.000 đồng (nếu thiếu còi, chuông, đèn, phản quang) hoặc từ 300.000 đồng đến 400.000 đồng (nếu không có hoặc hệ thống hãm không có hiệu lực).

Căn cứ pháp lý:
- Khoản 4 Điều 31, Khoản 2 Điều 34, Khoản 5 Điều 35 Luật Trật tự, an toàn giao thông đường bộ số 36/2024/QH15. 
- Khoản 1, khoản 2 Điều 15 Nghị định số 168/2024/NĐ-CP (được sửa đổi, bổ sung bởi Nghị định số 238/2026/NĐ-CP).

Mức xử phạt cụ thể theo từng hành vi:
1. Thiếu trang bị còi, chuông, đèn, phản quang: Căn cứ khoản 1 Điều 15 Nghị định số 168/2024/NĐ-CP, phạt tiền từ 100.000 đồng đến 200.000 đồng đối với hành vi: ""Điều khiển xe không có bộ phận phát âm thanh cảnh báo (còi, chuông); không có đèn chiếu sáng hoặc tấm phản quang phía trước; không có đèn tín hiệu hoặc tấm phản quang phía sau xe (đối với loại xe quy định phải có bộ phận này)"". 
2. Hỏng hoặc không có hệ thống phanh (hãm): Căn cứ khoản 2 Điều 15 Nghị định số 168/2024/NĐ-CP, phạt tiền từ 300.000 đồng đến 400.000 đồng đối với hành vi: ""Điều khiển xe không có hệ thống (bộ phận) hãm hoặc có nhưng hệ thống hãm không có hiệu lực (đối với loại xe quy định phải có hệ thống (bộ phận) này)"".",https://pbgdpl.gialai.gov.vn/uploads/tailieuhoidapphapluat/11-2020/hoi-dap-xu-phat-vi-pham-hanh-chinh_curves_compressed.pdf,
242,"Pháp luật hiện hành quy định xử phạt vi phạm hành chính đối với người điều khiển máy kéo (kể cả rơ moóc được kéo theo), xe máy chuyên dùng có hành vi gắn biển số không đúng vị trí như thế nào?","Người điều khiển máy kéo, xe máy chuyên dùng gắn biển số không đúng vị trí bị phạt tiền từ 800.000 đồng đến 1.000.000 đồng và buộc phải gắn lại biển số đúng vị trí quy định.

Căn cứ pháp lý:
- Khoản 17 Điều 9 Luật Trật tự, an toàn giao thông đường bộ số 36/2024/QH15.
- Điểm o khoản 3 Điều 3, điểm e khoản 1 Điều 16 Nghị định số 168/2024/NĐ-CP (được sửa đổi, bổ sung bởi Nghị định số 238/2026/NĐ-CP).

Chế tài xử phạt cụ thể:
1. Mức phạt tiền: Căn cứ điểm e khoản 1 Điều 16 Nghị định số 168/2024/NĐ-CP, phạt tiền từ 800.000 đồng đến 1.000.000 đồng đối với người điều khiển máy kéo (kể cả rơ moóc được kéo theo), xe máy chuyên dùng thực hiện hành vi: ""Điều khiển xe không gắn đủ biển số hoặc gắn biển số không đúng vị trí, không đúng quy cách theo quy định; gắn biển số không rõ chữ, số của biển số xe hoặc sử dụng chất liệu khác sơn, dán lên chữ, số của biển số xe; gắn biển số bị bẻ cong, che lấp, làm thay đổi chữ, số, màu sắc (của chữ, số, nền biển số xe), hình dạng, kích thước của biển số xe"". 
2. Biện pháp khắc phục hậu quả: Căn cứ điểm o khoản 3 Điều 3 Nghị định số 168/2024/NĐ-CP, buộc thực hiện đúng quy định về biển số xe trước khi tiếp tục điều khiển phương tiện tham gia giao thông.",https://pbgdpl.gialai.gov.vn/uploads/tailieuhoidapphapluat/11-2020/hoi-dap-xu-phat-vi-pham-hanh-chinh_curves_compressed.pdf,
243,"Tôi là chủ sở hữu xe máy chuyên dùng, vừa qua trong quá trình kiểm tra giấy tờ xe tôi phát hiện giấy kiểm định an toàn kỹ thuật và bảo vệ môi truờng đa hết hạn sử dung 10 ngay. Tôi muốn hỏi, pháp luật hiện hành quy định xử phạt vi phạm hành chính đối với người điều khiển xe máy chuyên dùng có hành vi điều khiển xe có Giấy chứng nhận kiểm định an toàn kỹ thuật và bảo vệ môi trường nhưng đã hết hạn sử dụng 10 ngày như thế nào?","Người điều khiển xe máy chuyên dùng có Giấy chứng nhận kiểm định an toàn kỹ thuật và bảo vệ môi trường đã hết hạn sử dụng dưới 01 tháng bị phạt tiền từ 800.000 đồng đến 1.000.000 đồng.

Căn cứ pháp lý:
- Điểm b khoản 1 Điều 35, Khoản 1 Điều 42, Điểm d khoản 2 Điều 56 Luật Trật tự, an toàn giao thông đường bộ số 36/2024/QH15. 
- Điểm đ khoản 1 Điều 16 Nghị định số 168/2024/NĐ-CP (được sửa đổi, bổ sung bởi Nghị định số 238/2026/NĐ-CP).

Chế tài xử phạt cụ thể:
Căn cứ điểm đ khoản 1 Điều 16 Nghị định số 168/2024/NĐ-CP, phạt tiền từ 800.000 đồng đến 1.000.000 đồng đối với hành vi: ""Điều khiển xe có giấy chứng nhận hoặc tem kiểm định an toàn kỹ thuật và bảo vệ môi trường nhưng đã hết hiệu lực (hạn sử dụng) dưới 01 tháng (kể cả rơ moóc)"". (Lưu ý: Nếu Giấy chứng nhận kiểm định hoặc tem kiểm định đã hết hiệu lực từ 01 tháng trở lên hoặc không có Giấy chứng nhận, tem kiểm định thì bị phạt tiền từ 1.000.000 đồng đến 2.000.000 đồng theo điểm b khoản 2 Điều 16 Nghị định số 168/2024/NĐ-CP).",https://pbgdpl.gialai.gov.vn/uploads/tailieuhoidapphapluat/11-2020/hoi-dap-xu-phat-vi-pham-hanh-chinh_curves_compressed.pdf,
244,"Trong quá trình tham gia giao thông, biển số xe chuyên dùng của tôi bị gãy chốt nên tôi đã lấy cất trong cốp xe. Quá trình lưu thông tôi bị Công an giao thông lập biên bản về hành vi không gắn biển số khi tham gia giao thông. Tôi muốn hỏi, pháp luật hiện hành quy định xử phạt vi phạm hành chính đối với người điều khiển xe máy chuyên dùng có hành vi điều khiển xe không gắn biển số như thế nào?","Người điều khiển xe máy chuyên dùng không gắn biển số khi tham gia giao thông (dù có biển số cất trong cốp xe hoặc cabin) bị phạt tiền từ 800.000 đồng đến 1.000.000 đồng và buộc phải thực hiện đúng quy định về biển số xe trước khi tiếp tục tham gia giao thông.

Căn cứ pháp lý:
- Khoản 17 Điều 9, Điểm a khoản 1 Điều 35 Luật Trật tự, an toàn giao thông đường bộ số 36/2024/QH15. 
- Điểm o khoản 3 Điều 3, điểm a khoản 1 Điều 16 Nghị định số 168/2024/NĐ-CP (được sửa đổi, bổ sung bởi Nghị định số 238/2026/NĐ-CP).

Chế tài xử phạt cụ thể:
1. Mức phạt tiền: Căn cứ điểm a khoản 1 Điều 16 Nghị định số 168/2024/NĐ-CP, phạt tiền từ 800.000 đồng đến 1.000.000 đồng đối với hành vi: ""Điều khiển xe không gắn biển số (đối với loại xe có quy định phải gắn biển số)"". Việc tháo biển số cất vào cốp xe, cabin xe vẫn cấu thành hành vi điều khiển xe không gắn biển số khi lưu thông trên đường bộ.
2. Biện pháp khắc phục hậu quả: Căn cứ điểm o khoản 3 Điều 3 Nghị định số 168/2024/NĐ-CP, buộc thực hiện đúng quy định về biển số xe trước khi tiếp tục điều khiển phương tiện tham gia giao thông.",https://pbgdpl.gialai.gov.vn/uploads/tailieuhoidapphapluat/11-2020/hoi-dap-xu-phat-vi-pham-hanh-chinh_curves_compressed.pdf,
245,"Hiện nay gần nơi tôi ở có công trình chung cư đang xây dựng, hàng ngày xe tải ra vào công trình đã mang theo đất rải khắp đường, tạo thành một mảng đất day, khi mua xuống tạo thành những lớp bùn, dễ gây tai nạn cho người tham gia giao thông. Tôi muốn hỏi, pháp luật hiện hành quy định xử phạt vi phạm hành chính đối với người điều khiến xe ô to có hành vi lôi kéo bùn, đất ra đường bộ gây mất an toàn giao thông và vệ sinh môi trường như thế nào?","Người điều khiển xe ô tô có hành vi lôi kéo bùn, đất, cát, nguyên liệu, vật liệu hoặc chất phế thải khác ra đường bộ gây mất an toàn giao thông bị phạt tiền từ 2.000.000 đồng đến 4.000.000 đồng và buộc phải thu dọn bùn, đất, vật liệu theo hướng dẫn của lực lượng chức năng.

Căn cứ pháp lý:
- Khoản 20 Điều 9, Khoản 4 Điều 44 Luật Trật tự, an toàn giao thông đường bộ số 36/2024/QH15. 
- Điểm b khoản 2 Điều 17, điểm b khoản 5 Điều 45 Nghị định số 168/2024/NĐ-CP (được sửa đổi, bổ sung bởi Nghị định số 238/2026/NĐ-CP).

Chế tài xử phạt cụ thể:
1. Mức phạt tiền: Căn cứ điểm b khoản 2 Điều 17 Nghị định số 168/2024/NĐ-CP, phạt tiền từ 2.000.000 đồng đến 4.000.000 đồng đối với người điều khiển xe ô tô thực hiện hành vi: ""Lôi kéo bùn, đất, cát, nguyên liệu, vật liệu hoặc chất phế thải khác ra đường bộ gây mất an toàn giao thông"". 
2. Biện pháp khắc phục hậu quả: Căn cứ điểm b khoản 5 Điều 45 Nghị định số 168/2024/NĐ-CP, buộc thu dọn rác, chất phế thải, vật liệu, hàng hóa theo hướng dẫn của lực lượng chức năng tại nơi phát hiện vi phạm.",https://pbgdpl.gialai.gov.vn/uploads/tailieuhoidapphapluat/11-2020/hoi-dap-xu-phat-vi-pham-hanh-chinh_curves_compressed.pdf,
246,"Tôi là công dân xã H, huyện K, hiện nay trên đoạn đường tôi đang ở có rất ít hộ dân sinh sống nên các xe tải đã lợi dụng để đổ xà bần sai quy định. Tôi muốn hỏi, pháp luật hiện hành quy định xử phạt vi phạm hành chính đối với người điều khiển ô tô có hành vi đổ chất phế thải trong phạm vi đất dành cho đường bộ ở đoạn ngoài đô thị như thế nào?","Người điều khiển xe ô tô đổ trái phép chất phế thải, xà bần trong phạm vi đất dành cho đường bộ ở đoạn ngoài đô thị bị phạt tiền từ 4.000.000 đồng đến 6.000.000 đồng, bị trừ 02 điểm giấy phép lái xe và buộc thu dọn toàn bộ phế thải theo hướng dẫn của lực lượng chức năng.

Căn cứ pháp lý:
- Khoản 20 Điều 9, Khoản 4 Điều 44 Luật Trật tự, an toàn giao thông đường bộ số 36/2024/QH15; Khoản 3 Điều 7, Điều 16 Luật Đường bộ số 35/2024/QH15. 
- Khoản 3 Điều 17, Khoản 5 Điều 17, điểm b khoản 5 Điều 45 Nghị định số 168/2024/NĐ-CP (được sửa đổi, bổ sung bởi Nghị định số 238/2026/NĐ-CP).

Chế tài xử phạt cụ thể:
1. Mức phạt tiền: Căn cứ khoản 3 Điều 17 Nghị định số 168/2024/NĐ-CP, phạt tiền từ 4.000.000 đồng đến 6.000.000 đồng đối với người điều khiển xe ô tô thực hiện hành vi: ""Đổ trái phép rác, đất, cát, đá, vật liệu, chất phế thải trong phạm vi đất dành cho đường bộ ở đoạn đường ngoài đô thị"". 
2. Trừ điểm giấy phép lái xe: Căn cứ khoản 5 Điều 17 Nghị định số 168/2024/NĐ-CP, bị trừ 02 điểm giấy phép lái xe. 
3. Biện pháp khắc phục hậu quả: Căn cứ điểm b khoản 5 Điều 45 Nghị định số 168/2024/NĐ-CP, buộc thu dọn rác, chất phế thải, vật liệu, hàng hóa theo hướng dẫn của lực lượng chức năng tại nơi phát hiện vi phạm.",https://pbgdpl.gialai.gov.vn/uploads/tailieuhoidapphapluat/11-2020/hoi-dap-xu-phat-vi-pham-hanh-chinh_curves_compressed.pdf,
247,"Người từ đủ 14 tuổi đến dưới 16 tuổi điều khiển xe mô tô, xe gắn máy (kể cả xe máy điện) và các loại xe tương tự xe mô tô hoặc điều khiển xe ô tô, máy kéo và các loại xe tương tự xe ô tô sẽ bị xử phạt vi phạm hành chính như thế nào?","Người từ đủ 14 tuổi đến dưới 16 tuổi điều khiển xe mô tô, xe gắn máy hoặc ô tô bị phạt cảnh cáo. Chủ phương tiện giao xe hoặc để cho người chưa đủ tuổi điều khiển bị phạt tiền từ 8.000.000 đồng đến 30.000.000 đồng (đối với cá nhân) và có thể bị xử lý hình sự nếu gây tai nạn nghiêm trọng.

Căn cứ pháp lý:
- Khoản 1 Điều 56, Khoản 1 Điều 59 Luật Trật tự, an toàn giao thông đường bộ số 36/2024/QH15. 
- Khoản 1 Điều 18, Khoản 10 Điều 32, Điểm i khoản 14 Điều 32 Nghị định số 168/2024/NĐ-CP (được sửa đổi, bổ sung bởi Nghị định số 238/2026/NĐ-CP). 
- Điều 264 Bộ luật Hình sự số 100/2015/QH13 (sửa đổi, bổ sung 2017).

Chế tài xử lý cụ thể:
1. Đối với người từ đủ 14 tuổi đến dưới 16 tuổi: Căn cứ khoản 1 Điều 18 Nghị định số 168/2024/NĐ-CP, phạt cảnh cáo đối với người từ đủ 14 tuổi đến dưới 16 tuổi điều khiển xe mô tô, xe gắn máy (kể cả xe máy điện), các loại xe tương tự xe mô tô hoặc điều khiển xe ô tô, xe chở người bốn bánh có gắn động cơ, xe chở hàng bốn bánh có gắn động cơ và các loại xe tương tự xe ô tô. (Đồng thời, phương tiện có thể bị tạm giữ hành chính đến 07 ngày theo quy định tại Điều 125 Luật Xử lý vi phạm hành chính để ngăn chặn ngay hành vi vi phạm). 
2. Đối với chủ xe giao xe hoặc để cho người chưa đủ tuổi điều khiển: 
- Giao xe mô tô, xe gắn máy: Căn cứ khoản 10 Điều 32 Nghị định số 168/2024/NĐ-CP, phạt tiền từ 8.000.000 đồng đến 10.000.000 đồng đối với cá nhân, từ 16.000.000 đồng đến 20.000.000 đồng đối với tổ chức. 
- Giao xe ô tô, xe máy chuyên dùng: Căn cứ điểm i khoản 14 Điều 32 Nghị định số 168/2024/NĐ-CP, phạt tiền từ 28.000.000 đồng đến 30.000.000 đồng đối với cá nhân, từ 56.000.000 đồng đến 60.000.000 đồng đối với tổ chức. 
3. Trách nhiệm hình sự nếu gây tai nạn nghiêm trọng: Trường hợp chủ xe giao xe cho người chưa đủ tuổi (không đủ điều kiện) điều khiển mà gây tai nạn giao thông làm chết người, gây thương tích từ 61% trở lên hoặc thiệt hại tài sản từ 100 triệu đồng trở lên thì bị truy cứu trách nhiệm hình sự về ""Tội giao cho người không đủ điều kiện điều khiển phương tiện tham gia giao thông đường bộ"" theo Điều 264 Bộ luật Hình sự (phạt tiền từ 10.000.000 đến 50.000.000 đồng hoặc phạt cải tạo không giam giữ đến 03 năm đối với khung 1; mức phạt tù tối đa lên đến 07 năm tù đối với trường hợp đặc biệt nghiêm trọng).",https://pbgdpl.gialai.gov.vn/uploads/tailieuhoidapphapluat/11-2020/hoi-dap-xu-phat-vi-pham-hanh-chinh_curves_compressed.pdf,
248,"Tại những nơi đường hai chiều có dải phân cách cứng phân chia mặt đường thành 2 chiều xe riêng biệt, trên mỗi chiều đi có vạch trắng đứt khúc phân chia thành 2 làn xe cùng chiều (hoặc nhiều làn cùng chiều). Trong khu vực không có biển báo phân làn, không biển báo hướng đi trên mỗi làn, ví dụ như đường Lũy Bán Bích, quận Tân Phú – TP. HCM; đường Phan Văn Hớn, quận 12, TP. HCM; Quốc lộ 1A đoạn qua huyện Thống Nhất, Đồng Nai…Vậy, tôi xin hỏi, theo quy định hiện hành thì xe ôtô, môtô được lưu thông vào làn nào? (làn trong hay làn ngoài hay cả 2 làn)? Khi xe ở làn phía ngoài bên trái di chuyển chậm, xe làn trong bên phải di chuyển nhanh hơn thì có bị xử phạt vi phạm vượt phải theo Nghị định 171/2013/NĐ-CP không? Để lái xe đúng, khi xe ở làn ngoài di chuyển rất chậm, lái xe phải vượt như thế nào?","Đường có nhiều làn cùng chiều phân cách bằng vạch đứt và không có biển phân làn R.412/R.415: ô tô, mô tô được đi trên các làn phù hợp tốc độ lưu thông; xe đi làn phải nhanh hơn xe làn trái mà đúng làn, đúng tốc độ không coi là vượt phải.

Căn cứ pháp lý:
- Điều 12, Điều 13, Khoản 1 Điều 14 Luật Trật tự, an toàn giao thông đường bộ số 36/2024/QH15; Mục 3.24 QCVN 41:2024/BGTVT. 
- Điểm a khoản 5, điểm a khoản 16 Điều 6; điểm đ khoản 3 Điều 7 Nghị định số 168/2024/NĐ-CP (được sửa đổi, bổ sung bởi Nghị định số 238/2026/NĐ-CP).

Nội dung giải đáp cụ thể:
1. Quy tắc sử dụng làn đường: Căn cứ Điều 13 Luật Trật tự, an toàn giao thông đường bộ số 36/2024/QH15, khi đường có nhiều làn cùng chiều được phân định bằng vạch kẻ đường, trên đoạn đường không cắm biển báo hiệu phân làn (biển R.412, R.415) hoặc biển hướng đi trên mỗi làn, người điều khiển ô tô, mô tô được phép lưu thông trên bất kỳ làn đường nào; phương tiện di chuyển với tốc độ thấp hơn phải đi về làn đường bên phải. Khi chuyển làn đường phải có tín hiệu báo trước và bảo đảm khoảng cách an toàn. 
2. Về việc xe làn phải chạy nhanh hơn xe làn trái: Căn cứ khoản 1 Điều 14 Luật số 36/2024/QH15 và Mục 3.24 QCVN 41:2024/BGTVT, khái niệm vượt xe chỉ áp dụng trên đường mà mỗi chiều xe chạy chỉ có một làn đường dành cho xe cơ giới. Trên đường có từ hai làn đường dành cho xe cơ giới cùng chiều trở lên, xe đi ở làn bên phải di chuyển với tốc độ nhanh hơn xe ở làn bên trái nhưng vẫn đi đúng làn đường của mình và tuân thủ đúng tốc độ cho phép thì KHÔNG BỊ COI LÀ VƯỢT PHẢI. 
3. Quy tắc vượt xe đúng cách: Muốn vượt phương tiện cùng làn di chuyển chậm phía trước, người lái xe phải quan sát an toàn phía trước và sau, bật đèn xi-nhan xin chuyển làn sang làn đường bên cạnh (nơi có vạch đứt cho phép), duy trì tốc độ đúng quy định để vượt qua; sau khi vượt qua an toàn, nếu muốn trở lại làn đường cũ thì tiếp tục bật đèn xi-nhan xin chuyển làn về. 
4. Xử phạt nếu vượt phải sai quy định: 
Căn cứ Nghị định số 168/2024/NĐ-CP (sửa đổi bởi Nghị định số 238/2026/NĐ-CP), hành vi vượt bên phải trong các trường hợp không được phép sẽ bị xử phạt: 
- Đối với ô tô: Phạt tiền từ 4.000.000 đồng đến 6.000.000 đồng và bị trừ 02 điểm giấy phép lái xe (điểm a khoản 5, điểm a khoản 16 Điều 6); 
- Đối với mô tô: Phạt tiền từ 600.000 đồng đến 800.000 đồng (điểm đ khoản 3 Điều 7, hành vi này không quy định bị trừ điểm giấy phép lái xe).",https://bocongan.gov.vn/hoi-dap/chi-tiet-cau-hoi/cbcae9f4-8222-4e34-875b-4240b95846af?page=/bo-voi-cong-dan,
249,"Bộ Công an cho tôi hỏi, khi thấy xe cứu thương phát tín hiệu yêu cầu các phương tiện nhường đường, nếu trường hợp xe phía trước đang dừng chờ đèn đỏ, và bắt buộc phải vượt đèn đỏ mới có thể nhường đường cho xe cứu thương đi thì có bị phạt lỗi vượt đèn đỏ không?","Người điều khiển phương tiện bắt buộc phải vượt đèn đỏ để nhường đường cho xe cứu thương đang phát tín hiệu ưu tiên làm nhiệm vụ khẩn cấp thuộc trường hợp tình thế cấp thiết, KHÔNG BỊ XỬ PHẠT vi phạm hành chính.

Căn cứ pháp lý:
- Khoản 1, khoản 2, khoản 5 Điều 27 Luật Trật tự, an toàn giao thông đường bộ số 36/2024/QH15. 
- Khoản 1 Điều 11, Điều 61 Luật Xử lý vi phạm hành chính số 15/2012/QH13 (sửa đổi, bổ sung năm 2020). 
- Điểm b khoản 1 Điều 15 Nghị định số 135/2021/NĐ-CP.

Nội dung giải đáp cụ thể:
1. Nghĩa vụ nhường đường cho xe ưu tiên:
Căn cứ Điều 27 Luật Trật tự, an toàn giao thông đường bộ số 36/2024/QH15, xe cứu thương đang thực hiện nhiệm vụ cấp cứu là xe được quyền ưu tiên. Khi có tín hiệu của xe ưu tiên, người tham gia giao thông phải giảm tốc độ, đi sát lề đường hoặc dừng lại, chuyển hướng phù hợp để nhường đường, không được gây cản trở xe ưu tiên.
2. Căn cứ không xử phạt vi phạm hành chính:
Căn cứ khoản 1 Điều 11 Luật Xử lý vi phạm hành chính (theo Văn bản hợp nhất số 90/VBHN-VPQH ngày 30/03/2026), không xử phạt vi phạm hành chính đối với trường hợp: ""Thực hiện hành vi vi phạm hành chính trong tình thế cấp thiết"".
Hành vi vượt qua vạch dừng xe đèn đỏ hoặc rẽ sang hướng khác để tạo khoảng trống cho xe cứu thương chở bệnh nhân cấp cứu di chuyển là nhằm cứu tính mạng con người, thỏa mãn đầy đủ dấu hiệu của tình thế cấp thiết nên không bị xử phạt vi phạm hành chính.
3. Hướng dẫn xử lý trường hợp phạt nguội:
Căn cứ điểm b khoản 1 Điều 15 Nghị định số 135/2021/NĐ-CP và Điều 61 Luật Xử lý vi phạm hành chính, khi hệ thống camera giám sát ghi nhận và gửi thông báo vi phạm, cơ quan Cảnh sát giao thông khi xác minh dữ liệu thu được nếu ghi nhận rõ có xe cứu thương đang di chuyển phía sau sẽ không ra quyết định xử phạt. Trường hợp đã nhận thông báo phạt nguội, người điều khiển phương tiện/chủ xe có quyền gửi văn bản giải trình, cung cấp dữ liệu hình ảnh, camera hành trình (nếu có) hoặc yêu cầu trích xuất camera giao thông tại thời điểm đó để cơ quan chức năng hủy thông báo vi phạm theo đúng quy định.",https://bocongan.gov.vn/hoi-dap/chi-tiet-cau-hoi/89b9d0f5-4dcd-477f-935c-8cfc3aad8eeb?page=/bo-voi-cong-dan,
250,"Bộ Công an cho tôi hỏi, người đi bộ trên đường cao tốc sai quy định không may va chạm với các phương tiện giao thông dẫn đến tử vong thì tài xế có bị xử lý hay không? Và nếu trường hợp người đi bộ sai quy định trên đường cao tốc gây tai nạn nghiêm trọng có bị xử phạt hay không? ","Người đi bộ đi vào đường cao tốc sai quy định bị phạt từ 400.000 đến 600.000 đồng. Nếu gây tai nạn nghiêm trọng, người đi bộ có thể bị truy cứu hình sự. Tài xế đi đúng luật không phải chịu trách nhiệm hình sự và được loại trừ bồi thường dân sự.

Căn cứ pháp lý:
- Khoản 3 Điều 25 Luật Trật tự, an toàn giao thông đường bộ số 36/2024/QH15.
- Điểm a khoản 2 Điều 10 Nghị định số 168/2024/NĐ-CP.
- Điều 20, Điều 260 Bộ luật Hình sự số 100/2015/QH13 (sửa đổi, bổ sung 2017).
- Điểm a khoản 3 Điều 601 Bộ luật Dân sự số 91/2015/QH13.

Chế tài xử lý và trách nhiệm pháp lý cụ thể:
1. Xử phạt vi phạm hành chính đối với người đi bộ:
Căn cứ điểm a khoản 2 Điều 10 Nghị định số 168/2024/NĐ-CP, phạt tiền từ 400.000 đồng đến 600.000 đồng đối với người đi bộ đi vào đường cao tốc (trừ người phục vụ việc quản lý, bảo trì đường cao tốc).
2. Trách nhiệm của người lái xe ô tô:
- Về trách nhiệm hình sự: Căn cứ Điều 260 Bộ luật Hình sự, tài xế chỉ bị truy cứu trách nhiệm hình sự khi có lỗi vi phạm quy tắc an toàn giao thông (như chạy quá tốc độ, có nồng độ cồn, không chú ý quan sát...). Nếu tài xế đi đúng làn, đúng tốc độ, tuân thủ nghiêm ngặt mọi quy chuẩn an toàn trên cao tốc mà người đi bộ đột ngột lao ra khiến tài xế không thể tránh được thì thuộc trường hợp sự kiện bất ngờ (Điều 20 Bộ luật Hình sự), tài xế không phải chịu trách nhiệm hình sự.
- Về trách nhiệm dân sự: Căn cứ điểm a khoản 3 Điều 601 Bộ luật Dân sự 2015, chủ sở hữu/người điều khiển nguồn nguy hiểm cao độ được loại trừ trách nhiệm bồi thường khi thiệt hại xảy ra hoàn toàn do lỗi cố ý của nạn nhân.
3. Trách nhiệm hình sự của người đi bộ vi phạm gây tai nạn nghiêm trọng:
Nếu người đi bộ cố ý đi vào cao tốc dẫn đến va chạm làm chết người (như lái xe hoặc hành khách trên xe tử vong), gây thương tích nặng hoặc gây thiệt hại tài sản từ 100 triệu đồng trở lên, bản thân người đi bộ bị truy cứu trách nhiệm hình sự về Tội vi phạm quy định về tham gia giao thông đường bộ theo Điều 260 Bộ luật Hình sự (khung hình phạt cải tạo không giam giữ đến 03 năm hoặc phạt tù từ 01 năm đến 15 năm).",https://bocongan.gov.vn/hoi-dap/chi-tiet-cau-hoi/c796393e-c000-4196-9c91-c003117e5fbb?page=/bo-voi-cong-dan,
251,Người tham gia giao thông có được dừng xe trên đường để mặc áo mưa không?,"Người tham gia giao thông ĐƯỢC PHÉP dừng xe để mặc áo mưa nếu dừng sát mép lề đường bên phải theo quy định; NGHIÊM CẤM dừng xe mặc áo mưa dưới gầm cầu vượt, trong hầm đường bộ, trên cầu, trên cao tốc hoặc nơi cản trở giao thông.

Căn cứ pháp lý:
- Điều 18, Khoản 2 Điều 25, Khoản 2 Điều 26 Luật Trật tự, an toàn giao thông đường bộ số 36/2024/QH15.
- Điều 7 Nghị định số 168/2024/NĐ-CP (đối với xe mô tô, xe gắn máy).
- Điều 6 Nghị định số 168/2024/NĐ-CP (đối với xe ô tô).
(Các điều khoản được sửa đổi, bổ sung bởi Nghị định số 238/2026/NĐ-CP).
Quy tắc dừng xe và chế tài xử phạt cụ thể:
1. Quy tắc dừng xe đúng luật:
Căn cứ Điều 18 Luật số 36/2024/QH15, khi gặp trời mưa, người lái xe phải có tín hiệu báo rẽ và cho xe dừng sát mép lề đường, hè phố phía bên phải theo chiều đi của mình; nơi có lề đường rộng thì phải dừng xe trên lề đường; bảo đảm không gây cản trở lưu thông và không che khuất tầm nhìn của xe khác.
2. Chế tài xử phạt khi dừng xe mặc áo mưa sai quy định:
* Đối với người điều khiển xe mô tô, xe gắn máy:
+ Dừng xe ở lòng đường gây cản trở giao thông: phạt tiền từ 400.000 đồng đến 600.000 đồng (điểm d khoản 2 Điều 7). 
+ Dừng xe trên cầu: phạt tiền từ 600.000 đồng đến 800.000 đồng (điểm c khoản 3 Điều 7). 
+ Dừng xe trong hầm đường bộ không đúng nơi quy định: phạt tiền từ 800.000 đồng đến 1.000.000 đồng (điểm b khoản 4 Điều 7). 
+ Dừng xe không đúng quy định gây tai nạn giao thông: phạt tiền từ 10.000.000 đồng đến 14.000.000 đồng và bị trừ 10 điểm giấy phép lái xe (điểm a khoản 10, điểm d khoản 12 Điều 7).
* Đối với người điều khiển xe ô tô:
+ Dừng xe nơi có biển cấm dừng hoặc dừng xe không sát lề đường, vỉa hè: phạt tiền từ 600.000 đồng đến 800.000 đồng (điểm đ khoản 2 Điều 6). 
+ Dừng xe trên cầu, gầm cầu vượt không đúng nơi quy định: phạt tiền từ 2.000.000 đồng đến 3.000.000 đồng (điểm b khoản 4 Điều 6). 
+ Dừng xe trên đường cao tốc không đúng nơi quy định: phạt tiền từ 12.000.000 đồng đến 14.000.000 đồng và bị trừ 06 điểm giấy phép lái xe (điểm c khoản 7, điểm c khoản 15 Điều 6).",https://bocongan.gov.vn/hoi-dap/chi-tiet-cau-hoi/a9011f83-f1a0-4c73-a3e3-7039ab43c9cd?page=/bo-voi-cong-dan,
252,"Gần đây, có nhiều vụ xe ô tô khi đang di chuyển trên các tuyến đường cao tốc thì bị người dân đứng trên cầu vượt ném đá vào kính ô tô, gây thương tích cho người trong xe và hư hỏng phương tiện. Bộ Công an cho tôi hỏi, theo quy định hiện hành thì hành vi trên sẽ bị xử lý như thế nào?","Hành vi ném đá vào ô tô đang di chuyển trên cao tốc bị phạt tiền từ 500.000 đồng đến 6.000.000 đồng nếu xử lý hành chính; trường hợp gây thiệt hại tài sản, thương tích hoặc chết người sẽ bị truy cứu trách nhiệm hình sự với khung hình phạt tù cao nhất lên đến chung thân hoặc tử hình.

Căn cứ pháp lý:
- Khoản 21 Điều 9 Luật Trật tự, an toàn giao thông đường bộ số 36/2024/QH15.
- Điểm c khoản 6 Điều 12 Nghị định số 168/2024/NĐ-CP (được sửa đổi, bổ sung bởi Nghị định số 238/2026/NĐ-CP); Điểm đ khoản 4 Điều 8 Nghị định số 282/2025/NĐ-CP.
- Điều 123, Điều 134, Điều 178, Điều 261 Bộ luật Hình sự số 100/2015/QH13 (sửa đổi, bổ sung năm 2017).

Chế tài xử lý cụ thể:
1. Xử phạt vi phạm hành chính (nếu chưa đến mức truy cứu hình sự):
- Xử phạt theo lĩnh vực giao thông đường bộ: Căn cứ điểm c khoản 6 Điều 12 Nghị định số 168/2024/NĐ-CP, phạt tiền từ 500.000 đồng đến 1.000.000 đồng đối với cá nhân (từ 1.000.000 đồng đến 2.000.000 đồng đối với tổ chức) thực hiện hành vi: ""Ném gạch, đất, đá, cát hoặc vật thể khác vào người, phương tiện đang tham gia giao thông đường bộ"". 
- Xử phạt theo lĩnh vực an ninh trật tự: Căn cứ điểm đ khoản 4 Điều 8 Nghị định số 282/2025/NĐ-CP, phạt tiền từ 4.000.000 đồng đến 6.000.000 đồng đối với hành vi ném gạch, đất, đá hoặc vật khác vào tài sản, phương tiện của người khác.
2. Truy cứu trách nhiệm hình sự:
Hành vi ném đá vào phương tiện đang chạy tốc độ cao trên đường cao tốc có tính chất đặc biệt nguy hiểm, người thực hiện có thể bị truy cứu trách nhiệm hình sự theo các tội danh tương ứng:
- Tội cản trở giao thông đường bộ (Điều 261 Bộ luật Hình sự): Do thực hiện trên đường cao tốc thuộc điểm a khoản 2 Điều 261, bị phạt tiền từ 100.000.000 đồng đến 300.000.000 đồng hoặc phạt tù từ 02 năm đến 07 năm. Trường hợp gây hậu quả đặc biệt nghiêm trọng (làm chết 03 người trở lên hoặc thiệt hại tài sản từ 1,5 tỷ đồng trở lên) bị phạt tù từ 07 năm đến 15 năm theo khoản 3 Điều 261.
- Tội cố ý làm hư hỏng tài sản (Điều 178 Bộ luật Hình sự): Nếu làm vỡ kính, hỏng hóc ô tô gây thiệt hại từ 2.000.000 đồng đến dưới 50.000.000 đồng thì bị phạt tiền từ 10.000.000 đồng đến 50.000.000 đồng, phạt cải tạo không giam giữ đến 03 năm hoặc phạt tù từ 06 tháng đến 03 năm; thiệt hại tài sản càng lớn khung hình phạt tù càng cao (tối đa lên đến 20 năm tù).
- Tội cố ý gây thương tích (Điều 134 Bộ luật Hình sự): Việc dùng đá ném vào xe đang chạy được coi là dùng hung khí nguy hiểm hoặc thủ đoạn có khả năng gây nguy hại cho nhiều người (điểm a khoản 1 Điều 134), bị phạt cải tạo không giam giữ đến 03 năm hoặc phạt tù từ 06 tháng đến 03 năm dù tỷ lệ thương tích dưới 11%; nếu gây thương tích nặng hoặc làm chết người mức phạt tù tối đa lên đến 20 năm hoặc tù chung thân.
- Tội giết người (Điều 123 Bộ luật Hình sự): Trường hợp đối tượng nhận thức rõ việc ném đá vào ô tô đang chạy tốc độ cao trên cao tốc có thể làm vỡ kính, tài xế mất lái gây tai nạn thảm khốc dẫn đến chết người nhưng vẫn cố ý thực hiện thì bị truy tố về Tội giết người với khung hình phạt tù từ 12 năm đến 20 năm, tù chung thân hoặc tử hình.",https://bocongan.gov.vn/hoi-dap/chi-tiet-cau-hoi/6f98c5cd-a4fc-4810-8cdd-cba85a107dd9?page=/bo-voi-cong-dan,
253,"Tôi đang tham gia giao thông trên đường bằng xe máy, tôi đi đúng làn đường và đội mũ bảo hiểm có cài quai, xe của tôi có gương chiếu hậu đầy đủ nhưng Cảnh sát giao thông (CSGT) vẫn ra hiệu lệnh yêu cầu tôi dừng xe để kiểm tra giấy tờ. Sau khi kiểm tra xong giấy tờ, tôi không vi phạm giao thông và tiếp tục được điều khiển xe tham gia giao thông. Tôi được biết, có Thông tư quy định rõ nhiệm vụ, quyền hạn, hình thức, nội dung tuần tra, kiểm soát giao thông đường bộ của CSGT nhưng tôi chưa nắm rõ. Vì vậy, Bộ Công an cho tôi hỏi, những trường hợp nào CSGT được dừng phương tiện để kiểm tra giấy tờ của người đang tham gia giao thông như tôi?","Cảnh sát giao thông được quyền dừng phương tiện đang tham gia giao thông để kiểm tra giấy tờ trong 04 trường hợp luật định, bao gồm cả trường hợp người lái xe đi đúng luật nhưng CSGT đang thực hiện theo kế hoạch tuần tra, kiểm soát hoặc kế hoạch chuyên đề đã được cấp có thẩm quyền phê duyệt.

Căn cứ pháp lý:
- Điều 65, Điều 66 Luật Trật tự, an toàn giao thông đường bộ năm 2024 (Luật số 36/2024/QH15).
- Khoản 1 Điều 12 Thông tư số 73/2024/TT-BCA của Bộ Công an quy định về công tác tuần tra, kiểm soát, xử lý vi phạm pháp luật về TTATGT đường bộ của CSGT.

Cụ thể 04 trường hợp CSGT được dừng phương tiện kiểm soát (Điều 66 Luật TTATGTĐB 2024):
1. Khi phát hiện hành vi vi phạm pháp luật hoặc có căn cứ xác định có hành vi vi phạm pháp luật về trật tự, an toàn giao thông đường bộ hoặc vi phạm pháp luật khác;
2. Thực hiện theo mệnh lệnh, kế hoạch tuần tra, kiểm soát của cấp có thẩm quyền để phát hiện hành vi vi phạm pháp luật về trật tự, an toàn giao thông đường bộ mà buộc phải dừng phương tiện để kiểm tra, kiểm soát mới phát hiện được;
3. Phục vụ bảo vệ an ninh quốc gia, bảo đảm trật tự, an toàn xã hội và đấu tranh phòng, chống tội phạm; phòng, chống thiên tai; phòng cháy, chữa cháy và cứu nạn, cứu hộ; phòng, chống dịch bệnh;
4. Có tin báo, tố giác, phản ánh, kiến nghị, đề nghị của cơ quan, tổ chức, cá nhân về tội phạm, hành vi vi phạm pháp luật khác.
Vì vậy, dù người tham gia giao thông không có lỗi vi phạm quan sát được bằng mắt thường, CSGT vẫn có toàn quyền dừng phương tiện để kiểm tra giấy tờ nếu đang thực hiện theo kế hoạch tổng kiểm soát hoặc kế hoạch kiểm tra chuyên đề (như chuyên đề kiểm tra nồng độ cồn, ma túy, giấy tờ phương tiện) đã được cấp có thẩm quyền phê duyệt.",https://bocongan.gov.vn/hoi-dap/chi-tiet-cau-hoi/25a668e2-217c-4b78-b989-bfa6e820cc0e?page=/bo-voi-cong-dan,
254,"Bộ Công an cho tôi hỏi, trường hợp lái xe không chấp hành tín hiệu đèn giao thông để nhường đường cho xe ưu tiên, xe cấp cứu có bị xử phạt theo Nghị định 168 không?","Người lái xe không chấp hành tín hiệu đèn giao thông để nhường đường cho xe ưu tiên, xe cứu thương đang làm nhiệm vụ khẩn cấp thuộc trường hợp tình thế cấp thiết và KHÔNG BỊ XỬ PHẠT theo Nghị định số 168/2024/NĐ-CP.

Căn cứ pháp lý:
- Khoản 1, khoản 2, khoản 5 Điều 27 Luật Trật tự, an toàn giao thông đường bộ số 36/2024/QH15.
- Khoản 11 Điều 2, Khoản 1 Điều 11, Điều 61, điểm a khoản 1 Điều 65 Luật Xử lý vi phạm hành chính số 15/2012/QH13 (sửa đổi, bổ sung năm 2020).
- Điểm b khoản 1 Điều 15 Nghị định số 135/2021/NĐ-CP.
- Nghị định số 168/2024/NĐ-CP (được sửa đổi, bổ sung bởi Nghị định số 238/2026/NĐ-CP).

Nội dung giải đáp chi tiết:
1. Nghĩa vụ nhường đường cho xe ưu tiên:
Căn cứ Điều 27 Luật Trật tự, an toàn giao thông đường bộ số 36/2024/QH15, xe cứu thương đang chở bệnh nhân cấp cứu hoặc đi đón bệnh nhân cấp cứu phát tín hiệu còi, đèn ưu tiên là phương tiện được quyền ưu tiên đi trước. Khi có tín hiệu xe ưu tiên, người tham gia giao thông phải giảm tốc độ, đi sát lề đường bên phải hoặc dừng lại để nhường đường, không được gây cản trở xe ưu tiên.
2. Nguyên tắc không xử phạt trong tình thế cấp thiết:
Căn cứ khoản 11 Điều 2 và khoản 1 Điều 11 Luật Xử lý vi phạm hành chính, tình thế cấp thiết là tình thế vì muốn tránh một nguy cơ đang thực tế đe dọa tính mạng, sức khỏe của người khác mà không còn cách nào khác là phải gây một thiệt hại nhỏ hơn. Hành vi di chuyển, vượt vạch dừng xe đèn đỏ để nhường đường cho xe cứu thương thuộc trường hợp tình thế cấp thiết nên không bị xử phạt vi phạm hành chính theo điểm a khoản 1 Điều 65 Luật Xử lý vi phạm hành chính và Nghị định số 168/2024/NĐ-CP.
3. Thủ tục minh oan khi nhận thông báo phạt nguội:
Căn cứ điểm b khoản 1 Điều 15 Nghị định số 135/2021/NĐ-CP và Điều 61 Luật Xử lý vi phạm hành chính, khi xác minh dữ liệu camera phạt nguội, nếu xác định thuộc trường hợp không xử phạt vi phạm hành chính thì cơ quan Cảnh sát giao thông không ra quyết định xử phạt. Trường hợp nhận được thông báo phạt nguội, người lái xe có quyền làm đơn giải trình hoặc trực tiếp đến cơ quan Cảnh sát giao thông nơi gửi thông báo, cung cấp dữ liệu hình ảnh, camera hành trình (nếu có) để đối chiếu, xác minh và hủy thông báo vi phạm theo đúng quy định.",https://bocongan.gov.vn/hoi-dap/chi-tiet-cau-hoi/8d97fff5-8c2a-4393-8870-feab8166fca3?page=/bo-voi-cong-dan,
255,"Tôi lái xe cho một công ty vận tải và đỗ xe ở lề đường bên phải để vào quán ăn. Sau đó, một xe máy đâm vào đuôi xe của tôi khiến người điều khiển xe máy bị thương. Trong trường hợp người đi xe máy tự đâm vào đuôi xe đang đỗ, tôi có phải chịu trách nhiệm bồi thường cho người bị thương không?","Nếu xe ô tô đỗ hoàn toàn đúng quy định pháp luật thì lái xe ô tô KHÔNG PHẢI BỒI THƯỜNG cho người đi xe máy tự đâm vào đuôi xe; người đi xe máy tự chịu hậu quả và phải bồi thường thiệt hại hư hỏng cho ô tô nếu có lỗi.

Căn cứ pháp lý:
- Khoản 5, Khoản 6 Điều 18, Điều 12 Luật Trật tự, an toàn giao thông đường bộ số 36/2024/QH15.
- Điều 584, Điều 585, Điều 589, khoản 3 Điều 601 Bộ luật Dân sự số 91/2015/QH13.

Xác định trách nhiệm pháp lý và bồi thường thiệt hại:
1. Xác định yếu tố lỗi của các bên:
- Phía lái xe ô tô: Nếu xe ô tô đỗ sát lề đường, vỉa hè phía bên phải theo chiều đi, bánh xe gần nhất không cách xa lề đường quá 0,25m, đoạn đường không có biển cấm dừng đỗ, có bật đèn khẩn cấp/đặt biển cảnh báo theo quy định nếu gặp sự cố hoặc khi trời tối (Điều 18 Luật số 36/2024/QH15) thì lái xe ô tô hoàn toàn không có lỗi. 
- Phía người lái xe máy: Người điều khiển xe máy đang di chuyển có nghĩa vụ chú ý quan sát, làm chủ tốc độ và giữ khoảng cách an toàn (Điều 12 Luật số 36/2024/QH15). Việc tự đâm vào đuôi xe ô tô đang đỗ tĩnh chứng minh người lái xe máy đã thiếu quan sát, không làm chủ tốc độ, là bên có toàn bộ lỗi gây ra tai nạn.
2. Trách nhiệm bồi thường dân sự theo Bộ luật Dân sự 2015:
- Căn cứ khoản 2 Điều 584 và điểm a khoản 3 Điều 601 Bộ luật Dân sự 2015 về trách nhiệm bồi thường thiệt hại do nguồn nguy hiểm cao độ: Chủ sở hữu, người chiếm hữu, sử dụng nguồn nguy hiểm cao độ được LOẠI TRỪ TRÁCH NHIỆM BỒI THƯỜNG khi thiệt hại xảy ra hoàn toàn do lỗi của người bị thiệt hại. Vì vậy, lái xe ô tô không phải bồi thường thiệt hại về sức khỏe, tính mạng cho người đi xe máy.
- Ngược lại, căn cứ Điều 584, Điều 585 và Điều 589 Bộ luật Dân sự 2015, người điều khiển xe máy có lỗi làm hư hỏng xe ô tô phải bồi thường toàn bộ chi phí sửa chữa, phục hồi thiệt hại tài sản cho chủ xe ô tô.
(Lưu ý: Nếu lái xe ô tô đỗ sai quy định như đỗ nơi cấm đỗ, đỗ cách lề đường quá 0,25m gây cản trở giao thông thì hai bên có lỗi hỗn hợp. Lái xe ô tô sẽ bị xử phạt vi phạm hành chính và phải liên đới bồi thường một phần thiệt hại theo tỷ lệ lỗi tương ứng).",https://bocongan.gov.vn/hoi-dap/chi-tiet-cau-hoi/a99f82af-3e7a-4a68-81b0-352a07dfaa85?page=/bo-voi-cong-dan,
256,"Mới đây, tôi lái xe ô tô tham gia giao thông trên đường thì bị CSGT xử phạt lỗi về khoảng cách an toàn. Tôi thấy rất ít người bị xử phạt lỗi liên quan đến khoảng cách an toàn như vậy, Bộ Công an cho tôi hỏi, tôi muốn biết rõ hơn về vấn đề này thì tìm hiểu tại văn bản nào?","Quy định về khoảng cách an toàn được quy định tại Điều 12 Luật TTATGTĐB 36/2024/QH15, Điều 26 Luật Đường bộ 35/2024/QH15 và Điều 11 Thông tư số 38/2024/TT-BGTVT; chế tài xử phạt từ 800.000 đồng đến 20.000.000 đồng, trừ đến 10 điểm GPLX theo Điều 6 Nghị định số 168/2024/NĐ-CP.

Căn cứ pháp lý:
- Điều 12 Luật Trật tự, an toàn giao thông đường bộ số 36/2024/QH15; Điều 26 Luật Đường bộ số 35/2024/QH15. 
- Điều 11 Thông tư số 38/2024/TT-BGTVT của Bộ Giao thông vận tải quy định về tốc độ và khoảng cách an toàn. 
- Điểm l khoản 4, điểm d khoản 5, điểm a khoản 11, điểm a và điểm d khoản 16 Điều 6 Nghị định số 168/2024/NĐ-CP (được sửa đổi, bổ sung bởi Nghị định số 238/2026/NĐ-CP).

Nội dung chi tiết quy định và mức xử phạt:
1. Quy tắc giữ khoảng cách an toàn (Thông tư số 38/2024/TT-BGTVT):
Khi tham gia giao thông trên đường trong điều kiện thời tiết khô ráo, khoảng cách an toàn tối thiểu giữa hai xe được xác định theo tốc độ lưu hành:
- Tốc độ đến 60 km/h: khoảng cách tối thiểu là 35 mét;
- Tốc độ từ trên 60 km/h đến 80 km/h: khoảng cách tối thiểu là 55 mét;
- Tốc độ từ trên 80 km/h đến 100 km/h: khoảng cách tối thiểu là 70 mét;
- Tốc độ từ trên 100 km/h đến 120 km/h: khoảng cách tối thiểu là 100 mét.
Đối với xe chạy ở tốc độ dưới 60 km/h, người lái xe phải chủ động giữ khoảng cách an toàn phù hợp với xe chạy liền trước tùy thuộc vào mật độ phương tiện và tình hình giao thông thực tế. 
Khi trời mưa, có sương mù, mặt đường trơn trượt hoặc đường đèo dốc, người lái xe phải điều chỉnh khoảng cách an toàn lớn hơn giá trị quy định trên.
2. Mức xử phạt đối với người điều khiển xe ô tô (Điều 6 Nghị định 168/2024/NĐ-CP):
- Không giữ khoảng cách an toàn để xảy ra va chạm với xe chạy liền trước hoặc không giữ khoảng cách theo biển ""Cự ly tối thiểu giữa hai xe"": phạt tiền từ 800.000 đồng đến 1.000.000 đồng (điểm l khoản 4 Điều 6).
- Không tuân thủ quy định về khoảng cách an toàn đối với xe chạy liền trước khi chạy trên đường cao tốc: phạt tiền từ 4.000.000 đồng đến 6.000.000 đồng và bị trừ 02 điểm GPLX (điểm d khoản 5, điểm a khoản 16 Điều 6).
- Không giữ khoảng cách an toàn giữa hai xe theo quy định gây tai nạn giao thông: phạt tiền từ 18.000.000 đồng đến 20.000.000 đồng và bị trừ 10 điểm giấy phép lái xe (điểm a khoản 11, điểm d khoản 16 Điều 6).",https://bocongan.gov.vn/hoi-dap/chi-tiet-cau-hoi/95a60256-8e0f-4e00-8cff-3dff11d759ab?page=/bo-voi-cong-dan,
257,"Vừa qua, tại đường vành đai 3 trên cao, xuất hiện một nữ tài xế điều khiển xe ô tô đi ngược chiều gây nguy hiểm cho các phương tiện khác và khiến dư luận rất bức xúc. Bộ Công an cho tôi hỏi, hành vi đi ngược chiều trên đường cao tốc sẽ bị xử lý như thế nào? Vi phạm ở mức độ nào sẽ bị truy tố và mức hình phạt cho hành vi này khi bị truy tố như thế nào?","Lái xe ô tô đi ngược chiều trên cao tốc bị phạt tiền từ 18.000.000 đồng đến 20.000.000 đồng, trừ 10 điểm GPLX; nếu gây tai nạn hoặc có nguy cơ thực tế gây hậu quả nghiêm trọng sẽ bị truy cứu trách nhiệm hình sự với mức phạt tù lên đến 15 năm.

Căn cứ pháp lý:
- Khoản 1 Điều 10, Khoản 4 Điều 15, Khoản 2 Điều 16 Luật Trật tự, an toàn giao thông đường bộ số 36/2024/QH15.
- Điểm đ khoản 11 Điều 6, điểm d khoản 16 Điều 6 Nghị định số 168/2024/NĐ-CP.
- Điều 260 Bộ luật Hình sự số 100/2015/QH13 (sửa đổi, bổ sung 2017).

Chế tài xử lý chi tiết:
1. Xử phạt vi phạm hành chính (Nghị định số 168/2024/NĐ-CP):
- Phạt tiền: Căn cứ điểm đ khoản 11 Điều 6 Nghị định số 168/2024/NĐ-CP, phạt tiền từ 30.000.000 đồng đến 40.000.000 đồng đối với người điều khiển xe ô tô thực hiện hành vi: ""Điều khiển xe đi ngược chiều trên đường cao tốc, lùi xe trên đường cao tốc, quay đầu xe trên đường cao tốc, trừ các xe ưu tiên đang đi làm nhiệm vụ khẩn cấp theo quy định"".
- Trừ điểm GPLX: Căn cứ điểm d khoản 16 Điều 6 Nghị định số 168/2024/NĐ-CP, bị trừ 10 điểm giấy phép lái xe.
2. Điều kiện và mức độ bị truy cứu trách nhiệm hình sự (Điều 260 Bộ luật Hình sự):
Người lái xe đi ngược chiều trên cao tốc sẽ bị truy tố hình sự về ""Tội vi phạm quy định về tham gia giao thông đường bộ"" khi thuộc các mức độ sau:
- Khung 1 (khoản 1 Điều 260): Gây chết 01 người; gây thương tích cho 01 người tổn thương cơ thể từ 61% trở lên; hoặc gây thương tích cho từ 02 người tổng tỷ lệ từ 61% đến 121%; thiệt hại tài sản từ 100 triệu đến dưới 500 triệu đồng: phạt tiền từ 30.000.000 đến 100.000.000 đồng, phạt cải tạo không giam giữ đến 03 năm hoặc phạt tù từ 01 năm đến 05 năm.
- Khung 2 (khoản 2 Điều 260): Gây chết 02 người; gây thương tích cho từ 02 người tổng tỷ lệ từ 122% đến 200%; thiệt hại tài sản từ 500 triệu đến dưới 1,5 tỷ đồng: phạt tù từ 03 năm đến 10 năm.
- Khung 3 (khoản 3 Điều 260): Gây chết 03 người trở lên; thương tích từ 03 người tổng tỷ lệ 201% trở lên; thiệt hại tài sản từ 1,5 tỷ đồng trở lên: phạt tù từ 07 năm đến 15 năm.
- Khung 4 (khoản 4 Điều 260 - Nguy cơ thực tế): Có khả năng thực tế dẫn đến hậu quả quy định tại khoản 3 nếu không được ngăn chặn kịp thời: phạt tiền từ 10.000.000 đến 50.000.000 đồng, phạt cải tạo không giam giữ đến 01 năm hoặc phạt tù từ 03 tháng đến 01 năm.",https://bocongan.gov.vn/hoi-dap/chi-tiet-cau-hoi/f71f7bb7-e80c-40d7-96a8-fa09b4f149d0?page=/bo-voi-cong-dan,
258,"Xe đạp điện của tôi nhãn hiệu Giant M133P, có hộp xích, bàn đạp và có thể chuyển động bằng việc đạp chân như một chiếc xe đạp, công suất động cơ 240W, cân nặng xe 40kg, tốc độ tối đa 25km/h. Do quãng đường tôi thường di chuyển ngắn, xe của tôi cũng rất ít khi hết điện giữa đường nên tôi thấy bàn đạp không còn cần thiết nên đã tháo bàn đạp ra. Vừa qua, tôi đang tham gia giao thông trên đường thì Cảnh sát giao thông dừng xe và lập biên bản với lỗi xe máy điện không đăng kí, tôi đã giải thích đó là xe đạp điện nhưng vẫn bị tạm giữ xe và được hẹn ngày lên nộp phạt hành chính mới được lấy xe về. Sau khi tìm hiểu, nhà sản xuất xe của tôi đã khẳng định xe của tôi là một xe đạp điện, tuy nhiên đến ngày hẹn, tôi đến nộp phạt thì được giải thích là do xe không có đăng kí nên sẽ bị tịch thu xung công quỹ, trong khi xe tôi là xe đạp điện không phải xe máy điện tức là không phải đăng kí trước khi lưu hành nhưng vẫn không được chấp nhận. Bộ Công an cho tôi hỏi, trong trường hợp này làm thế nào để tôi phân biệt xe máy điện và xe đạp điện và tôi có vi phạm lỗi không đăng kí xe hay không?","Xe đạp điện khi tự ý tháo bàn đạp không còn đáp ứng định nghĩa xe đạp máy trợ lực mà bị coi là phương tiện vận hành như xe máy điện chưa đăng ký, bị xử phạt tiền từ 2.000.000 đồng đến 3.000.000 đồng, bị trừ 02 điểm giấy phép lái xe (nếu có). Cơ quan chức năng chỉ được tịch thu xe nếu phương tiện không có chứng từ chứng minh nguồn gốc xuất xứ hợp pháp.

Căn cứ pháp lý:
- Điểm g khoản 1, điểm b khoản 2 Điều 34 Luật Trật tự, an toàn giao thông đường bộ năm 2024 (Luật số 36/2024/QH15).
- Điểm a khoản 2 Điều 14, điểm b khoản 5 Điều 14, điểm a khoản 8 Điều 14 Nghị định số 168/2024/NĐ-CP (được sửa đổi, bổ sung bởi Nghị định số 238/2026/NĐ-CP).

Nội dung giải đáp chi tiết:
1. Phân biệt xe đạp điện và xe máy điện theo Luật TTATGTĐB 2024 (Điều 34):
- Xe đạp máy (gồm cả xe đạp điện): Là xe thô sơ có ít nhất hai bánh, có trợ lực từ động cơ, nguồn động lực từ động cơ bị ngắt khi người lái xe dừng đạp hoặc khi xe đạt tới tốc độ 25 km/h. Vì vậy, BÀN ĐẠP LÀ BỘ PHẬN BẮT BUỘC để duy trì tính năng trợ lực. Xe đạp điện không phải đăng ký, cấp biển số.
- Xe gắn máy (gồm xe máy điện): Là xe cơ giới có hai hoặc ba bánh chạy bằng động cơ, được thiết kế, sản xuất để hoạt động trên đường bộ, có vận tốc thiết kế không lớn hơn 50 km/h; nếu động cơ điện thì công suất không lớn hơn 04 kW (không có bàn đạp trợ lực). Xe máy điện BẮT BUỘC PHẢI ĐĂNG KÝ, gắn biển số trước khi lưu hành.
2. Xác định lỗi vi phạm khi tháo bàn đạp:
Khi bạn tự ý tháo bỏ bàn đạp, chiếc xe không còn cơ chế ngắt nguồn động lực khi dừng đạp và không thể di chuyển bằng sức người thông qua bàn đạp nữa; lúc này xe vận hành thuần túy bằng động cơ điện tương tự kết cấu của một chiếc xe máy điện. Do đó, CSGT lập biên bản lỗi điều khiển xe gắn máy không có Chứng nhận đăng ký xe là có căn cứ pháp luật.
3. Mức xử phạt và quy định về việc tịch thu xe:
- Mức phạt tiền: Căn cứ điểm a khoản 2 Điều 14 Nghị định số 168/2024/NĐ-CP, phạt tiền từ 2.000.000 đồng đến 3.000.000 đồng đối với người điều khiển xe gắn máy (kể cả xe máy điện) không có Chứng nhận đăng ký xe theo quy định; đồng thời bị trừ 02 điểm giấy phép lái xe theo điểm a khoản 8 Điều 14 (nếu người điều khiển có giấy phép lái xe).
- Về việc tịch thu phương tiện: Căn cứ điểm b khoản 5 Điều 14 Nghị định số 168/2024/NĐ-CP, phương tiện CHỈ BỊ TỊCH THU nếu người điều khiển không có Chứng nhận đăng ký xe và không chứng minh được nguồn gốc xuất xứ của phương tiện (không có giấy tờ, chứng nhận nguồn gốc xe, chứng nhận quyền sở hữu hợp pháp). Trường hợp bạn có đầy đủ hóa đơn, phiếu xuất xưởng chứng minh xe có nguồn gốc xuất xứ hợp pháp do nhà sản xuất, phân phối cấp, cơ quan Công an KHÔNG ĐƯỢC TỊCH THU xe mà chỉ xử phạt tiền và yêu cầu bạn lắp lại bàn đạp đúng thiết kế nguyên bản để hoàn trả phương tiện.",https://bocongan.gov.vn/hoi-dap/chi-tiet-cau-hoi/f5691f87-6901-4417-a578-dd02a4c18d85?page=/bo-voi-cong-dan,
259,"Bộ Công an cho tôi hỏi: Khi cán bộ Công an thực hiện nhiệm vụ tuần tra, kiểm soát dừng phương tiện để kiểm tra hành chính thì người bị dừng phương tiện có quyền đề nghị cán bộ Công an cho xem văn bản được cử đi làm nhiệm vụ hay không? Nếu trường hợp các đồng chí Công an từ chối không xuất trình thì người bị dừng phương tiện có quyền không xuất trình giấy tờ không? Bởi trong thực tế có rất nhiều trường hợp lợi dụng việc kiểm tra hành chính, giả danh cán bộ Công an đang làm nhiệm vụ để làm những việc trái với quy định pháp luật ảnh hưởng đến uy tín, hình ảnh của chiến sĩ Công an nhân dân./.","Người tham gia giao thông không có quyền yêu cầu cán bộ Cảnh sát giao thông phải xuất trình kế hoạch tuần tra, kiểm soát tại lề đường và KHÔNG ĐƯỢC PHÉP từ chối xuất trình giấy tờ khi có hiệu lệnh kiểm tra của người thi hành công vụ.

Căn cứ pháp lý:
- Khoản 1, Khoản 3 Điều 56, Điều 65, Điều 66, Điểm b khoản 2 Điều 72 Luật Trật tự, an toàn giao thông đường bộ năm 2024 (Luật số 36/2024/QH15).
- Điều 11 Thông tư số 67/2019/TT-BCA (được sửa đổi, bổ sung bởi Thông tư số 46/2024/TT-BCA của Bộ Công an).
- Điều 8, Điều 12, Điều 14 Thông tư số 73/2024/TT-BCA của Bộ Công an.
- Điều 18, Khoản 10 Điều 12 Nghị định số 168/2024/NĐ-CP (được sửa đổi, bổ sung bởi Nghị định số 238/2026/NĐ-CP); Điểm a khoản 2 Điều 26 Nghị định số 282/2025/NĐ-CP.

Nội dung giải đáp chi tiết:
1. Quyền giám sát của người dân đối với CSGT:
Theo Điều 11 Thông tư số 67/2019/TT-BCA (đã được sửa đổi, bổ sung bởi Thông tư số 46/2024/TT-BCA), công dân được thực hiện quyền giám sát hoạt động của Cảnh sát giao thông thông qua các hình thức: tiếp cận thông tin công khai trên Cổng/Trang thông tin điện tử, tài khoản mạng xã hội của cơ quan Công an; qua các chủ thể giám sát theo quy định; tiếp xúc, giải quyết trực tiếp công việc với cán bộ, chiến sĩ; quan sát trực tiếp công tác bảo đảm trật tự, an toàn giao thông (ngoài khu vực thực thi công vụ được giăng dây, đặt cọc tiêu). Cán bộ Cảnh sát giao thông khi dừng xe có trách nhiệm thông báo rõ căn cứ dừng phương tiện và nội dung kiểm soát cho người điều khiển phương tiện biết.
2. Người dân có quyền yêu cầu xem kế hoạch tuần tra tại lề đường không?
Pháp luật KHÔNG QUY ĐỊNH cán bộ Cảnh sát giao thông phải xuất trình bản kế hoạch, chuyên đề tuần tra hoặc công văn phân công công tác cho người tham gia giao thông xem trực tiếp tại nơi dừng xe. Kế hoạch tuần tra, kiểm soát được công khai theo quy định chung hoặc lưu trữ nghiệp vụ nội bộ; Thông tư số 46/2024/TT-BCA đã bãi bỏ quy định công khai kế hoạch tuần tra bằng hình thức xuất trình trực tiếp cho người dân tại vị trí kiểm soát lề đường.
3. Người dân có được từ chối xuất trình giấy tờ không?
Căn cứ khoản 1 Điều 56 và điểm b khoản 2 Điều 72 Luật Trật tự, an toàn giao thông đường bộ năm 2024, người tham gia giao thông có nghĩa vụ chấp hành hiệu lệnh dừng xe và yêu cầu kiểm tra, kiểm soát của người thi hành công vụ. Do đó, người dân KHÔNG ĐƯỢC TỰ Ý TỪ CHỐI xuất trình giấy tờ. Hành vi vi phạm sẽ bị xử lý như sau:
- Xử phạt lỗi không mang theo giấy tờ (nếu có giấy tờ nhưng chưa xuất trình tại thời điểm kiểm tra): Phạt tiền từ 300.000 đồng đến 400.000 đồng đối với ô tô (điểm a, b, c khoản 3 Điều 18), từ 200.000 đồng đến 300.000 đồng đối với mô tô, xe máy (điểm c, d khoản 2 Điều 18 Nghị định số 168/2024/NĐ-CP) nếu giấy tờ chưa được tích hợp trên VNeID/VNeTraffic.
- Xử phạt hành vi không chấp hành yêu cầu kiểm tra, cản trở người thi hành công vụ: Phạt tiền từ 4.000.000 đồng đến 6.000.000 đồng theo khoản 10 Điều 12 Nghị định số 168/2024/NĐ-CP và điểm a khoản 2 Điều 26 Nghị định số 282/2025/NĐ-CP.
(Lưu ý: Nếu nghi ngờ có dấu hiệu giả danh Công an, người dân có quyền ghi nhận số hiệu, biển số xe chuyên dụng hoặc gọi điện ngay tới đường dây nóng của Công an cấp xã/huyện nơi gần nhất để xác minh).",https://bocongan.gov.vn/hoi-dap/chi-tiet-cau-hoi/5c286fd7-fc01-4c9c-983e-65ec9f250ad9?page=/bo-voi-cong-dan,
260,"Tôi có 01 chiếc xe tải 1,9 tấn, biển trắng để vận chuyển hàng hóa cá nhân phục vụ công việc của gia đình. Bộ Công an cho tôi hỏi, xe của tôi có cần niêm yết, dán cố định chữ ""xe nội bộ"" phía trước và sau kính lái theo quy định tại Nghị định 158 không? Những xe nào bắt buộc và không bắt buộc phải niêm yết, dán cố định chữ ""xe nội bộ""?","Xe tải 1,9 tấn biển trắng do cá nhân sở hữu sử dụng thuần túy phục vụ nhu cầu sinh hoạt gia đình, cá nhân (không phục vụ hoạt động sản xuất, kinh doanh, dịch vụ) thì KHÔNG BẮT BUỘC dán cụm từ ""XE NỘI BỘ"". Chỉ xe ô tô chở hàng phục vụ quá trình sản xuất, tiêu thụ sản phẩm hoặc dịch vụ của cơ quan, tổ chức, cá nhân mới thuộc đối tượng vận tải hàng hóa nội bộ bắt buộc phải niêm yết.

Căn cứ pháp lý:
- Khoản 1, Khoản 12 Điều 56 Luật Đường bộ số 35/2024/QH15.
- Điều 3, Điều 25 Nghị định số 158/2024/NĐ-CP của Chính phủ quy định về hoạt động vận tải đường bộ (được hợp nhất tại Văn bản hợp nhất số 58/2026/VBHN-BXD).

Nội dung quy định chi tiết:
1. Quy định về xe ô tô vận tải hàng hóa nội bộ (Điều 25 Nghị định số 158/2024/NĐ-CP):
Xe ô tô vận tải hàng hóa nội bộ phải được niêm yết (dán cố định) cụm từ ""XE NỘI BỘ"" làm bằng vật liệu phản quang trên kính phía trước, kích thước tối thiểu của cụm từ ""XE NỘI BỘ"" là 10 x 35 cm (hoặc niêm yết bằng thiết bị điện tử luôn được bật sáng).
2. Đối tượng bắt buộc và không bắt buộc niêm yết:
- Đối tượng BẮT BUỘC: Xe ô tô chở hàng của cơ quan, tổ chức, cá nhân sử dụng để vận tải sản phẩm, hàng hóa do mình sản xuất hoặc trang thiết bị, dụng cụ, nguyên vật liệu, nhiên liệu phục vụ quá trình sản xuất, tiêu thụ sản phẩm hoặc dịch vụ của đơn vị mình mà không kinh doanh, không thu tiền cước (vận tải hàng hóa nội bộ theo điểm b khoản 12 Điều 56 Luật Đường bộ số 35/2024/QH15).
- Đối tượng KHÔNG BẮT BUỘC: Xe ô tô tải biển trắng do cá nhân đứng tên sở hữu chỉ sử dụng phục vụ nhu cầu sinh hoạt gia đình, vận chuyển đồ đạc cá nhân thuần túy, không gắn liền với quá trình sản xuất, kinh doanh hàng hóa hay cung ứng dịch vụ nào.
Do đó, chiếc xe tải 1,9 tấn biển trắng của bạn chỉ dùng chở hàng cá nhân phục vụ công việc gia đình không thuộc đối tượng vận tải hàng hóa nội bộ và không bắt buộc phải dán chữ ""XE NỘI BỘ"".",https://bocongan.gov.vn/hoi-dap/chi-tiet-cau-hoi/3141621a-8911-4460-bb02-845a90e82d18?page=/bo-voi-cong-dan,
261,"Con của tôi 16 tuổi, điều khiển xe gắn máy có dung tích 50 cm3 đi học thì có đúng quy định của pháp luật hay không? Các giấy tờ cần thiết con tôi phải mang theo khi tham gia giao thông bằng xe gắn máy có dung tích 50 cm3 gồm những gì? Khi con tôi điều khiển xe gắn máy có dung tích 50 cm3 đi học và xảy ra va chạm nhẹ thì trách nhiệm có thuộc về tôi hay không?","Con 16 tuổi đi xe 50cm^3 đi học là ĐÚNG LUẬT; cần mang theo Đăng ký xe, Bảo hiểm TNDS bắt buộc và CCCD/Thẻ căn cước (không cần GPLX). Nếu xảy ra va chạm, con bồi thường bằng tài sản riêng, nếu không đủ thì cha mẹ phải bồi thường phần còn thiếu.

Căn cứ pháp lý:
- Điểm a khoản 1 Điều 59, Khoản 1 và Khoản 4 Điều 56, Điểm g khoản 1 Điều 34 Luật Trật tự, an toàn giao thông đường bộ số 36/2024/QH15.
- Khoản 2 Điều 586 Bộ luật Dân sự số 91/2015/QH13.
- Điểm a khoản 1 Điều 5 Luật Xử lý vi phạm hành chính số 15/2012/QH13 (sửa đổi, bổ sung năm 2020).

Giải đáp cụ thể từng nội dung:
1. Về độ tuổi điều khiển xe:
Căn cứ điểm a khoản 1 Điều 59 và điểm g khoản 1 Điều 34 Luật Trật tự, an toàn giao thông đường bộ số 36/2024/QH15, người đủ 16 tuổi trở lên được điều khiển xe gắn máy (xe có dung tích xi-lanh dưới 50 cm^3 hoặc có công suất động cơ điện không quá 04 kW). Vì vậy, học sinh đủ 16 tuổi điều khiển xe gắn máy 50 cm^3 đi học là HOÀN TOÀN ĐÚNG QUY ĐỊNH PHÁP LUẬT.
2. Các giấy tờ cần mang theo:
Căn cứ khoản 1 và khoản 4 Điều 56 Luật số 36/2024/QH15, người điều khiển xe gắn máy dưới 50 cm^3 không bắt buộc phải có Giấy phép lái xe. Học sinh chỉ cần mang theo các giấy tờ sau (bản cứng hoặc thông tin đã được tích hợp hiển thị trên tài khoản định danh điện tử VNeID):
- Chứng nhận đăng ký xe;
- Giấy chứng nhận bảo hiểm bắt buộc trách nhiệm dân sự của chủ xe cơ giới còn hiệu lực;
- Thẻ Căn cước công dân/Thẻ Căn cước của người lái xe để chứng minh độ tuổi hợp pháp khi lực lượng chức năng kiểm tra.
3. Trách nhiệm khi xảy ra va chạm:
- Trách nhiệm dân sự (bồi thường thiệt hại): Căn cứ khoản 2 Điều 586 Bộ luật Dân sự 2015, người từ đủ 15 tuổi đến dưới 18 tuổi gây thiệt hại thì phải bồi thường bằng tài sản của mình; nếu không đủ tài sản để bồi thường thì cha, mẹ bắt buộc phải bồi thường phần còn thiếu bằng tài sản của cha mẹ.
- Trách nhiệm hành chính: Căn cứ điểm a khoản 1 Điều 5 Luật Xử lý vi phạm hành chính, người từ đủ 16 tuổi trở lên phải tự chịu trách nhiệm hành chính về mọi vi phạm do mình thực hiện. Do cha mẹ giao xe gắn máy 50 cm^3 cho con đủ 16 tuổi là đúng quy định độ tuổi pháp luật cho phép nên cha mẹ không bị xử phạt vi phạm hành chính về hành vi giao xe cho người không đủ điều kiện.",https://bocongan.gov.vn/hoi-dap/chi-tiet-cau-hoi/d3a2d680-8513-4280-8d9e-85c7645f7630?page=/bo-voi-cong-dan,
262,"Tôi đã vi phạm hành chính khi không đội mũ bảo hiểm cho người đi mô tô khi tham gia giao thông (số 26052492/BB-VPHC) vào hồi 20h30 ngày 25/7/2026 tại xã Đông Hưng, tỉnh Hưng Yên. Khi phát hiện và trực tiếp đưa tôi về đồn Công an xã gần đó, 02 cán bộ không mặc quân phục chỉ giơ thẻ ngành khi thực hiện nhiệm vụ. Tôi xin nhận lỗi và sẽ nộp phạt theo quy định nhưng do đây là lần đầu bị bắt bởi người thi hành công vụ mặc đồ dân sự nên tôi thắc mắc rằng, cán bộ khi thực hiện nhiệm vụ giao thông cần mặc quân phục hay không? Mong Bộ Công an giải đáp thắc mắc của tôi?","Cán bộ Công an làm nhiệm vụ tuần tra, kiểm soát công khai bắt buộc phải mặc quân phục; cán bộ hóa trang mặc thường phục chỉ được trực tiếp dừng xe và đưa người vi phạm về đồn khi phát hiện hành vi vi phạm nghiêm trọng quả tang sau khi đã xuất trình Giấy chứng minh CAND (Thẻ ngành).

Căn cứ pháp lý:
- Khoản 1 Điều 65 Luật Trật tự, an toàn giao thông đường bộ năm 2024 (Luật số 36/2024/QH15).
- Khoản 1, khoản 2, điểm a và điểm b khoản 3 Điều 7, Điều 10 Thông tư số 73/2024/TT-BCA của Bộ Công an.
- Điều 23 Nghị định số 282/2025/NĐ-CP của Chính phủ.

Quy định cụ thể về việc mặc trang phục khi làm nhiệm vụ:
1. Nguyên tắc tuần tra, kiểm soát công khai:
Căn cứ khoản 1 Điều 65 Luật số 36/2024/QH15, khi thực hiện nhiệm vụ tuần tra, kiểm soát công khai, cán bộ Cảnh sát giao thông và lực lượng phối hợp bắt buộc phải sử dụng trang phục Cảnh sát theo đúng quy định của Bộ Công an, đeo số hiệu CAND và sử dụng phương tiện, thiết bị kỹ thuật chuyên dùng.
2. Quy định về lực lượng hóa trang (mặc thường phục):
Căn cứ Điều 7 Thông tư số 73/2024/TT-BCA, lực lượng Công an được bố trí một bộ phận cán bộ hóa trang mặc thường phục, hóa trang phương tiện để phối hợp với bộ phận tuần tra công khai theo kế hoạch đã được Trưởng phòng Cảnh sát giao thông hoặc Giám đốc Công an cấp tỉnh, Cục trưởng Cục Cảnh sát giao thông phê duyệt:
- Nhiệm vụ thông thường: Cán bộ hóa trang trực tiếp quan sát, sử dụng phương tiện, thiết bị kỹ thuật nghiệp vụ để phát hiện, ghi nhận vi phạm, sau đó thông báo ngay cho bộ phận tuần tra công khai (mặc quân phục) tiến hành dừng phương tiện, kiểm soát và xử lý theo quy định.
- Trường hợp cán bộ hóa trang được trực tiếp dừng xe: Căn cứ điểm b khoản 3 Điều 7 Thông tư số 73/2024/TT-BCA, cán bộ hóa trang chỉ được sử dụng Giấy chứng minh CAND để trực tiếp yêu cầu dừng phương tiện khi ""phát hiện hành vi vi phạm nghiêm trọng về trật tự, an toàn giao thông đường bộ, an ninh, trật tự xã hội, nếu không ngăn chặn kịp thời sẽ gây hậu quả nguy hiểm cho xã hội, làm thiệt hại đến tài sản của cơ quan, tổ chức, cá nhân, tổn hại đến tính mạng, sức khỏe của người tham gia giao thông"", đồng thời phối hợp đưa đối tượng vi phạm về trụ sở cơ quan Công an nơi gần nhất giải quyết.
- Đối với các vi phạm hành chính thông thường (như không đội mũ bảo hiểm, không bật đèn chiếu sáng), cán bộ hóa trang sau khi phát hiện phải thông báo cho lực lượng tuần tra công khai (mặc quân phục) dừng xe xử lý, không được tự ý trực tiếp ra hiệu lệnh dừng xe. 
(Lưu ý: Hành vi tàng trữ, sử dụng trái phép trang phục, Giấy chứng minh CAND hoặc giả danh Công an sẽ bị xử phạt từ 500.000 đồng đến 1.500.000 đồng theo Điều 23 Nghị định số 282/2025/NĐ-CP hoặc bị truy cứu trách nhiệm hình sự).",https://bocongan.gov.vn/hoi-dap/chi-tiet-cau-hoi/2cd638e3-e9d3-4c95-94ac-b4d6100829a6?page=/bo-voi-cong-dan,
263,Tôi đã thi đỗ sát hạch lái xe ô tô bằng B từ ngày 26/3/2026 nhưng đến nay tôi vẫn chưa được cập nhật Giấy phép lái xe trên app VNeTraffic. Tôi đã đến cơ sở đào tạo xin số Giấy phép lái xe để cập nhật thì trường nói bên Công an chưa gửi file về trường. Vậy tôi phải chờ bao lâu nữa và làm thế nào để biết số Giấy phép lái xe của tôi?,"Thời hạn cấp mới Giấy phép lái xe điện tử và đồng bộ lên hệ thống là trong 02 giờ kể từ khi kết thúc kỳ sát hạch; cấp GPLX bằng vật liệu PET (nếu có nhu cầu) không quá 3,5 ngày làm việc. Công dân có thể tra cứu số GPLX trên VNeTraffic, ví giấy tờ VNeID hoặc Cổng dịch vụ công bằng số CCCD.

Căn cứ pháp lý:
- Điều 7, Điều 61, Điều 62 Luật Trật tự, an toàn giao thông đường bộ số 36/2024/QH15 (sửa đổi, bổ sung bởi Luật số 118/2025/QH15).
- Khoản 3 Điều 12, Khoản 1 Điều 19, Điều 31, Điều 34 Thông tư số 108/2026/TT-BCA của Bộ Công an quy định về sát hạch, cấp giấy phép lái xe.

Hướng dẫn xử lý và tra cứu cụ thể:
1. Thời hạn cấp GPLX và đồng bộ hệ thống:
Theo quy định tại Thông tư số 108/2026/TT-BCA, Cục Cảnh sát giao thông cấp Giấy phép lái xe điện tử cho người đạt kết quả kỳ sát hạch và tích hợp vào hệ thống dữ liệu điện tử trong thời hạn 02 giờ kể từ thời điểm kết thúc kỳ sát hạch lái xe. Sau khi dữ liệu được đồng bộ, thông tin GPLX sẽ tự động hiển thị trên ứng dụng VNeTraffic và VNeID. Trường hợp người dân có nhu cầu cấp Giấy phép lái xe bằng vật liệu PET, cơ quan Cảnh sát giao thông tổ chức in và trả GPLX trong thời hạn 3,5 ngày làm việc kể từ ngày kết thúc kỳ sát hạch.
2. Các bước tra cứu số Giấy phép lái xe:
- Bước 1: Mở ứng dụng VNeTraffic hoặc VNeID, truy cập mục Ví giấy tờ -&gt; chọn Giấy phép lái xe để kiểm tra thông tin GPLX điện tử đã được tích hợp;
- Bước 2: Truy cập Cổng dịch vụ công Bộ Công an hoặc Trang thông tin tra cứu Giấy phép lái xe của Cục Cảnh sát giao thông, nhập số Căn cước công dân và ngày tháng năm sinh để tra cứu trực tuyến thông tin GPLX;
- Bước 3: Trường hợp đã hoàn thành kỳ sát hạch mà dữ liệu GPLX điện tử chưa hiển thị trên hệ thống, công dân liên hệ trực tiếp Phòng Cảnh sát giao thông tổ chức kỳ sát hạch hoặc Trung tâm sát hạch lái xe để kiểm tra việc đối chiếu, truyền dữ liệu kết quả sát hạch.",https://bocongan.gov.vn/hoi-dap/chi-tiet-cau-hoi/f27fb387-8413-4dd6-92de-92117d9c46dd?page=/bo-voi-cong-dan,
264,"Tham gia giao thông hằng ngày, tôi thấy vỉa hè, lòng đường bị lấn chiếm rất nhiều làm chỗ để vật liệu xây dựng, kinh doanh... gây cản trở và mất an toàn giao thông. Bộ Công an cho tôi hỏi, hành vi nêu trên theo quy định hiện nay sẽ bị xử lý như thế nào?","Lấn chiếm lòng đường, vỉa hè để kinh doanh, bày bán vật liệu xây dựng bị phạt từ 2.000.000 đồng đến 5.000.000 đồng đối với cá nhân (từ 4.000.000 đồng đến 10.000.000 đồng đối với tổ chức) theo Nghị định số 168/2024/NĐ-CP và buộc thu dọn hàng hóa, vật tư, máy móc vi phạm hoàn trả nguyên trạng.

Căn cứ pháp lý:
- Khoản 20 Điều 9, Điểm o khoản 4 Điều 18, Điều 77 Luật Trật tự, an toàn giao thông đường bộ số 36/2024/QH15; Khoản 3 Điều 7 Luật Đường bộ số 35/2024/QH15.
- Khoản 7, Khoản 9 Điều 12, điểm a khoản 5 Điều 45 Nghị định số 168/2024/NĐ-CP (được sửa đổi, bổ sung bởi Nghị định số 238/2026/NĐ-CP).
- Điều 5 Nghị định số 336/2025/NĐ-CP (đối với vi phạm đất dành cho kết cấu hạ tầng đường bộ ngoài đô thị).

Chế tài xử phạt cụ thể:
1. Xử phạt theo Nghị định số 168/2024/NĐ-CP:
- Hành vi buôn bán, kinh doanh dịch vụ ăn uống, sửa chữa phương tiện, máy móc, thiết bị trên lòng đường đô thị, hè phố: Căn cứ khoản 7 Điều 12, phạt tiền từ 2.000.000 đồng đến 3.000.000 đồng đối với cá nhân, từ 4.000.000 đồng đến 6.000.000 đồng đối với tổ chức.
- Hành vi bày, bán máy móc, thiết bị, vật tư hoặc sản xuất, gia công hàng hóa trên lòng đường đô thị, hè phố: Căn cứ khoản 9 Điều 12, phạt tiền từ 3.000.000 đồng đến 5.000.000 đồng đối với cá nhân, từ 6.000.000 đồng đến 10.000.000 đồng đối với tổ chức.
- Biện pháp khắc phục hậu quả: Căn cứ điểm a khoản 5 Điều 45, buộc thu dọn chướng ngại vật, vật cản, hàng hóa, vật tư, phương tiện, máy móc, thiết bị theo hướng dẫn của lực lượng chức năng tại nơi phát hiện vi phạm.
2. Xử phạt theo Nghị định số 336/2025/NĐ-CP (ngoài đô thị, trên quốc lộ):
- Căn cứ khoản 3 Điều 5, hành vi dựng rạp, lều quán trái phép trong phạm vi đất dành cho kết cấu hạ tầng đường bộ bị phạt tiền từ 3.000.000 đồng đến 5.000.000 đồng đối với cá nhân, từ 6.000.000 đồng đến 10.000.000 đồng đối với tổ chức.
- Căn cứ điểm a khoản 4 Điều 5, hành vi đổ, để trái phép vật liệu, chất phế thải trong hành lang an toàn đường bộ bị phạt tiền từ 4.000.000 đồng đến 6.000.000 đồng đối với cá nhân, từ 8.000.000 đồng đến 10.000.000 đồng đối với tổ chức.
- Biện pháp khắc phục hậu quả: Căn cứ điểm d, điểm đ khoản 7 Điều 5, buộc thu dọn vật liệu, chất phế thải hoặc buộc phá dỡ lều quán, công trình xây dựng trái phép và khôi phục lại tình trạng ban đầu.",https://bocongan.gov.vn/hoi-dap/chi-tiet-cau-hoi/8b846bcb-bd25-495b-92f8-4c08822736d8?page=/bo-voi-cong-dan,
265,"Bộ Công an cho tôi hỏi, khi điều khiển phương tiện tham gia giao thông (cả ô tô và xe gắn máy) trong hầm đường bộ thì quy định về bật đèn chiếu sáng được quy định cụ thể như thế nào? Nếu vi phạm thì sẽ bị xử lý như thế nào và có bị tước bằng lái xe hay không?","Điều khiển phương tiện trong hầm đường bộ bắt buộc phải bật đèn chiếu sáng gần; vi phạm bị phạt từ 800.000 đến 1.000.000 đồng (đối với ô tô) hoặc từ 400.000 đến 600.000 đồng (đối với mô tô, xe gắn máy); không bị trừ điểm giấy phép lái xe trừ trường hợp vi phạm dẫn đến tai nạn giao thông.

Căn cứ pháp lý:
- Khoản 1 Điều 26 Luật Trật tự, an toàn giao thông đường bộ số 36/2024/QH15.
- Điểm n khoản 3, điểm b khoản 10, điểm d khoản 16 Điều 6 Nghị định số 168/2024/NĐ-CP (đối với xe ô tô).
- Điểm h khoản 3, điểm b khoản 10, điểm d khoản 12 Điều 7 Nghị định số 168/2024/NĐ-CP (đối với xe mô tô, xe gắn máy).
(Các điều khoản được sửa đổi, bổ sung bởi Nghị định số 238/2026/NĐ-CP).

Quy định chi tiết và chế tài xử lý:
1. Quy định bắt buộc:
Căn cứ khoản 1 Điều 26 Luật số 36/2024/QH15, người điều khiển xe cơ giới, xe máy chuyên dùng khi chạy trong hầm đường bộ bắt buộc phải bật đèn chiếu sáng gần; xe thô sơ phải bật đèn hoặc có vật phát sáng báo hiệu.
2. Chế tài xử phạt đối với người điều khiển xe ô tô:
- Phạt tiền từ 800.000 đồng đến 1.000.000 đồng theo điểm n khoản 3 Điều 6 Nghị định 168/2024/NĐ-CP.
- Trường hợp không bật đèn chiếu sáng gần trong hầm mà gây tai nạn giao thông: phạt tiền từ 20.000.000 đồng đến 26.000.000 đồng và bị trừ 10 điểm giấy phép lái xe (điểm b khoản 10, điểm d khoản 16 Điều 6).
3. Chế tài xử phạt đối với người điều khiển xe mô tô, xe gắn máy:
- Phạt tiền từ 400.000 đồng đến 600.000 đồng theo điểm h khoản 3 Điều 7 Nghị định số 168/2024/NĐ-CP đối với hành vi chạy trong hầm đường bộ không sử dụng đèn chiếu sáng gần. 
- Trường hợp không bật đèn chiếu sáng gần trong hầm mà gây tai nạn giao thông: phạt tiền từ 10.000.000 đồng đến 14.000.000 đồng và bị trừ 10 điểm giấy phép lái xe (điểm b khoản 10, điểm d khoản 12 Điều 7). 
4. Về việc tước/trừ điểm giấy phép lái xe: 
Ở mức vi phạm thông thường không xảy ra tai nạn giao thông, người vi phạm CHỈ BỊ PHẠT TIỀN, KHÔNG BỊ TRỪ ĐIỂM HOẶC TƯỚC GIẤY PHÉP LÁI XE. Chỉ khi hành vi vi phạm dẫn đến tai nạn giao thông thì mới bị trừ 10 điểm giấy phép lái xe theo luật định.",https://bocongan.gov.vn/hoi-dap/chi-tiet-cau-hoi/73019907-4ea5-4b8b-9cf4-078c4253e52d?page=/bo-voi-cong-dan,
266,"Vừa qua, dư luận rất bức xúc vì vụ việc hai vợ chồng giúp đỡ người gặp tai nạn giao thông ở Vân Đồn, Quảng Ninh nhưng lại bị tố cáo là người gây tai nạn. Về việc này, Bộ Công an cho tôi hỏi một số nội dung sau:
- Nếu sau khi giúp đỡ người gặp tai nạn giao thông nhưng lại bị tố cáo là người gây tai nạn thì bản thân người giúp đỡ phải làm gì? Cơ quan Công an có giải pháp gì để tránh xảy ra oan sai trong các vụ việc như thế này?
- Trường hợp nhìn thấy người bị tai nạn giao thông mà không cứu giúp thì theo quy định sẽ bị xử lý như thế nào?","Người giúp người bị nạn cần ghi hình hiện trường, tìm nhân chứng, gọi 115 và Công an để tránh oan sai. Thấy người gặp nạn mà không cứu giúp bị phạt hành chính từ 500.000 đến 1.000.000 đồng đối với cá nhân hoặc phạt tù lên đến 07 năm nếu dẫn đến chết người.

Căn cứ pháp lý:
- Khoản 5 Điều 3, Khoản 26 Điều 9, Khoản 2 và Khoản 4 Điều 80, Điều 81, Khoản 3 Điều 85 Luật Trật tự, an toàn giao thông đường bộ số 36/2024/QH15.
- Khoản 2 Điều 33 Bộ luật Dân sự số 91/2015/QH13.
- Điểm a khoản 6 Điều 12 Nghị định số 168/2024/NĐ-CP (được sửa đổi, bổ sung bởi Nghị định số 238/2026/NĐ-CP).
- Điều 132 Bộ luật Hình sự số 100/2015/QH13 (sửa đổi, bổ sung năm 2017).
- Thông tư số 72/2024/TT-BCA của Bộ Công an quy định quy trình điều tra, giải quyết tai nạn giao thông đường bộ.

Nội dung giải đáp chi tiết:
1. Cách tự bảo vệ khi giúp đỡ người bị tai nạn để tránh bị tố cáo nhầm: 
- Báo ngay cho cơ quan Công an, cơ sở y tế 115 hoặc Ủy ban nhân dân nơi gần nhất theo Điều 80, Điều 81 Luật số 36/2024/QH15.
 - Nhờ người dân xung quanh hoặc người cùng đi đường chứng kiến, ghi lại họ tên, số điện thoại, địa chỉ của người làm chứng. 
- Chủ động chụp ảnh, quay video hiện trường, vị trí phương tiện và người bị nạn trước khi di chuyển; trích xuất dữ liệu camera hành trình (nếu có). 
- Khi đưa nạn nhân vào cơ sở y tế cấp cứu, cung cấp rõ ràng thông tin cá nhân cho bác sĩ trực và phối hợp cung cấp thông tin trung thực cho cơ quan Công an. 
- Quyền lợi pháp lý của người giúp đỡ: Căn cứ Khoản 5 Điều 3 Luật số 36/2024/QH15, người tham gia hỗ trợ, giúp đỡ cứu chữa người bị nạn được đền bù nếu bị thiệt hại tài sản, được khôi phục danh dự nếu bị tổn hại, được hưởng chính sách theo quy định nếu bị thương và được Quỹ giảm thiểu thiệt hại tai nạn giao thông đường bộ chi hỗ trợ theo Khoản 3 Điều 85 Luật số 36/2024/QH15. 
- Về phía Công an: Căn cứ Thông tư số 72/2024/TT-BCA, công tác điều tra tai nạn giao thông của Cảnh sát giao thông phải thu thập chứng cứ khách quan (khám nghiệm hiện trường, khám nghiệm phương tiện, kiểm tra nồng độ cồn/chất ma túy, trưng cầu giám định dấu vết va chạm, trích xuất camera), tuyệt đối không suy đoán có lỗi chỉ dựa vào lời khai một chiều. 
2. Chế tài đối với hành vi thấy người bị nạn mà KHÔNG CỨU GIÚP: 
- Xử phạt hành chính: Căn cứ điểm a khoản 6 Điều 12 Nghị định số 168/2024/NĐ-CP, phạt tiền từ 500.000 đồng đến 1.000.000 đồng đối với cá nhân (từ 1.000.000 đồng đến 2.000.000 đồng đối với tổ chức) thực hiện hành vi: ""Khi có điều kiện mà cố ý không cứu giúp người bị tai nạn giao thông đường bộ"". 
- Truy cứu trách nhiệm hình sự: Căn cứ Điều 132 Bộ luật Hình sự về Tội không cứu giúp người đang ở trong tình trạng nguy hiểm đến tính mạng: 
+ Khung 1 (khoản 1 Điều 132): Thấy người khác đang trong tình trạng nguy hiểm đến tính mạng, tuy có điều kiện mà không cứu giúp dẫn đến hậu quả người đó chết thì bị phạt cảnh cáo, phạt cải tạo không giam giữ đến 02 năm hoặc phạt tù từ 03 tháng đến 02 năm. 
+ Khung 2 (khoản 2 Điều 132): Phạt tù từ 01 năm đến 05 năm nếu người không cứu giúp là người đã vô ý gây ra tình trạng nguy hiểm hoặc người theo pháp luật, nghề nghiệp có nghĩa vụ phải cứu giúp. 
+ Khung 3 (khoản 3 Điều 132): Phạt tù từ 03 năm đến 07 năm nếu dẫn đến hậu quả 02 người trở lên chết.",https://bocongan.gov.vn/hoi-dap/chi-tiet-cau-hoi/47d4461b-54d6-4c89-b61e-1cc0ddfa1570?page=/bo-voi-cong-dan,
267,"Tôi uống rượu từ chiều ngày hôm trước, sáng ngày hôm sau tôi lái xe đi làm và được Cảnh sát giao thông yêu cầu dừng xe và kiểm tra nồng độ cồn. Kết quả nồng độ cồn của tôi ở mức 3, tôi bị giữ Giấy phép lái xe. Bộ Công an cho tôi hỏi, tôi không uống rượu vào ngày hôm sau là thời điểm tôi bị xử phạt thì trường hợp của tôi xử lý thế nào cho đúng và tôi phải chứng minh như thế nào?","Pháp luật xử lý nồng độ cồn căn cứ kết quả đo tại thời điểm lái xe, không phụ thuộc việc uống từ hôm trước; nồng độ cồn Mức 3 bị phạt từ 8.000.000 đồng đến 40.000.000 đồng, tước quyền sử dụng Giấy phép lái xe từ 22 đến 24 tháng và tạm giữ phương tiện, giấy tờ. Người vi phạm có quyền yêu cầu xét nghiệm máu nếu không đồng ý với kết quả máy đo khí thở.

Căn cứ pháp lý:
- Khoản 2 Điều 9 Luật Trật tự, an toàn giao thông đường bộ số 36/2024/QH15.
- Khoản 6 Điều 5, Khoản 3 Điều 21 Luật Phòng, chống tác hại của rượu, bia số 44/2019/QH14.
- Điểm a khoản 11, điểm c khoản 15 Điều 6 Nghị định số 168/2024/NĐ-CP (đối với xe ô tô).
- Điểm d khoản 9, điểm c khoản 12 Điều 7 Nghị định số 168/2024/NĐ-CP (đối với xe mô tô, xe gắn máy).
(Các điều khoản được sửa đổi, bổ sung bởi Nghị định số 238/2026/NĐ-CP). - Điều 125 Luật Xử lý vi phạm hành chính số 15/2012/QH13 (sửa đổi, bổ sung năm 2020).

Nội dung giải đáp chi tiết:
1. Nguyên tắc xử lý vi phạm nồng độ cồn:
Căn cứ khoản 2 Điều 9 Luật số 36/2024/QH15 và khoản 6 Điều 5 Luật Phòng, chống tác hại của rượu, bia 2019, pháp luật nghiêm cấm tuyệt đối hành vi điều khiển phương tiện tham gia giao thông đường bộ mà trong máu hoặc hơi thở có nồng độ cồn. Cơ quan chức năng căn cứ vào chỉ số nồng độ cồn đo được trong hơi thở hoặc máu tại thời điểm kiểm tra khi người đó đang điều khiển phương tiện, không phụ thuộc vào thời điểm uống bia rượu. Do tốc độ đào thải cồn phụ thuộc vào thể trạng của từng người, nếu tại thời điểm lái xe thiết bị ghi nhận còn nồng độ cồn thì hành vi vẫn cấu thành vi phạm hành chính.
2. Chế tài xử phạt nồng độ cồn Mức 3 (vượt quá 80 mg/100 ml máu hoặc vượt quá 0,4 mg/1 lít khí thở):
- Đối với xe ô tô: Căn cứ điểm a khoản 11 Điều 6 Nghị định số 168/2024/NĐ-CP, phạt tiền từ 30.000.000 đồng đến 40.000.000 đồng; đồng thời bị tước quyền sử dụng Giấy phép lái xe từ 22 tháng đến 24 tháng theo điểm c khoản 15 Điều 6. 
- Đối với xe mô tô, xe gắn máy: Căn cứ điểm d khoản 9 Điều 7 Nghị định số 168/2024/NĐ-CP, phạt tiền từ 8.000.000 đồng đến 10.000.000 đồng; đồng thời bị tước quyền sử dụng Giấy phép lái xe từ 22 tháng đến 24 tháng theo điểm c khoản 12 Điều 7. 
- Tạm giữ phương tiện và giấy tờ: Căn cứ Điều 125 Luật Xử lý vi phạm hành chính và khoản 1 Điều 48 Nghị định số 168/2024/NĐ-CP, người có thẩm quyền được tạm giữ phương tiện đến 07 ngày và tạm giữ Giấy phép lái xe/giấy tờ liên quan để bảo đảm thi hành quyết định xử phạt.
3. Quyền của người vi phạm để tự bảo vệ và chứng minh:
- Kiểm tra tem kiểm định của thiết bị đo nồng độ cồn (phải còn hiệu lực kiểm định của cơ quan quản lý đo lường theo Luật Đo lường 2011 và Nghị định 135/2021/NĐ-CP); 
- Đề nghị được thổi lại bằng ống thổi mới hoàn toàn để loại trừ trường hợp cồn đọng trong khoang miệng do vừa sử dụng thuốc hoặc thức ăn lên men; 
- Trường hợp không đồng ý với kết quả đo bằng máy đo khí thở, có quyền yêu cầu Cảnh sát giao thông đưa đến cơ sở y tế đủ điều kiện để lấy mẫu máu xét nghiệm nồng độ cồn theo quy định tại khoản 3 Điều 21 Luật Phòng, chống tác hại của rượu, bia 2019 và Thông tư số 72/2024/TT-BCA; 
- Ghi rõ ý kiến chưa đồng ý vào Biên bản vi phạm hành chính và thực hiện quyền khiếu nại hoặc khởi kiện hành chính theo quy định của pháp luật.",https://bocongan.gov.vn/hoi-dap/chi-tiet-cau-hoi/f97a6038-6563-4fc3-9859-5be34b7f68be?page=/bo-voi-cong-dan,
268,"Một người bạn của tôi lái ô tô, không xi nhan khi rẽ trái, bị cảnh sát giao thông dừng xe, khi kiểm tra giấy tờ thì không mang theo giấy phép lái xe, sau đó bạn tôi bị tạm giữ xe","Không xi-nhan rẽ trái phạt từ 800.000 đến 1.000.000 đồng; không mang theo GPLX phạt từ 300.000 đến 400.000 đồng đối với ô tô. CSGT không được tạm giữ xe nếu lái xe xuất trình được thông tin GPLX hợp lệ đã tích hợp trên ứng dụng VNeTraffic/VNeID ngay tại thời điểm kiểm tra.

Căn cứ pháp lý:
- Khoản 1, Khoản 2 Điều 15, Khoản 1 và Khoản 2 Điều 56 Luật Trật tự, an toàn giao thông đường bộ số 36/2024/QH15.
- Điểm c khoản 3 Điều 6, điểm a khoản 3 Điều 18, Khoản 3 Điều 48 Nghị định số 168/2024/NĐ-CP (được sửa đổi, bổ sung bởi Nghị định số 238/2026/NĐ-CP). 
- Khoản 1, Khoản 6 Điều 125 Luật Xử lý vi phạm hành chính số 15/2012/QH13 (sửa đổi, bổ sung năm 2020). 
- Khoản 2 Điều 17 Thông tư số 73/2024/TT-BCA của Bộ Công an.

Nội dung giải đáp chi tiết:
1. Mức xử phạt đối với các hành vi vi phạm:
- Lỗi không bật đèn tín hiệu khi chuyển hướng: Căn cứ điểm c khoản 3 Điều 6 Nghị định số 168/2024/NĐ-CP, phạt tiền từ 800.000 đồng đến 1.000.000 đồng đối với người điều khiển xe ô tô thực hiện hành vi chuyển hướng không giảm tốc độ hoặc không có tín hiệu báo hướng rẽ (hoặc có tín hiệu báo hướng rẽ nhưng không sử dụng liên tục trong quá trình chuyển hướng). 
- Lỗi không mang theo Giấy phép lái xe: Căn cứ điểm a khoản 3 Điều 18 Nghị định số 168/2024/NĐ-CP, phạt tiền từ 300.000 đồng đến 400.000 đồng đối với người điều khiển xe ô tô không mang theo Giấy phép lái xe. (Lưu ý: Nếu người lái xe xuất trình thông tin GPLX hợp lệ đã được tích hợp trên ứng dụng VNeTraffic hoặc VNeID ngay tại thời điểm kiểm tra thì được tính là đã xuất trình giấy tờ hợp lệ và không bị xử phạt lỗi không mang theo giấy tờ).
2. Quy định về việc tạm giữ xe ô tô:
- Căn cứ Khoản 6 Điều 125 Luật Xử lý vi phạm hành chính và Khoản 2 Điều 17 Thông tư số 73/2024/TT-BCA, trường hợp người lái xe xuất trình được Giấy phép lái xe bản cứng hoặc thông tin GPLX hợp lệ hiển thị trên VNeID/VNeTraffic tại thời điểm kiểm tra thì CSGT chỉ lập biên bản xử phạt hành chính (nếu có lỗi vi phạm khác) mà KHÔNG ĐƯỢC TẠM GIỮ XE. 
- Căn cứ điểm a, điểm b khoản 3 Điều 48 Nghị định số 168/2024/NĐ-CP, trường hợp tại thời điểm kiểm tra người điều khiển phương tiện không xuất trình được GPLX (cả bản cứng lẫn thông tin trên ứng dụng VNeID/VNeTraffic), lực lượng CSGT sẽ lập biên bản vi phạm hành chính về lỗi không có GPLX và tạm giữ phương tiện theo quy định để xác minh. 
- Trong thời hạn hẹn đến giải quyết ghi trong biên bản vi phạm, nếu người điều khiển phương tiện xuất trình được GPLX hoặc thông tin GPLX đã tích hợp trên VNeID/VNeTraffic (hoặc xác minh tra cứu được thông tin GPLX ô tô hợp lệ trên hệ thống dữ liệu), người có thẩm quyền sẽ ra quyết định xử phạt về hành vi không mang theo Giấy phép lái xe (phạt từ 300.000 đồng đến 400.000 đồng) và làm thủ tục trả lại phương tiện bị tạm giữ.",https://chinhsachonline.chinhphu.vn/nhung-truong-hop-vi-pham-giao-thong-bi-tam-giu-phuong-tien-69338.htm,
269,"Anh Nam điều khiển xe ô tô của gia đình chở con trai 6 tuổi, cao 1,2 mét đi học. Cháu bé ngồi ở hàng ghế sau và chỉ thắt dây đai an toàn dành cho người lớn, không sử dụng ghế hoặc thiết bị an toàn phù hợp với trẻ em. Anh Nam cho rằng việc để cháu ngồi ở hàng ghế sau và thắt dây an toàn là đã bảo đảm an toàn nên không trang bị thêm ghế dành cho trẻ em. Trong quá trình tuần tra, kiểm soát, lực lượng Cảnh sát giao thông phát hiện hành vi trên và tiến hành lập biên bản xử lý theo quy định.
Hỏi: Trong trường hợp này, anh Nam sẽ bị xử lý như thế nào?","Khoản 1a  Điều 6 Nghị định số 168/2024/NĐ-CP, được bổ sung bởi khoản 1 Điều 2 Nghị định số 238/2026/NĐ-CP quy định:“Phạt cảnh cáo đối với người điều khiển xe ô tô chở trẻ em dưới 10 tuổi và có chiều cao dưới 1,35 m mà không sử dụng thiết bị an toàn phù hợp cho trẻ em (trừ xe kinh doanh vận tải hành khách).”
Trong tình huống này, con của anh Nam mới 6 tuổi và cao 1,2 mét, thuộc trường hợp bắt buộc phải sử dụng thiết bị an toàn phù hợp khi được chở trên xe ô tô. Việc cháu chỉ sử dụng dây đai an toàn dành cho người lớn không được coi là thay thế thiết bị an toàn phù hợp theo quy định.
Do đó, Anh Nam sẽ bị áp dụng hình thức cảnh cáo theo quy định của pháp luật. Đồng thời, khi chở trẻ em dưới 10 tuổi và có chiều cao dưới 1,35m trên xe ô tô, người điều khiển phương tiện phải trang bị và sử dụng đúng loại ghế hoặc thiết bị an toàn phù hợp với độ tuổi, chiều cao và thể trạng của trẻ để bảo đảm an toàn.",https://pbgdplthainguyen.gov.vn/huong-dan-nghiep-vu/40-tinh-huong-tuyen-truyen-phap-luat-1004.html,
270,"Chị Hương điều khiển xe ô tô 5 chỗ đưa con trai 8 tuổi, cao 1,28 mét đi học. Do quãng đường ngắn và nghĩ rằng cháu đã thắt dây đai an toàn nên chị bố trí cho cháu ngồi ở ghế phía trước cùng hàng với lái xe. Khi kiểm tra tại chốt kiểm soát giao thông, lực lượng cảnh sát giao thông phát hiện và lập biên bản.
Hỏi: Trong trường hợp này, chị Hương sẽ bị xử lý như thế nào?","Điểm m khoản 3 Điều 6 Nghị định số 168/2024/NĐ-CP (được sửa đổi, bổ sung bởi khoản 2 Điều 2 Nghị định số 238/2026/NĐ-CP) quy định:
“3. Phạt tiền từ 800.000 đồng đến 1.000.000 đồng đối với người điều khiển xe thực hiện một trong các hành vi vi phạm sau đây:m. Chở trẻ em dưới 10 tuổi và có chiều cao dưới 1,35 mét ngồi cùng hàng ghế với người lái xe (trừ xe ô tô chỉ có một hàng ghế);”
Trong tình huống này, con của chị Hương 8 tuổi và cao 1,28 mét, thuộc trường hợp không được bố trí ngồi cùng hàng ghế với người lái xe. Việc cháu có thắt dây đai an toàn không làm thay đổi quy định về vị trí ngồi đối với trẻ em dưới 10 tuổi và có chiều cao dưới 1,35 mét.
Như vậy, Chị Hương đã thực hiện hành vi vi phạm quy định về chở trẻ em trên xe ô tô cho ngồi cùng hành ghế với người lái xe và sẽ bị phạt tiền từ 800.000 đồng đến 1.000.000 đồng theo quy định tại điểm m khoản 3 Điều 6 Nghị định số 168/2024/NĐ-CP đã được sửa đổi, bổ sung bởi Nghị định số 238/2026/NĐ-CP. Đồng thời, khi chở trẻ em dưới 10 tuổi và có chiều cao dưới 1,35 mét, người điều khiển xe cần bố trí trẻ ngồi đúng vị trí theo quy định và sử dụng thiết bị an toàn phù hợp để bảo đảm an toàn khi tham gia giao thông.",https://pbgdplthainguyen.gov.vn/huong-dan-nghiep-vu/40-tinh-huong-tuyen-truyen-phap-luat-1004.html,
271,"Anh Mạnh điều khiển xe ô tô cá nhân tham gia giao thông và lắp thêm một thiết bị điều khiển từ xa có thể đóng, mở tấm che phía trước biển số xe. Khi cần, anh Mạnh sử dụng thiết bị này để che một phần biển số nhằm tránh bị hệ thống camera giám sát giao thông ghi nhận. Trong quá trình làm nhiệm vụ, lực lượng Cảnh sát giao thông phát hiện và yêu cầu dừng phương tiện để kiểm tra.
Hỏi: Hành vi của anh Mạnh sẽ bị xử phạt như thế nào?","Điểm b khoản 8 Điều 13 Nghị định số 168/2024/NĐ-CP, được sửa đổi, bổ sung tại Điều 3 Nghị định số 238/2026/NĐ-CP quy định:
“8. Phạt tiền từ 20.000.000 đồng đến 26.000.000 đồng đối với một trong các hành vi vi phạm sau đây:
""b) Điều khiển xe không gắn đủ biển số hoặc gắn biển số không đúng vị trí, không đúng quy cách theo quy định; gắn biển số không rõ chữ, số hoặc sơn, dán lên chữ, số của biển số xe; gắn biển số bị bẻ cong, che lấp, làm thay đổi chữ, số, màu sắc (của chữ, số, nền biển số xe), hình dạng, kích thước của biển số xe; sử dụng chất liệu, vật liệu, thiết bị làm thay đổi khả năng nhận diện thông tin biển số xe của phương tiện, thiết bị kỹ thuật nghiệp vụ (kể cả rơ moóc và sơ mi rơ moóc)."".
Trong tình huống này, mặc dù xe vẫn gắn biển số do cơ quan có thẩm quyền cấp nhưng việc lắp đặt và sử dụng thiết bị che biển số đã làm thay đổi khả năng nhận diện thông tin biển số của hệ thống giám sát, thuộc hành vi vi phạm quy định của pháp luật.
Như vậy, anh Mạnh bị phạt tiền từ 20.000.000 đồng đến 26.000.000 đồng, đồng thời bị trừ 06 điểm giấy phép lái xe. Ngoài ra, anh Mạnh phải tháo bỏ thiết bị vi phạm và khôi phục tình trạng ban đầu của biển số xe theo quy định.",https://pbgdplthainguyen.gov.vn/huong-dan-nghiep-vu/40-tinh-huong-tuyen-truyen-phap-luat-1004.html,
272,"Anh Quân đưa xe ô tô đến gara để sửa chữa sau va chạm. Do biển số phía sau bị hư hỏng nên gara đã tháo biển số để thay mới. Sau khi nhận xe, anh Quân vẫn điều khiển phương tiện tham gia giao thông khi chưa gắn lại biển số phía sau. Khi bị lực lượng Cảnh sát giao thông dừng xe kiểm tra, anh Quân cho rằng xe vẫn sử dụng biển số do cơ quan có thẩm quyền cấp và chỉ thiếu một biển trong thời gian chờ sửa chữa nên không phải là hành vi vi phạm.
Hỏi: Trường hợp của anh Quân sẽ bị xử lý như thế nào theo quy định của pháp luật?","Điểm b khoản 8 Điều 13 Nghị định số 168/2024/NĐ-CP, được sửa đổi, bổ sung tại Điều 3 Nghị định số 238/2026/NĐ-CP quy định:
“8. Phạt tiền từ 20.000.000 đồng đến 26.000.000 đồng đối với một trong các hành vi vi phạm sau đây:
""b) Điều khiển xe không gắn đủ biển số hoặc gắn biển số không đúng vị trí, không đúng quy cách theo quy định; gắn biển số không rõ chữ, số hoặc sơn, dán lên chữ, số của biển số xe; gắn biển số bị bẻ cong, che lấp, làm thay đổi chữ, số, màu sắc (của chữ, số, nền biển số xe), hình dạng, kích thước của biển số xe; sử dụng chất liệu, vật liệu, thiết bị làm thay đổi khả năng nhận diện thông tin biển số xe của phương tiện, thiết bị kỹ thuật nghiệp vụ (kể cả rơ moóc và sơ mi rơ moóc)."".
Trong tình huống trên, mặc dù việc tháo biển số phía sau để sửa chữa là có lý do, nhưng khi tham gia giao thông, xe ô tô của anh Quân không được gắn đủ số lượng biển số theo quy định. Vì vậy, hành vi của anh Quân vẫn thuộc trường hợp vi phạm pháp luật về trật tự, an toàn giao thông đường bộ. Việc biển số đã được cơ quan có thẩm quyền cấp hoặc chỉ thiếu biển số trong thời gian chờ sửa chữa không phải là căn cứ để miễn trừ trách nhiệm.
Như vậy, đối với hành vi này, anh Quân bị phạt tiền từ 20.000.000 đồng đến 26.000.000 đồng. Ngoài ra, theo quy định tại điểm b khoản 8 điều 13 Nghị định 168/2024/NĐ-CP anh Quân còn bị trừ 06 điểm giấy phép lái xe; đồng thời phải gắn đủ biển số theo đúng quy định hoặc khôi phục tình trạng ban đầu của phương tiện trước khi tiếp tục tham gia giao thông.",https://pbgdplthainguyen.gov.vn/huong-dan-nghiep-vu/40-tinh-huong-tuyen-truyen-phap-luat-1004.html,
273,"Anh Hùng lắp trên xe ô tô của mình một thiết bị điều khiển từ xa có thể đóng, mở tấm che biển số. Mỗi khi đi qua khu vực có hệ thống camera giám sát giao thông, anh sử dụng điều khiển để che một phần biển số nhằm tránh bị ghi nhận thông tin phương tiện. Sau khi qua khu vực này, anh lại mở tấm che để biển số trở về trạng thái bình thường. Trong quá trình tuần tra, lực lượng Cảnh sát giao thông phát hiện trên xe có lắp thiết bị làm thay đổi khả năng nhận diện biển số của phương tiện và tiến hành kiểm tra.
Hỏi: Hành vi của anh Hùng sẽ bị xử phạt như thế nào?","Điểm b khoản 8 Điều 13 Nghị định số 168/2024/NĐ-CP, được sửa đổi, bổ sung tại Điều 3 Nghị định số 238/2026/NĐ-CP quy định:
“8. Phạt tiền từ 20.000.000 đồng đến 26.000.000 đồng đối với một trong các hành vi vi phạm sau đây:
""b) Điều khiển xe không gắn đủ biển số hoặc gắn biển số không đúng vị trí, không đúng quy cách theo quy định; gắn biển số không rõ chữ, số hoặc sơn, dán lên chữ, số của biển số xe; gắn biển số bị bẻ cong, che lấp, làm thay đổi chữ, số, màu sắc (của chữ, số, nền biển số xe), hình dạng, kích thước của biển số xe; sử dụng chất liệu, vật liệu, thiết bị làm thay đổi khả năng nhận diện thông tin biển số xe của phương tiện, thiết bị kỹ thuật nghiệp vụ (kể cả rơ moóc và sơ mi rơ moóc)."".
Trong trường hợp này, mặc dù xe của anh Hùng vẫn gắn biển số do cơ quan có thẩm quyền cấp, nhưng việc lắp đặt và sử dụng thiết bị che biển số đã làm thay đổi khả năng nhận diện thông tin biển số của phương tiện đối với hệ thống giám sát và thiết bị kỹ thuật nghiệp vụ. Do đó, hành vi của anh Hùng là vi phạm pháp luật và bị phạt tiền từ 20.000.000 đồng đến 26.000.000 đồng.
Ngoài ra: Người điều khiển phương tiện bị trừ 06 điểm giấy phép lái xe; đồng thời phải tháo bỏ thiết bị vi phạm và khôi phục tình trạng ban đầu của biển số xe theo quy định.",https://pbgdplthainguyen.gov.vn/huong-dan-nghiep-vu/40-tinh-huong-tuyen-truyen-phap-luat-1004.html,
274,"Để chiếc xe có kiểu dáng thể thao hơn, anh Hoàng đã lắp thêm bộ cản trước (body kit). Do thiết kế mới không còn vị trí gắn biển số như ban đầu, cửa hàng đã chuyển biển số từ chính giữa đầu xe sang góc bên phải cản trước. Sau khi nhận xe, anh Hoàng vẫn sử dụng phương tiện để đi làm hằng ngày vì cho rằng biển số vẫn được gắn đầy đủ, không bị che khuất và các thông tin trên biển số vẫn nhìn rõ nên không ảnh hưởng đến việc quản lý của cơ quan chức năng. Một người bạn sau khi nhìn thấy chiếc xe bảo anh Hoàng tự ý thay đổi vị trí gắn biển số như vậy là không đúng quy định của pháp luật và sẽ bị xử phạt vi phạm hành chính.
Hỏi: Trong tình huống trên anh Hoàng có bị xử phạt như thế nào?","Điểm b khoản 8 Điều 13 Nghị định số 168/2024/NĐ-CP, được sửa đổi, bổ sung tại Điều 3 Nghị định số 238/2026/NĐ-CP quy định:
""8. Phạt tiền từ 20.000.000 đồng đến 26.000.000 đồng đối với một trong các hành vi vi phạm sau đây:
b) Điều khiển xe không gắn đủ biển số hoặc gắn biển số không đúng vị trí, không đúng quy cách theo quy định; gắn biển số không rõ chữ, số hoặc sơn, dán lên chữ, số của biển số xe; gắn biển số bị bẻ cong, che lấp, làm thay đổi chữ, số, màu sắc (của chữ, số, nền biển số xe), hình dạng, kích thước của biển số xe; sử dụng chất liệu, vật liệu, thiết bị làm thay đổi khả năng nhận diện thông tin biển số xe của phương tiện, thiết bị kỹ thuật nghiệp vụ (kể cả rơ moóc và sơ mi rơ moóc).""
Trong tình huống trên, anh Hoàng đã tự ý thay đổi vị trí gắn biển số của xe ô tô so với vị trí theo quy định để phù hợp với thiết kế mới của cản trước. Mặc dù biển số vẫn do cơ quan có thẩm quyền cấp, không bị che khuất và các thông tin trên biển số vẫn nhìn rõ, nhưng việc gắn biển số không đúng vị trí theo quy định vẫn là hành vi vi phạm pháp luật về trật tự, an toàn giao thông đường bộ.
Như vậy, anh Hoàng bị phạt tiền từ 20.000.000 đồng đến 26.000.000 đồng đối vưới hành vi gắn biển số không đúng vị trí, không đúng quy cách theo quy định. Ngoài ra, theo điểm b khoản 13 Điều 13 Nghị định số 168/2024/NĐ-CP, anh Hoàng còn bị trừ 06 điểm giấy phép lái xe; đồng thời phải đưa biển số về đúng vị trí, đúng quy cách theo quy định hoặc khôi phục tình trạng ban đầu của phương tiện trước khi tiếp tục tham gia giao thông.",https://pbgdplthainguyen.gov.vn/huong-dan-nghiep-vu/40-tinh-huong-tuyen-truyen-phap-luat-1004.html,
275,"Anh Minh thường xuyên điều khiển xe mô tô trên các tuyến đường đông đúc. Lo ngại biển số phía sau dễ bị gãy hoặc va quệt khi dựng xe, anh đã dùng tay bẻ cong một phần biển số vào phía trong đuôi xe. Sau đó, anh tiếp tục sử dụng phương tiện hằng ngày và cho rằng biển số vẫn còn nguyên, chỉ thay đổi hình dạng một chút nên không ảnh hưởng đến việc nhận diện của cơ quan chức năng.
Trong một lần trò chuyện, bạn bè cho rằng việc tự ý bẻ cong biển số xe có thể là hành vi vi phạm pháp luật.
Hỏi: Trường hợp của anh Minh sẽ bị xử lý như thế nào theo quy định của pháp luật?","Điểm b khoản 3 Điều 14 Nghị định số 168/2024/NĐ-CP, được sửa đổi, bổ sung tại Điều 4 Nghị định số 238/2026/NĐ-CP quy định:
"" 3. Phạt tiền từ 4.000.000 đồng đến 6.000.000 đồng đối với một trong các hành vi vi phạm sau đây:
b) Điều khiển xe gắn biển số không đúng vị trí, không đúng quy cách theo quy định; gắn biển số không rõ chữ, số hoặc sơn, dán lên chữ, số của biển số xe; gắn biển số bị bẻ cong, che lấp, làm thay đổi chữ, số, màu sắc (của chữ, số, nền biển số xe), hình dạng, kích thước của biển số xe; sử dụng chất liệu, vật liệu, thiết bị làm thay đổi khả năng nhận diện thông tin biển số xe của phương tiện, thiết bị kỹ thuật nghiệp vụ.""
Trong tình huống trên, anh Minh đã tự ý bẻ cong biển số xe so với tình trạng ban đầu do cơ quan có thẩm quyền cấp. Mặc dù mục đích chỉ để hạn chế va chạm khi sử dụng xe và biển số vẫn còn gắn trên phương tiện, nhưng việc làm thay đổi hình dạng của biển số đã thuộc hành vi bị pháp luật nghiêm cấm. Hành vi này có thể ảnh hưởng đến khả năng nhận diện phương tiện của người tham gia giao thông và các thiết bị kỹ thuật nghiệp vụ. Như vậy, anh Minh bị phạt tiền từ 4.000.000 đồng đến 6.000.000 đồng đối với hành vi điều khiển xe gắn biển số bị bẻ cong.
Ngoài ra, theo quy định tại điểm b khoản 8 Điều 14 Nghị định số 168/2024/NĐ-CP, anh Minh còn bị trừ 06 điểm giấy phép lái xe, đồng thời phải đưa biển số xe về đúng quy cách theo quy định trước khi tiếp tục tham gia giao thông.",https://pbgdplthainguyen.gov.vn/huong-dan-nghiep-vu/40-tinh-huong-tuyen-truyen-phap-luat-1004.html,
276,"Anh Tuấn sử dụng xe mô tô để đi làm hằng ngày. Sau khi thay bộ tem mới cho xe, anh mua thêm một miếng đề-can phản quang hình ngôi sao nhỏ và dán lên góc biển số phía sau để tạo điểm nhấn. Trong quá trình dán, một phần đề-can đã dán đè lên một chữ số trên biển số xe, làm cho chữ số đó không còn rõ ràng như ban đầu. Tuy nhiên, anh Tuấn cho rằng biển số vẫn có thể nhận biết được nên không bóc bỏ và tiếp tục sử dụng xe tham gia giao thông. Anh Nam là bạn thân của Tuấn góp ý việc dán đề-can lên biển số có thể vi phạm quy định của pháp luật, nhưng anh Tuấn cho rằng đây chỉ là hình thức trang trí, không làm thay đổi biển số xe.
Hỏi: Việc dán đề-can lên chữ, số của biển số xe để trang trí như trường hợp của anh Tuấn có vi phạm quy định của pháp luật không? Nếu có thì bị xử lý như thế nào?","Điểm b khoản 3 Điều 14 Nghị định số 168/2024/NĐ-CP, được sửa đổi, bổ sung tại Điều 4 Nghị định số 238/2026/NĐ-CP quy định:
""3. Phạt tiền từ 4.000.000 đồng đến 6.000.000 đồng đối với một trong các hành vi vi phạm sau đây:
b) Điều khiển xe gắn biển số không đúng vị trí, không đúng quy cách theo quy định; gắn biển số không rõ chữ, số hoặc sơn, dán lên chữ, số của biển số xe; gắn biển số bị bẻ cong, che lấp, làm thay đổi chữ, số, màu sắc (của chữ, số, nền biển số xe), hình dạng, kích thước của biển số xe; sử dụng chất liệu, vật liệu, thiết bị làm thay đổi khả năng nhận diện thông tin biển số xe của phương tiện, thiết bị kỹ thuật nghiệp vụ.""
Trong tình huống trên, anh Tuấn đã dán đề-can lên chữ, số của biển số xe, làm cho chữ, số trên biển số không còn rõ ràng theo tình trạng ban đầu do cơ quan có thẩm quyền cấp. Mặc dù mục đích chỉ để trang trí và không nhằm che giấu biển số, nhưng hành vi dán lên chữ, số của biển số xe đã thuộc trường hợp bị pháp luật nghiêm cấm.
Như vậy, anh Tuấn bị phạt tiền từ 4.000.000 đồng đến 6.000.000 đồng đối với hành vi điều khiển xe gắn biển số không rõ chữ, số hoặc dán lên chữ, số của biển số xe theo quy định của pháp luật.
Ngoài ra, theo quy định tại điểm b khoản 8 Điều 14 Nghị định số 168/2024/NĐ-CP, anh Tuấn còn bị trừ 06 điểm giấy phép lái xe; đồng thời phải đưa biển số xe về đúng quy cách theo quy định trước khi tiếp tục tham gia giao thông.",https://pbgdplthainguyen.gov.vn/huong-dan-nghiep-vu/40-tinh-huong-tuyen-truyen-phap-luat-1004.html,
277,"Anh Hùng là lái xe ô tô tải chuyên chở vật liệu xây dựng. Một buổi sáng, anh nhận vận chuyển một xe cát từ bãi tập kết đến công trình xây dựng cách đó khoảng 02 km. Do quãng đường di chuyển ngắn và muốn tiết kiệm thời gian, anh Hùng không phủ bạt che đậy thùng xe mà điều khiển xe lưu thông trên đường.
Thấy vậy, một người làm việc tại bãi vật liệu nhắc anh Hùng phải che đậy cát trước khi vận chuyển. Tuy nhiên, anh Hùng cho rằng cát được chở thấp hơn thành thùng xe, chưa bị rơi vãi xuống đường nên không vi phạm quy định của pháp luật.
Hỏi: Trong tình huống này anh Hùng có bị xử phạt vi phạm hành chính không?","Điểm a khoản 2 Điều 17 Nghị định số 168/2024/NĐ-CP, được sửa đổi, bổ sung tại Điều 5 Nghị định số 238/2026/NĐ-CP quy định:
“2. Phạt tiền từ 2.000.000 đồng đến 4.000.000 đồng đối với một trong các hành vi vi phạm sau đây:
a) Chở vật liệu xây dựng, đất đá, phế thải, hàng rời mà không che đậy; làm rơi vãi hàng hóa, vật liệu xây dựng, đất đá, phế thải, bùn, hàng rời xuống đường; chở hàng hoặc chất thải để nước chảy xuống đường;”.
Trong tình huống trên, cát là vật liệu xây dựng, hàng rời nhưng anh Hùng đã điều khiển xe ô tô tải chở cát mà không thực hiện việc che đậy theo quy định. Hành vi này đã thuộc trường hợp bị xử phạt, không phụ thuộc vào việc cát đã rơi vãi xuống đường hay chưa.
Như vậy, quan điểm của anh Hùng cho rằng chỉ bị xử phạt khi cát rơi vãi xuống đường là không đúng. Với hành vi chở vật liệu xây dựng, hàng rời mà không che đậy, anh Hùng bị phạt tiền từ 2.000.000 đồng đến 4.000.000 đồng.",https://pbgdplthainguyen.gov.vn/huong-dan-nghiep-vu/40-tinh-huong-tuyen-truyen-phap-luat-1004.html,
278,"Anh Minh nhận vận chuyển hải sản từ cảng cá đến chợ đầu mối bằng xe ô tô tải. Để giữ hải sản tươi sống, trên thùng xe có chứa nhiều nước đá. Trong quá trình vận chuyển, nước đá tan chảy liên tục từ thùng xe xuống mặt đường do hệ thống thoát nước của thùng xe không được bịt kín.Khi bị lực lượng Cảnh sát giao thông dừng xe kiểm tra, anh Minh cho rằng nước chảy xuống đường chỉ là nước đá tan, không phải chất thải nên không vi phạm quy định của pháp luật.
Hỏi: Trong tình huống trên anh Minh có bị xử phạt không?","Điểm a khoản 2 Điều 17 Nghị định số 168/2024/NĐ-CP, được sửa đổi, bổ sung tại Điều 5 Nghị định số 238/2026/NĐ-CP quy định:
""2. Phạt tiền từ 2.000.000 đồng đến 4.000.000 đồng đối với một trong các hành vi vi phạm sau đây:
a) Chở vật liệu xây dựng, đất đá, phế thải, hàng rời mà không che đậy; làm rơi vãi hàng hóa, vật liệu xây dựng, đất đá, phế thải, bùn, hàng rời xuống đường; chở hàng hoặc chất thải để nước chảy xuống đường;""
Trong tình huống trên, anh Minh đã điều khiển xe ô tô tải chở hải sản để nước từ hàng hóa chảy xuống mặt đường trong quá trình tham gia giao thông. Hành vi này thuộc trường hợp chở hàng để nước chảy xuống đường theo quy định của pháp luật. Quy định không chỉ áp dụng đối với trường hợp chở chất thải để nước chảy xuống đường mà còn áp dụng đối với trường hợp chở hàng để nước chảy xuống đường.
Do đó, với hành vi chở hàng để nước chảy xuống đường, anh Minh bị phạt tiền từ 2.000.000 đồng đến 4.000.000 đồng.",https://pbgdplthainguyen.gov.vn/huong-dan-nghiep-vu/40-tinh-huong-tuyen-truyen-phap-luat-1004.html,
279,"Nam, 17 tuổi, là học sinh lớp 11. Do nhà cách trường khoảng chưa đến 2 km nên thi thoảng Nam thường tự điều khiển xe mô tô 110 cm³ của gia đình để đi học. Mặc dù bố mẹ nhiều lần nhắc nhở chưa đủ tuổi điều khiển xe mô tô nhưng Nam cho rằng chỉ còn vài tháng nữa là đủ 18 tuổi nên vẫn điều khiển xe tham gia giao thông.Một buổi sáng, trên đường đến trường, Nam bị lực lượng Cảnh sát giao thông dừng xe kiểm tra và lập biên bản đối với hành vi điều khiển xe mô tô khi chưa đủ tuổi theo quy định.Hỏi: Trong trường hợp này, Nam sẽ bị xử phạt như thế nào?","Điểm a khoản 4 Điều 18 Nghị định số 168/2024/NĐ-CP, được sửa đổi, bổ sung tại Điều 6 Nghị định số 238/2026/NĐ-CP quy định:
""4. Phạt tiền từ 400.000 đồng đến 600.000 đồng đối với một trong các hành vi vi phạm sau đây:
a) Người từ đủ 16 tuổi đến dưới 18 tuổi điều khiển xe mô tô và các loại xe tương tự xe mô tô.""
Trong tình huống trên, Nam 17 tuổi, thuộc trường hợp người từ đủ 16 tuổi đến dưới 18 tuổi. Việc Nam điều khiển xe mô tô 110 cm³ tham gia giao thông đã thuộc hành vi vi phạm quy định tại điểm a khoản 4 Điều 18 Nghị định số 168/2024/NĐ-CP, được sửa đổi, bổ sung tại Điều 6 Nghị định số 238/2026/NĐ-CP. Như vậy, Nam bị phạt tiền từ 400.000 đồng đến 800.000 đồng đối với hành vi người từ đủ 16 tuổi đến dưới 18 tuổi điều khiển xe mô tô và các loại xe tương tự xe mô tô theo quy định của pháp luật.",https://pbgdplthainguyen.gov.vn/huong-dan-nghiep-vu/40-tinh-huong-tuyen-truyen-phap-luat-1004.html,
280,"Anh Bắc là lái xe của một doanh nghiệp kinh doanh vận tải hành khách theo hợp đồng. Theo phân công của công ty, anh điều khiển xe ô tô 16 chỗ đưa một đoàn khách đi tham quan theo hợp đồng đã được ký kết bằng văn bản giấy.
Do vội xuất phát, anh Bắc không mang theo hợp đồng vận tải và danh sách hành khách theo quy định mà cho rằng doanh nghiệp đã lưu đầy đủ hồ sơ nên khi cơ quan chức năng kiểm tra chỉ cần liên hệ với công ty là được.
Trong quá trình lưu thông, lực lượng Cảnh sát giao thông kiểm tra phương tiện và yêu cầu xuất trình hợp đồng vận tải cùng danh sách hành khách. Anh Bắc không xuất trình được các giấy tờ này.
Hỏi: Trong trường hợp này, anh Hùng bị xử phạt như thế nào?","Điểm đ khoản 5 Điều 20 Nghị định số 168/2024/NĐ-CP, được sửa đổi, bổ sung tại điểm a khoản 1 Điều 7 Nghị định số 238/2026/NĐ-CP quy định:
“5. Phạt tiền từ 1.000.000 đồng đến 2.000.000 đồng đối với một trong các hành vi vi phạm sau đây:
đ) Điều khiển xe vận tải hành khách theo hợp đồng sử dụng hợp đồng bằng văn bản giấy mà không có hợp đồng vận tải, danh sách hành khách theo quy định; có hợp đồng vận tải nhưng không đúng theo quy định; đón khách, chở người không có tên trong danh sách hành khách theo hợp đồng đã ký;""
Trong tình huống trên, xe vận tải hành khách theo hợp đồng sử dụng hợp đồng bằng văn bản giấy nhưng khi tham gia giao thông, người điều khiển xe không có hợp đồng vận tải và danh sách hành khách theo quy định để xuất trình khi được kiểm tra. Hành vi này thuộc trường hợp quy định tại điểm đ khoản 5 Điều 20 Nghị định số 168/2024/NĐ-CP, được sửa đổi, bổ sung tại khoản 1 Điều 7 Nghị định số 238/2026/NĐ-CP. Như vậy, anh Bắc bị phạt tiền từ 1.000.000 đồng đến 2.000.000 đồng đối với hành vi điều khiển xe vận tải hành khách theo hợp đồng sử dụng hợp đồng bằng văn bản giấy mà không có hợp đồng vận tải, danh sách hành khách theo quy định.
Ngoài ra, theo quy định tại điểm a khoản 10 Điều 20 Nghị định số 168/2024/NĐ-CP, anh Bắc còn bị trừ 02 điểm giấy phép lái xe.",https://pbgdplthainguyen.gov.vn/huong-dan-nghiep-vu/40-tinh-huong-tuyen-truyen-phap-luat-1004.html,
281,"Công ty Cổ phần Vận tải B ký hợp đồng bằng văn bản giấy đưa 28 cán bộ của một doanh nghiệp đi du lịch. Trên đường di chuyển, anh Khánh là người điều khiển xe một người quen gọi điện xin cho đi nhờ cùng tuyến. Mặc dù người này không có tên trong danh sách hành khách theo hợp đồng đã ký nhưng anh Khánh vẫn đồng ý cho lên xe. Khi xe đang lưu thông, lực lượng Cảnh sát giao thông kiểm tra và đối chiếu danh sách hành khách với số người thực tế trên xe, phát hiện có 01 hành khách không có tên trong danh sách theo hợp đồng. Hỏi: Trong trường hợp này, anh Khánh sẽ bị xử phạt như thế nào?","“5. Phạt tiền từ 1.000.000 đồng đến 2.000.000 đồng đối với một trong các hành vi vi phạm sau đây:
đ) Điều khiển xe vận tải hành khách theo hợp đồng sử dụng hợp đồng bằng văn bản giấy mà không có hợp đồng vận tải, danh sách hành khách theo quy định; có hợp đồng vận tải nhưng không đúng theo quy định; đón khách, chở người không có tên trong danh sách hành khách theo hợp đồng đã ký;""
Trong tình huống trên, mặc dù chuyến xe được thực hiện theo hợp đồng vận tải bằng văn bản giấy, nhưng người điều khiển xe đã đón và chở một người không có tên trong danh sách hành khách theo hợp đồng đã ký. Hành vi này thuộc trường hợp quy định tại điểm đ khoản 5 Điều 20 Nghị định số 168/2024/NĐ-CP, được sửa đổi, bổ sung tại khoản 1 Điều 7 Nghị định số 238/2026/NĐ-CP.
Như vậy, anh Khánh bị phạt tiền từ 1.000.000 đồng đến 2.000.000 đồng đối với hành vi điều khiển xe vận tải hành khách theo hợp đồng sử dụng hợp đồng bằng văn bản giấy mà không có hợp đồng vận tải, danh sách hành khách theo quy định. Ngoài ra, theo quy định tại điểm a khoản 10 Điều 20 Nghị định số 168/2024/NĐ-CP, anh Khánh còn bị trừ 02 điểm giấy phép lái xe.",https://pbgdplthainguyen.gov.vn/huong-dan-nghiep-vu/40-tinh-huong-tuyen-truyen-phap-luat-1004.html,
282,"Công ty TNHH Vận tải Minh Phát kinh doanh vận tải hành khách theo hợp đồng thường xuyên đưa đón khách từ thành phố A đi thành phố B. Theo hợp đồng vận tải đã ký với khách, địa điểm đón khách là Trung tâm Hội nghị thành phố A. Tuy nhiên, để thuận tiện cho việc tập trung hành khách, anh Hùng là lái xe thường xuyên đón khách tại khu vực trước trụ sở chi nhánh của công ty trên một tuyến đường phố trung tâm. Đây là địa điểm cố định do doanh nghiệp thuê để giao dịch và tập kết hành khách. Trong quá trình tuần tra, lực lượng Cảnh sát giao thông kiểm tra và xác định việc đón khách diễn ra thường xuyên tại địa điểm này. Hỏi: Trong tình huống trên, anh Hùng bị xử phạt như thế nào?","Điểm g khoản 5 Điều 20 Nghị định số 168/2024/NĐ-CP, được sửa đổi, bổ sung tại khoản 1 Điều 7 Nghị định số 238/2026/NĐ-CP quy định:
""5. Phạt tiền từ 1.000.000 đồng đến 2.000.000 đồng đối với một trong các hành vi vi phạm sau đây:
g) Điều khiển xe vận chuyển hành khách theo hợp đồng mà đón, trả khách tại trụ sở chính, trụ sở chi nhánh, văn phòng đại diện hoặc tại một địa điểm cố định khác do đơn vị kinh doanh vận tải thuê, hợp tác kinh doanh, trên các tuyến đường phố; đón, trả hành khách, cán bộ, công chức, viên chức, công nhân không đúng địa điểm được ghi trong hợp đồng vận tải đã ký, trừ hành vi vi phạm quy định tại khoản 8 Điều này; vận chuyển không đúng đối tượng theo quy định (áp dụng đối với xe kinh doanh vận tải hành khách theo hợp đồng vận chuyển trẻ em mầm non, học sinh, sinh viên, cán bộ, công chức, viên chức, công nhân).""
Trong tình huống trên, hợp đồng vận tải đã xác định địa điểm đón khách là Trung tâm Hội nghị thành phố A. Tuy nhiên, anh Hùng lại đón hành khách tại trụ sở chi nhánh của đơn vị kinh doanh vận tải trên tuyến đường phố, là địa điểm cố định do doanh nghiệp sử dụng để giao dịch và tập kết hành khách. Hành vi này thuộc trường hợp đón khách tại trụ sở chi nhánh hoặc địa điểm cố định do đơn vị kinh doanh vận tải thuê trên các tuyến đường phố theo quy định của pháp luật.
Như vậy, hành vi của anh Hùng thuộc trường hợp quy định tại điểm g khoản 5 Điều 20 Nghị định số 168/2024/NĐ-CP (được sửa đổi, bổ sung tại khoản 1 Điều 7 Nghị định số 238/2026/NĐ-CP). Như vậy, anh Hùng bị phạt tiền từ 1.000.000 đồng đến 2.000.000 đồng. Ngoài ra, theo quy định tại điểm a khoản 10 Điều 20 Nghị định số 168/2024/NĐ-CP, anh Hùng còn bị trừ 02 điểm giấy phép lái xe.",https://pbgdplthainguyen.gov.vn/huong-dan-nghiep-vu/40-tinh-huong-tuyen-truyen-phap-luat-1004.html,
283,"Công ty Cổ phần Du lịch Hoàng Gia ký hợp đồng vận chuyển đoàn cán bộ của Trường Tiểu học Minh Khai đến khu nghỉ dưỡng. Theo hợp đồng, địa điểm đón khách là trước cổng trường.
Đến ngày thực hiện hợp đồng, do khu vực trước cổng trường không còn vị trí thuận lợi để dừng đón khách, anh Nam là lái xe tự ý chuyển địa điểm đón khách sang một bãi đất trống cách địa điểm ghi trong hợp đồng khoảng 500 mét mà không thông báo cho đơn vị kinh doanh vận tải để điều chỉnh hợp đồng theo quy định. Qua kiểm tra, lực lượng Cảnh sát giao thông xác định địa điểm đón khách thực tế không đúng với địa điểm đã ghi trong hợp đồng vận tải. Hỏi: Trong tình huống trên, anh Nam bị xử phạt như thế nào?","Điểm g khoản 5 Điều 20 Nghị định số 168/2024/NĐ-CP, được sửa đổi, bổ sung tại khoản 1 Điều 7 Nghị định số 238/2026/NĐ-CP quy định:
""5. Phạt tiền từ 1.000.000 đồng đến 2.000.000 đồng đối với một trong các hành vi vi phạm sau đây:
g) Điều khiển xe vận chuyển hành khách theo hợp đồng mà đón, trả khách tại trụ sở chính, trụ sở chi nhánh, văn phòng đại diện hoặc tại một địa điểm cố định khác do đơn vị kinh doanh vận tải thuê, hợp tác kinh doanh, trên các tuyến đường phố; đón, trả hành khách, cán bộ, công chức, viên chức, công nhân không đúng địa điểm được ghi trong hợp đồng vận tải đã ký, trừ hành vi vi phạm quy định tại khoản 8 Điều này; vận chuyển không đúng đối tượng theo quy định (áp dụng đối với xe kinh doanh vận tải hành khách theo hợp đồng vận chuyển trẻ em mầm non, học sinh, sinh viên, cán bộ, công chức, viên chức, công nhân).""
Trong tình huống trên, hợp đồng vận tải đã xác định rõ địa điểm đón khách là trước cổng Trường Tiểu học Minh Khai. Tuy nhiên, anh Nam đã đón hành khách tại địa điểm khác với địa điểm được ghi trong hợp đồng vận tải mà không thực hiện việc điều chỉnh hợp đồng theo quy định. Hành vi này là đón hành khách không đúng địa điểm được ghi trong hợp đồng vận tải đã ký.
Như vậy, hành vi của anh Nam thuộc trường hợp quy định tại điểm g khoản 5 Điều 20 Nghị định số 168/2024/NĐ-CP (được sửa đổi, bổ sung tại khoản 1 Điều 7 Nghị định số 238/2026/NĐ-CP). Do đó, anh Nam bị phạt tiền từ 1.000.000 đồng đến 2.000.000 đồng. Ngoài ra, theo quy định tại điểm a khoản 10 Điều 20 Nghị định số 168/2024/NĐ-CP, anh Nam còn bị trừ 02 điểm giấy phép lái xe.",https://pbgdplthainguyen.gov.vn/huong-dan-nghiep-vu/40-tinh-huong-tuyen-truyen-phap-luat-1004.html,
284,"Trường Tiểu học Hoa Sen ký hợp đồng với Công ty TNHH Vận tải An Bình để đưa đón học sinh từ nơi ở đến trường hằng ngày. Trong quá trình thực hiện hợp đồng, ngoài học sinh của nhà trường, lái xe là anh Bình tự ý nhận chở thêm một số người dân có nhu cầu đi cùng tuyến và thu tiền trực tiếp. Qua kiểm tra, lực lượng Cảnh sát giao thông xác định trên xe có nhiều hành khách không thuộc đối tượng được vận chuyển theo hợp đồng đã ký giữa nhà trường và đơn vị vận tải. Hỏi: Trong tình huống trên anh Bình lái xe bị xử phạt như thế nào?","Điểm g khoản 5 Điều 20 Nghị định số 168/2024/NĐ-CP, được sửa đổi, bổ sung tại khoản 1 Điều 7 Nghị định số 238/2026/NĐ-CP quy định:
"" 5. Phạt tiền từ 1.000.000 đồng đến 2.000.000 đồng đối với một trong các hành vi vi phạm sau đây:
g) Điều khiển xe vận chuyển hành khách theo hợp đồng mà đón, trả khách tại trụ sở chính, trụ sở chi nhánh, văn phòng đại diện hoặc tại một địa điểm cố định khác do đơn vị kinh doanh vận tải thuê, hợp tác kinh doanh, trên các tuyến đường phố; đón, trả hành khách, cán bộ, công chức, viên chức, công nhân không đúng địa điểm được ghi trong hợp đồng vận tải đã ký, trừ hành vi vi phạm quy định tại khoản 8 Điều này; vận chuyển không đúng đối tượng theo quy định (áp dụng đối với xe kinh doanh vận tải hành khách theo hợp đồng vận chuyển trẻ em mầm non, học sinh, sinh viên, cán bộ, công chức, viên chức, công nhân).""
Trong tình huống trên, hợp đồng vận tải được ký kết để vận chuyển học sinh của Trường Tiểu học Hoa Sen. Tuy nhiên, anh Bình đã chở thêm người dân không thuộc đối tượng được ghi trong hợp đồng vận tải. Hành vi này là vận chuyển không đúng đối tượng đối với xe kinh doanh vận tải hành khách theo hợp đồng vận chuyển học sinh và thuộc trường hợp bị xử phạt theo quy định của pháp luật.
Như vậy, hành vi của anh Bình là vận chuyển không đúng đối tượng theo quy định đối với xe kinh doanh vận tải hành khách theo hợp đồng vận chuyển học sinh, thuộc trường hợp quy định tại điểm g khoản 5 Điều 20 Nghị định số 168/2024/NĐ-CP (được sửa đổi, bổ sung tại khoản 1 Điều 7 Nghị định số 238/2026/NĐ-CP).
Do đó, anh Bình bị phạt tiền từ 1.000.000 đồng đến 2.000.000 đồng. Ngoài ra, theo quy định tại điểm a khoản 10 Điều 20 Nghị định số 168/2024/NĐ-CP, anh Bình còn bị trừ 02 điểm giấy phép lái xe.",https://pbgdplthainguyen.gov.vn/huong-dan-nghiep-vu/40-tinh-huong-tuyen-truyen-phap-luat-1004.html,
285,"Công ty TNHH Vận tải Hoàng Long giao cho anh Tuấn điều khiển xe ô tô khách 29 chỗ để vận chuyển hành khách theo hợp đồng từ thành phố A đến thành phố B. Trong quá trình tuần tra, kiểm soát, lực lượng Cảnh sát giao thông kiểm tra phương tiện và phát hiện xe do anh Tuấn điều khiển không được lắp thiết bị ghi nhận hình ảnh người lái xe theo quy định. Hỏi: Trong tình huống trên, anh Tuấn bị xử phạt như thế nào?","Điểm l khoản 5 Điều 20 Nghị định số 168/2024/NĐ-CP, được sửa đổi, bổ sung tại điểm c khoản 1 Điều 7 Nghị định số 238/2026/NĐ-CP quy định:
"""" 5. Phạt tiền từ 1.000.000 đồng đến 2.000.000 đồng đối với một trong các hành vi vi phạm sau đây:
l) Điều khiển xe kinh doanh vận tải hành khách, xe vận tải nội bộ không lắp thiết bị ghi nhận hình ảnh người lái xe hoặc có lắp thiết bị ghi nhận hình ảnh người lái xe nhưng không có tác dụng trong quá trình xe tham gia giao thông theo quy định hoặc làm sai lệch dữ liệu của thiết bị ghi nhận hình ảnh người lái xe lắp trên xe ô tô.""
Trong tình huống trên, anh Tuấn điều khiển xe kinh doanh vận tải hành khách khi phương tiện không được lắp thiết bị ghi nhận hình ảnh người lái xe theo quy định. Hành vi này thuộc trường hợp quy định tại điểm l khoản 5 Điều 20 Nghị định số 168/2024/NĐ-CP (được sửa đổi, bổ sung tại điểm c khoản 1 Điều 7 Nghị định số 238/2026/NĐ-CP).
Do đó, anh Tuấn bị phạt tiền từ 1.000.000 đồng đến 2.000.000 đồng. Ngoài ra, theo quy định tại điểm a khoản 10 Điều 20 Nghị định số 168/2024/NĐ-CP, anh Tuấn còn bị trừ 02 điểm giấy phép lái xe.",https://pbgdplthainguyen.gov.vn/huong-dan-nghiep-vu/40-tinh-huong-tuyen-truyen-phap-luat-1004.html,
286,"Anh Nam là lái xe của Công ty Cổ phần Vận tải Thành Công, được giao điều khiển xe ô tô khách 45 chỗ kinh doanh vận tải hành khách theo tuyến cố định. Trong quá trình tuần tra, kiểm soát, lực lượng Cảnh sát giao thông kiểm tra phương tiện và xác định xe có lắp thiết bị ghi nhận hình ảnh người lái xe. Tuy nhiên, thiết bị không hoạt động trong suốt quá trình xe tham gia giao thông nên không ghi nhận được hình ảnh theo quy định. Hỏi: Trong tình huống trên, anh Nam bị xử phạt như thế nào?","Điểm l khoản 5 Điều 20 Nghị định số 168/2024/NĐ-CP, được sửa đổi, bổ sung tại điểm c khoản 1 Điều 7 Nghị định số 238/2026/NĐ-CP quy định:
"""" 5. Phạt tiền từ 1.000.000 đồng đến 2.000.000 đồng đối với một trong các hành vi vi phạm sau đây:
l) Điều khiển xe kinh doanh vận tải hành khách, xe vận tải nội bộ không lắp thiết bị ghi nhận hình ảnh người lái xe hoặc có lắp thiết bị ghi nhận hình ảnh người lái xe nhưng không có tác dụng trong quá trình xe tham gia giao thông theo quy định hoặc làm sai lệch dữ liệu của thiết bị ghi nhận hình ảnh người lái xe lắp trên xe ô tô.""
Trong tình huống trên, anh Nam điều khiển xe kinh doanh vận tải hành khách có lắp thiết bị ghi nhận hình ảnh người lái xe nhưng thiết bị không có tác dụng trong quá trình xe tham gia giao thông theo quy định. Hành vi này thuộc trường hợp bị xử phạt theo quy định của pháp luật.
Hành vi của anh Nam thuộc trường hợp quy định tại điểm l khoản 5 Điều 20 Nghị định số 168/2024/NĐ-CP (được sửa đổi, bổ sung tại điểm c khoản 1 Điều 7 Nghị định số 238/2026/NĐ-CP).
Như vậy, anh Nam bị phạt tiền từ 1.000.000 đồng đến 2.000.000 đồng. Ngoài ra, theo quy định tại điểm a khoản 10 Điều 20 Nghị định số 168/2024/NĐ-CP, anh Nam còn bị trừ 02 điểm giấy phép lái xe.",https://pbgdplthainguyen.gov.vn/huong-dan-nghiep-vu/40-tinh-huong-tuyen-truyen-phap-luat-1004.html,
287,"Anh Hùng là lái xe của Công ty TNHH Vận tải Phương Đông, được giao điều khiển xe ô tô khách 34 chỗ kinh doanh vận tải hành khách. Trong quá trình kiểm tra dữ liệu từ thiết bị ghi nhận hình ảnh người lái xe, lực lượng Cảnh sát giao thông phát hiện dữ liệu do thiết bị lưu trữ và truyền về hệ thống đã bị can thiệp, không phản ánh đúng quá trình điều khiển phương tiện của lái xe. Qua xác minh, cơ quan có thẩm quyền xác định anh Hùng đã tác động làm sai lệch dữ liệu của thiết bị ghi nhận hình ảnh người lái xe. Hỏi: Trong tình huống trên, anh Hùng bị xử phạt như thế nào?","Điểm l khoản 5 Điều 20 Nghị định số 168/2024/NĐ-CP, được sửa đổi, bổ sung tại điểm c khoản 1 Điều 7 Nghị định số 238/2026/NĐ-CP quy định:
"""" 5. Phạt tiền từ 1.000.000 đồng đến 2.000.000 đồng đối với một trong các hành vi vi phạm sau đây:
l) Điều khiển xe kinh doanh vận tải hành khách, xe vận tải nội bộ không lắp thiết bị ghi nhận hình ảnh người lái xe hoặc có lắp thiết bị ghi nhận hình ảnh người lái xe nhưng không có tác dụng trong quá trình xe tham gia giao thông theo quy định hoặc làm sai lệch dữ liệu của thiết bị ghi nhận hình ảnh người lái xe lắp trên xe ô tô.""
Trong tình huống trên, anh Hùng đã làm sai lệch dữ liệu của thiết bị ghi nhận hình ảnh người lái xe lắp trên xe ô tô, làm cho dữ liệu không phản ánh đúng quá trình điều khiển phương tiện. Hành vi này thuộc trường hợp bị xử phạt theo quy định của pháp luật.
Như vậy, hành vi của anh Hùng thuộc trường hợp quy định tại điểm l khoản 5 Điều 20 Nghị định số 168/2024/NĐ-CP (được sửa đổi, bổ sung tại điểm c khoản 1 Điều 7 Nghị định số 238/2026/NĐ-CP).
Do đó, anh Hùng bị phạt tiền từ 1.000.000 đồng đến 2.000.000 đồng. Ngoài ra, theo quy định tại điểm a khoản 10 Điều 20 Nghị định số 168/2024/NĐ-CP, anh Hùng còn bị trừ 02 điểm giấy phép lái xe.",https://pbgdplthainguyen.gov.vn/huong-dan-nghiep-vu/40-tinh-huong-tuyen-truyen-phap-luat-1004.html,
288,"Công ty TNHH Vận tải Hoàng Long giao anh Tuấn điều khiển xe ô tô khách 29 chỗ để vận chuyển hành khách theo tuyến cố định.
Trong quá trình tuần tra, kiểm soát, lực lượng Cảnh sát giao thông kiểm tra phương tiện và phát hiện xe do anh Tuấn điều khiển không được lắp thiết bị ghi nhận hình ảnh khoang chở khách theo quy định. Hỏi: Trong tình huống trên, anh Tuấn bị xử phạt như thế nào?","Điểm n khoản 5 Điều 20 Nghị định số 168/2024/NĐ-CP, được bổ sung tại điểm d khoản 1 Điều 7 Nghị định số 238/2026/NĐ-CP quy định:
"" 5. Phạt tiền từ 1.000.000 đồng đến 2.000.000 đồng đối với một trong các hành vi vi phạm sau đây:
n) Điều khiển xe ô tô kinh doanh vận tải hành khách từ 08 chỗ trở lên (không kể chỗ của người lái xe) không lắp thiết bị ghi nhận hình ảnh khoang chở khách hoặc có lắp thiết bị ghi nhận hình ảnh khoang chở khách nhưng không có tác dụng trong quá trình xe tham gia giao thông theo quy định hoặc làm sai lệch dữ liệu của thiết bị ghi nhận hình ảnh khoang chở khách lắp trên xe ô tô.""
Trong tình huống trên, anh Tuấn điều khiển xe ô tô kinh doanh vận tải hành khách từ 08 chỗ trở lên khi phương tiện không được lắp thiết bị ghi nhận hình ảnh khoang chở khách theo quy định. Như vậy, hành vi của anh Tuấn thuộc trường hợp quy định tại điểm n khoản 5 Điều 20 Nghị định số 168/2024/NĐ-CP (được bổ sung tại điểm d khoản 1 Điều 7 Nghị định số 238/2026/NĐ-CP).
Như vậy, anh Tuấn bị phạt tiền từ 1.000.000 đồng đến 2.000.000 đồng. Ngoài ra, theo quy định tại điểm a khoản 10 Điều 20 Nghị định số 168/2024/NĐ-CP, anh Tuấn còn bị trừ 02 điểm giấy phép lái xe.",https://pbgdplthainguyen.gov.vn/huong-dan-nghiep-vu/40-tinh-huong-tuyen-truyen-phap-luat-1004.html,
289,"Anh Nam là lái xe của Công ty Cổ phần Vận tải Thành Công, được giao điều khiển xe ô tô khách 45 chỗ kinh doanh vận tải hành khách.
Trong quá trình kiểm tra, lực lượng Cảnh sát giao thông xác định xe có lắp thiết bị ghi nhận hình ảnh khoang chở khách. Tuy nhiên, thiết bị không hoạt động trong suốt quá trình xe tham gia giao thông, không ghi nhận được hình ảnh theo quy định. Hỏi: Trong tình huống trên, anh Nam bị xử phạt như thế nào?","Điểm n khoản 5 Điều 20 Nghị định số 168/2024/NĐ-CP, được bổ sung tại điểm d khoản 1 Điều 7 Nghị định số 238/2026/NĐ-CP quy định:
"" 5. Phạt tiền từ 1.000.000 đồng đến 2.000.000 đồng đối với một trong các hành vi vi phạm sau đây:
n) Điều khiển xe ô tô kinh doanh vận tải hành khách từ 08 chỗ trở lên (không kể chỗ của người lái xe) không lắp thiết bị ghi nhận hình ảnh khoang chở khách hoặc có lắp thiết bị ghi nhận hình ảnh khoang chở khách nhưng không có tác dụng trong quá trình xe tham gia giao thông theo quy định hoặc làm sai lệch dữ liệu của thiết bị ghi nhận hình ảnh khoang chở khách lắp trên xe ô tô.""
Trong tình huống trên, anh Nam điều khiển xe ô tô kinh doanh vận tải hành khách từ 08 chỗ trở lên có lắp thiết bị ghi nhận hình ảnh khoang chở khách nhưng thiết bị không có tác dụng trong quá trình xe tham gia giao thông theo quy định.
Như vậy, hành vi của anh Nam thuộc trường hợp quy định tại điểm n khoản 5 Điều 20 Nghị định số 168/2024/NĐ-CP (được bổ sung tại điểm d khoản 1 Điều 7 Nghị định số 238/2026/NĐ-CP).
Do đó, anh Nam bị phạt tiền từ 1.000.000 đồng đến 2.000.000 đồng. Ngoài ra, theo quy định tại điểm a khoản 10 Điều 20 Nghị định số 168/2024/NĐ-CP, anh Nam còn bị trừ 02 điểm giấy phép lái xe.",https://pbgdplthainguyen.gov.vn/huong-dan-nghiep-vu/40-tinh-huong-tuyen-truyen-phap-luat-1004.html,
290,"Anh Hùng là lái xe của Công ty TNHH Vận tải Phương Đông, được giao điều khiển xe ô tô khách 35 chỗ kinh doanh vận tải hành khách. rong quá trình vận chuyển hành khách, để che giấu việc xe chở quá số lượng người theo quy định, anh Hùng đã can thiệp làm sai lệch dữ liệu của thiết bị ghi nhận hình ảnh khoang chở khách, khiến dữ liệu lưu trữ và truyền về hệ thống không phản ánh đúng hình ảnh thực tế trong khoang hành khách. Khi xe bị kiểm tra, cơ quan chức năng phát hiện dữ liệu do thiết bị lưu trữ, truyền về hệ thống không phản ánh đúng hình ảnh thực tế trong khoang chở khách. Hỏi: Trong tình huống trên, anh Hùng bị xử phạt như thế nào?","Điểm n khoản 5 Điều 20 Nghị định số 168/2024/NĐ-CP, được bổ sung tại điểm d khoản 1 Điều 7 Nghị định số 238/2026/NĐ-CP quy định:
"" 5. Phạt tiền từ 1.000.000 đồng đến 2.000.000 đồng đối với một trong các hành vi vi phạm sau đây:
n) Điều khiển xe ô tô kinh doanh vận tải hành khách từ 08 chỗ trở lên (không kể chỗ của người lái xe) không lắp thiết bị ghi nhận hình ảnh khoang chở khách hoặc có lắp thiết bị ghi nhận hình ảnh khoang chở khách nhưng không có tác dụng trong quá trình xe tham gia giao thông theo quy định hoặc làm sai lệch dữ liệu của thiết bị ghi nhận hình ảnh khoang chở khách lắp trên xe ô tô.""
Trong tình huống trên, anh Hùng điều khiển xe ô tô kinh doanh vận tải hành khách từ 08 chỗ trở lên và đã làm sai lệch dữ liệu của thiết bị ghi nhận hình ảnh khoang chở khách, làm cho dữ liệu không phản ánh đúng hình ảnh thực tế trong khoang chở khách.
Như vậy, hành vi của anh Hùng là làm sai lệch dữ liệu của thiết bị ghi nhận hình ảnh khoang chở khách lắp trên xe ô tô, thuộc trường hợp quy định tại điểm n khoản 5 Điều 20 Nghị định số 168/2024/NĐ-CP (được bổ sung tại điểm d khoản 1 Điều 7 Nghị định số 238/2026/NĐ-CP).
Do đó, anh Hùng bị phạt tiền từ 1.000.000 đồng đến 2.000.000 đồng. Ngoài ra, theo quy định tại điểm a khoản 10 Điều 20 Nghị định số 168/2024/NĐ-CP, anh Hùng còn bị trừ 02 điểm giấy phép lái xe.",https://pbgdplthainguyen.gov.vn/huong-dan-nghiep-vu/40-tinh-huong-tuyen-truyen-phap-luat-1004.html,
291,"Công ty TNHH Vận tải Hoàng Long giao anh Tuấn điều khiển xe ô tô khách 29 chỗ để vận chuyển hành khách theo tuyến cố định từ thành phố A đến thành phố B. Trong quá trình tuần tra, kiểm soát, lực lượng Cảnh sát giao thông kiểm tra phương tiện và phát hiện xe do anh Tuấn điều khiển không được lắp thiết bị giám sát hành trình theo quy định. Hỏi: Trong tình huống trên, anh Tuấn bị xử phạt như thế nào?","Điểm đ khoản 6 Điều 20 Nghị định số 168/2024/NĐ-CP, được sửa đổi, bổ sung tại khoản 2 Điều 7 Nghị định số 238/2026/NĐ-CP quy định:
"" 6. Phạt tiền từ 3.000.000 đồng đến 5.000.000 đồng đối với một trong các hành vi vi phạm sau đây:
đ) Điều khiển xe kinh doanh vận tải hành khách, xe vận tải nội bộ không lắp thiết bị giám sát hành trình của xe theo quy định hoặc có lắp thiết bị giám sát hành trình của xe nhưng thiết bị không hoạt động theo quy định hoặc làm sai lệch dữ liệu của thiết bị giám sát hành trình của xe ô tô.""
Trong tình huống trên, xe do anh Tuấn điều khiển là xe kinh doanh vận tải hành khách thuộc đối tượng phải lắp thiết bị giám sát hành trình theo quy định nhưng không lắp. Hành vi của anh Tuấn là điều khiển xe kinh doanh vận tải hành khách không lắp thiết bị giám sát hành trình theo quy định, thuộc trường hợp quy định tại điểm đ khoản 6 Điều 20 Nghị định số 168/2024/NĐ-CP (được sửa đổi, bổ sung tại khoản 2 Điều 7 Nghị định số 238/2026/NĐ-CP).
Như vậy, anh Tuấn bị phạt tiền từ 3.000.000 đồng đến 5.000.000 đồng. Ngoài ra, theo quy định tại điểm b khoản 10 Điều 20 Nghị định số 168/2024/NĐ-CP, anh Tuấn còn bị trừ 02 điểm giấy phép lái xe.",https://pbgdplthainguyen.gov.vn/huong-dan-nghiep-vu/40-tinh-huong-tuyen-truyen-phap-luat-1004.html,
292,"Anh Nam là lái xe của Công ty Cổ phần Vận tải Thành Công, được giao điều khiển xe ô tô khách 45 chỗ vận chuyển hành khách theo tuyến cố định. Trong quá trình tuần tra, kiểm soát, lực lượng Cảnh sát giao thông kiểm tra phương tiện và xác định xe có lắp thiết bị giám sát hành trình nhưng thiết bị không hoạt động, không ghi nhận và truyền dữ liệu theo quy định. Hỏi: Trong tình huống trên, anh Nam bị xử phạt như thế nào?","Điểm đ khoản 6 Điều 20 Nghị định số 168/2024/NĐ-CP, được sửa đổi, bổ sung tại khoản 2 Điều 7 Nghị định số 238/2026/NĐ-CP quy định:
"" 6. Phạt tiền từ 3.000.000 đồng đến 5.000.000 đồng đối với một trong các hành vi vi phạm sau đây:
đ) Điều khiển xe kinh doanh vận tải hành khách, xe vận tải nội bộ không lắp thiết bị giám sát hành trình của xe theo quy định hoặc có lắp thiết bị giám sát hành trình của xe nhưng thiết bị không hoạt động theo quy định hoặc làm sai lệch dữ liệu của thiết bị giám sát hành trình của xe ô tô.""
Trong tình huống trên, xe do anh Nam điều khiển là xe kinh doanh vận tải hành khách thuộc đối tượng phải lắp thiết bị giám sát hành trình theo quy định. Thiết bị giám sát hành trình được lắp trên xe do anh Nam điều khiển không hoạt động theo quy định. Hành vi của anh Nam thuộc trường hợp quy định tại điểm đ khoản 6 Điều 20 Nghị định số 168/2024/NĐ-CP (được sửa đổi, bổ sung tại khoản 2 Điều 7 Nghị định số 238/2026/NĐ-CP).
Như vậy, anh Nam bị phạt tiền từ 3.000.000 đồng đến 5.000.000 đồng. Ngoài ra, theo quy định tại điểm b khoản 10 Điều 20 Nghị định số 168/2024/NĐ-CP, anh Nam còn bị trừ 02 điểm giấy phép lái xe.",https://pbgdplthainguyen.gov.vn/huong-dan-nghiep-vu/40-tinh-huong-tuyen-truyen-phap-luat-1004.html,
293,"Anh Hùng là lái xe của Công ty TNHH Vận tải Phương Đông, được giao điều khiển xe ô tô khách 34 chỗ kinh doanh vận tải hành khách theo tuyến cố định Thái Nguyên - Hà Nội. Trong quá trình điều khiển phương tiện, anh Hùng đã làm sai lệch dữ liệu của thiết bị giám sát hành trình lắp trên xe, làm cho dữ liệu do thiết bị lưu trữ và truyền về hệ thống không phản ánh đúng quá trình hoạt động của xe. Khi đang điều khiển phương tiện trên tuyến Quốc lộ 3, anh Hùng bị lực lượng Cảnh sát giao thông dừng xe kiểm tra. Qua khai thác dữ liệu từ thiết bị giám sát hành trình và đối chiếu với thực tế hoạt động của phương tiện, lực lượng chức năng xác định dữ liệu của thiết bị đã bị làm sai lệch, từ đó lập biên bản vi phạm hành chính đối với anh Hùng. Hỏi: Trong tình huống trên, anh Hùng bị xử phạt như thế nào?","Điểm đ khoản 6 Điều 20 Nghị định số 168/2024/NĐ-CP, được sửa đổi, bổ sung tại khoản 2 Điều 7 Nghị định số 238/2026/NĐ-CP quy định:
"" 6. Phạt tiền từ 3.000.000 đồng đến 5.000.000 đồng đối với một trong các hành vi vi phạm sau đây:
đ) Điều khiển xe kinh doanh vận tải hành khách, xe vận tải nội bộ không lắp thiết bị giám sát hành trình của xe theo quy định hoặc có lắp thiết bị giám sát hành trình của xe nhưng thiết bị không hoạt động theo quy định hoặc làm sai lệch dữ liệu của thiết bị giám sát hành trình của xe ô tô.""
Trong tình huống trên, xe do anh Hùng điều khiển là xe kinh doanh vận tải hành khách thuộc đối tượng phải lắp thiết bị giám sát hành trình theo quy định. Qua xác minh, cơ quan có thẩm quyền xác định anh Hùng đã làm sai lệch dữ liệu của thiết bị giám sát hành trình lắp trên xe. Hành vi này thuộc trường hợp quy định tại điểm đ khoản 6 Điều 20 Nghị định số 168/2024/NĐ-CP (được sửa đổi, bổ sung tại khoản 2 Điều 7 Nghị định số 238/2026/NĐ-CP).
Như vậy, anh Hùng bị phạt tiền từ 3.000.000 đồng đến 5.000.000 đồng. Ngoài ra, theo quy định tại điểm b khoản 10 Điều 20 Nghị định số 168/2024/NĐ-CP, anh Hùng còn bị trừ 02 điểm giấy phép lái xe.",https://pbgdplthainguyen.gov.vn/huong-dan-nghiep-vu/40-tinh-huong-tuyen-truyen-phap-luat-1004.html,
294,"Anh Minh là chủ sở hữu xe ô tô 07 chỗ, đăng ký sử dụng vào mục đích cá nhân, không đăng ký kinh doanh vận tải. Thông qua mạng xã hội, anh Minh nhận đặt chỗ của nhiều người có nhu cầu đi từ Hà Nội đến Hải Phòng và thu tiền của từng hành khách. Khi đang di chuyển trên đường, lực lượng Cảnh sát giao thông dừng xe kiểm tra phương tiện và phát hiện anh Minh điều khiển xe ô tô không kinh doanh vận tải hành khách nhưng đã nhận đặt chỗ và thu tiền để chở người trên xe.
Hỏi: Trong tình huống trên, anh Minh bị xử phạt như thế nào?","Khoản 8a Điều 20 Nghị định số 168/2024/NĐ-CP, được bổ sung tại khoản 3 Điều 7 Nghị định số 238/2026/NĐ-CP quy định:
""8a. Phạt tiền từ 12.000.000 đồng đến 14.000.000 đồng đối với người điều khiển xe ô tô không kinh doanh vận tải hành khách nhưng chở người có thu tiền hoặc ký hợp đồng, nhận đặt chỗ để chở người trên xe.""
Trong tình huống trên, xe do anh Minh điều khiển là xe ô tô không kinh doanh vận tải hành khách. Mặc dù vậy, anh Minh đã sử dụng phương tiện này để nhận đặt chỗ, thu tiền của hành khách nhằm chở người trên xe. Hành vi này đã làm thay đổi mục đích sử dụng của phương tiện từ không kinh doanh sang thực hiện hoạt động vận tải hành khách có thu tiền và thuộc trường hợp quy định tại khoản 8a Điều 20 Nghị định số 168/2024/NĐ-CP (được bổ sung tại khoản 3 Điều 7 Nghị định số 238/2026/NĐ-CP).
Như vậy, đối chiếu theo quy định, anh Minh bị phạt tiền từ 12.000.000 đồng đến 14.000.000 đồng. Ngoài ra, theo quy định tại điểm c khoản 10 Điều 20 Nghị định số 168/2024/NĐ-CP (được sửa đổi, bổ sung tại khoản 4 Điều 7 Nghị định số 238/2026/NĐ-CP), anh Minh còn bị trừ 06 điểm giấy phép lái xe.",https://pbgdplthainguyen.gov.vn/huong-dan-nghiep-vu/40-tinh-huong-tuyen-truyen-phap-luat-1004.html,
295,"Anh Hùng điều khiển xe tải chở các thùng xốp đựng hàng điện tử từ kho đến đại lý. Do số lượng hàng hóa nhiều hơn sức chứa của thùng xe, anh Hùng đã xếp thêm nhiều kiện hàng lên nóc thùng xe và dùng dây chằng để cố định trước khi lưu thông. Trong quá trình tuần tra, lực lượng Cảnh sát giao thông phát hiện phương tiện chở hàng trên nóc thùng xe nên đã dừng xe kiểm tra, lập biên bản.
Hỏi: Trong tình huống trên, anh Hùng bị xử phạt như thế nào?","Điểm b khoản 2 Điều 21 Nghị định số 168/2024/NĐ-CP, được sửa đổi, bổ sung tại khoản 1 Điều 8 Nghị định số 238/2026/NĐ-CP quy định:
"" 2. Phạt tiền từ 800.000 đồng đến 1.000.000 đồng đối với một trong các hành vi vi phạm sau đây:
b) Chở hàng trên nóc thùng xe; chở hàng vượt quá bề rộng thùng xe (kể cả bề rộng rơ moóc và sơ mi rơ moóc); chở hàng vượt phía trước, phía sau thùng xe (kể cả rơ moóc và sơ mi rơ moóc) trên 10% chiều dài toàn bộ của xe theo thiết kế được ghi trong chứng nhận kiểm định an toàn kỹ thuật và bảo vệ môi trường của xe, trừ hành vi vi phạm quy định tại điểm d khoản 8 Điều 21 Nghị định này.""
Trong tình huống trên, anh Hùng đã điều khiển xe tải chở thêm hàng hóa trên nóc thùng xe nhằm vận chuyển được nhiều hàng hơn trong một chuyến. Mặc dù hàng hóa đã được chằng buộc, nhưng việc chở hàng trên nóc thùng xe không đúng quy định, làm ảnh hưởng đến sự ổn định của phương tiện và tiềm ẩn nguy cơ mất an toàn giao thông. Hành vi của anh Hùng thuộc trường hợp chở hàng trên nóc thùng xe theo quy định tại điểm b khoản 2 Điều 21 Nghị định số 168/2024/NĐ-CP (được sửa đổi, bổ sung tại khoản 1 Điều 8 Nghị định số 238/2026/NĐ-CP).
Như vậy, đối chiếu theo quy định, anh Hùng bị phạt tiền từ 800.000 đồng đến 1.000.000 đồng. Ngoài ra, theo quy định tại điểm a khoản 13 Điều 21 Nghị định số 168/2024/NĐ-CP, anh Hùng còn bị trừ 02 điểm giấy phép lái xe.",https://pbgdplthainguyen.gov.vn/huong-dan-nghiep-vu/40-tinh-huong-tuyen-truyen-phap-luat-1004.html,
296,"Anh Tuấn điều khiển xe tải chở các tấm tôn từ cơ sở sản xuất đến công trình xây dựng. Để giảm số chuyến vận chuyển, anh Tuấn xếp các tấm tôn nhô sang hai bên thành xe, vượt quá bề rộng của thùng xe. Khi lưu thông trên tuyến quốc lộ, lực lượng Cảnh sát giao thông phát hiện hàng hóa vượt quá kích thước của thùng xe, có nguy cơ va chạm với các phương tiện khác nên tiến hành kiểm tra và lập biên bản vi phạm.
Hỏi: Trong tình huống trên, anh Tuấn bị xử phạt như thế nào?","Điểm b khoản 2 Điều 21 Nghị định số 168/2024/NĐ-CP, được sửa đổi, bổ sung tại khoản 1 Điều 8 Nghị định số 238/2026/NĐ-CP quy định:
"" 2. Phạt tiền từ 800.000 đồng đến 1.000.000 đồng đối với một trong các hành vi vi phạm sau đây:
b) Chở hàng trên nóc thùng xe; chở hàng vượt quá bề rộng thùng xe (kể cả bề rộng rơ moóc và sơ mi rơ moóc); chở hàng vượt phía trước, phía sau thùng xe (kể cả rơ moóc và sơ mi rơ moóc) trên 10% chiều dài toàn bộ của xe theo thiết kế được ghi trong chứng nhận kiểm định an toàn kỹ thuật và bảo vệ môi trường của xe, trừ hành vi vi phạm quy định tại điểm d khoản 8 Điều 21 Nghị định này.""
Trong tình huống trên, anh Tuấn đã xếp hàng hóa vượt quá bề rộng của thùng xe nhằm vận chuyển được nhiều hàng hơn. Việc hàng hóa vượt quá bề rộng thùng xe làm tăng kích thước thực tế của phương tiện khi tham gia giao thông, tiềm ẩn nguy cơ va chạm với các phương tiện lưu thông bên cạnh. Hành vi của anh Tuấn thuộc trường hợp chở hàng vượt quá bề rộng thùng xe theo quy định tại điểm b khoản 2 Điều 21 Nghị định số 168/2024/NĐ-CP (được sửa đổi, bổ sung tại khoản 1 Điều 8 Nghị định số 238/2026/NĐ-CP).
Như vậy, đối chiếu theo quy định, anh Tuấn bị phạt tiền từ 800.000 đồng đến 1.000.000 đồng. Ngoài ra, theo quy định tại điểm a khoản 13 Điều 21 Nghị định số 168/2024/NĐ-CP, anh Tuấn còn bị trừ 02 điểm giấy phép lái xe.",https://pbgdplthainguyen.gov.vn/huong-dan-nghiep-vu/40-tinh-huong-tuyen-truyen-phap-luat-1004.html,
297,"Anh Bình điều khiển xe đầu kéo kéo sơ mi rơ moóc vận chuyển các thanh thép đến công trình xây dựng. Để chở được toàn bộ số thép trong một chuyến, anh Bình xếp các thanh thép nhô ra phía sau sơ mi rơ moóc vượt quá 10% chiều dài toàn bộ của xe theo thiết kế được ghi trong Chứng nhận kiểm định an toàn kỹ thuật và bảo vệ môi trường. Qua kiểm tra thực tế và đối chiếu với thông số kỹ thuật của phương tiện, lực lượng Cảnh sát giao thông xác định hàng hóa vượt quá giới hạn cho phép và lập biên bản vi phạm.
Hỏi: Trong tình huống trên, anh Bình bị xử phạt như thế nào?","Điểm b khoản 2 Điều 21 Nghị định số 168/2024/NĐ-CP, được sửa đổi, bổ sung tại khoản 1 Điều 8 Nghị định số 238/2026/NĐ-CP quy định:
"" 2. Phạt tiền từ 800.000 đồng đến 1.000.000 đồng đối với một trong các hành vi vi phạm sau đây:
b) Chở hàng trên nóc thùng xe; chở hàng vượt quá bề rộng thùng xe (kể cả bề rộng rơ moóc và sơ mi rơ moóc); chở hàng vượt phía trước, phía sau thùng xe (kể cả rơ moóc và sơ mi rơ moóc) trên 10% chiều dài toàn bộ của xe theo thiết kế được ghi trong chứng nhận kiểm định an toàn kỹ thuật và bảo vệ môi trường của xe, trừ hành vi vi phạm quy định tại điểm d khoản 8 Điều 21 Nghị định này.""
Trong tình huống trên, anh Bình đã điều khiển xe đầu kéo kéo sơ mi rơ moóc chở hàng hóa nhô ra phía sau vượt quá 10% chiều dài toàn bộ của xe theo thiết kế được ghi trong Chứng nhận kiểm định an toàn kỹ thuật và bảo vệ môi trường. Hành vi này làm tăng nguy cơ va chạm với các phương tiện phía sau, ảnh hưởng đến an toàn giao thông và thuộc trường hợp chở hàng vượt phía sau thùng xe (kể cả sơ mi rơ moóc) trên 10% chiều dài toàn bộ của xe theo thiết kế, không thuộc trường hợp quy định tại điểm d khoản 8 Điều 21 Nghị định số 168/2024/NĐ-CP (được sửa đổi, bổ sung tại khoản 1 Điều 8 Nghị định số 238/2026/NĐ-CP).
Như vậy, đối chiếu theo quy định, anh Bình bị phạt tiền từ 800.000 đồng đến 1.000.000 đồng. Ngoài ra, theo quy định tại điểm a khoản 13 Điều 21 Nghị định số 168/2024/NĐ-CP, anh Bình còn bị trừ 02 điểm giấy phép lái xe.",https://pbgdplthainguyen.gov.vn/huong-dan-nghiep-vu/40-tinh-huong-tuyen-truyen-phap-luat-1004.html,
298,"Anh Hùng là lái xe của một doanh nghiệp kinh doanh vận tải hành khách, được giao điều khiển xe ô tô 29 chỗ để chở khách theo tuyến cố định. Trong quá trình kiểm tra, lực lượng Cảnh sát giao thông phát hiện phương tiện không được lắp thiết bị ghi nhận hình ảnh người lái xe theo quy định mặc dù đây là loại xe thuộc đối tượng bắt buộc phải lắp thiết bị này.
Hỏi: Trong tình huống trên, anh Hùng bị xử phạt như thế nào?","Điểm b khoản 3 Điều 21 Nghị định số 168/2024/NĐ-CP, được sửa đổi, bổ sung tại khoản 2 Điều 8 Nghị định số 238/2026/NĐ-CP quy định:
""3. Phạt tiền từ 1.000.000 đồng đến 2.000.000 đồng đối với một trong các hành vi vi phạm sau đây:
b) Điều khiển xe ô tô kinh doanh vận tải, xe ô tô đầu kéo, xe vận tải nội bộ không lắp thiết bị ghi nhận hình ảnh người lái xe hoặc có lắp thiết bị ghi nhận hình ảnh người lái xe nhưng không có tác dụng trong quá trình xe tham gia giao thông theo quy định hoặc làm sai lệch dữ liệu của thiết bị ghi nhận hình ảnh người lái xe lắp trên xe ô tô.""
Trong tình huống trên, xe do anh Hùng điều khiển là xe ô tô kinh doanh vận tải thuộc đối tượng phải lắp thiết bị ghi nhận hình ảnh người lái xe theo quy định. Tuy nhiên, phương tiện không được lắp thiết bị này khi tham gia giao thông. Hành vi của anh Hùng thuộc trường hợp điều khiển xe ô tô kinh doanh vận tải không lắp thiết bị ghi nhận hình ảnh người lái xe theo quy định tại điểm b khoản 3 Điều 21 Nghị định số 168/2024/NĐ-CP (được sửa đổi, bổ sung tại khoản 2 Điều 8 Nghị định số 238/2026/NĐ-CP).
Như vậy, đối chiếu theo quy định, anh Hùng bị phạt tiền từ 1.000.000 đồng đến 2.000.000 đồng.",https://pbgdplthainguyen.gov.vn/huong-dan-nghiep-vu/40-tinh-huong-tuyen-truyen-phap-luat-1004.html,
299,"Anh Tuấn điều khiển xe đầu kéo vận chuyển hàng hóa từ Hải Phòng đến Hà Nội. Phương tiện đã được lắp thiết bị ghi nhận hình ảnh người lái xe, tuy nhiên do thiết bị bị hỏng từ nhiều ngày trước nên trong suốt quá trình xe tham gia giao thông không ghi nhận, lưu trữ được hình ảnh theo quy định. Qua kiểm tra, lực lượng Cảnh sát giao thông xác định thiết bị không hoạt động và lập biên bản vi phạm.
Hỏi: Trong tình huống trên, anh Tuấn bị xử phạt như thế nào?","Điểm b khoản 3 Điều 21 Nghị định số 168/2024/NĐ-CP, được sửa đổi, bổ sung tại khoản 2 Điều 8 Nghị định số 238/2026/NĐ-CP quy định:
""""3. Phạt tiền từ 1.000.000 đồng đến 2.000.000 đồng đối với một trong các hành vi vi phạm sau đây:
b) Điều khiển xe ô tô kinh doanh vận tải, xe ô tô đầu kéo, xe vận tải nội bộ không lắp thiết bị ghi nhận hình ảnh người lái xe hoặc có lắp thiết bị ghi nhận hình ảnh người lái xe nhưng không có tác dụng trong quá trình xe tham gia giao thông theo quy định hoặc làm sai lệch dữ liệu của thiết bị ghi nhận hình ảnh người lái xe lắp trên xe ô tô.""
Trong tình huống trên, mặc dù xe đầu kéo đã được lắp thiết bị ghi nhận hình ảnh người lái xe nhưng thiết bị không hoạt động trong quá trình xe tham gia giao thông, không thực hiện được chức năng ghi nhận hình ảnh theo quy định. Hành vi của anh Tuấn thuộc trường hợp có lắp thiết bị ghi nhận hình ảnh người lái xe nhưng không có tác dụng trong quá trình xe tham gia giao thông theo quy định tại điểm b khoản 3 Điều 21 Nghị định số 168/2024/NĐ-CP (được sửa đổi, bổ sung tại khoản 2 Điều 8 Nghị định số 238/2026/NĐ-CP).
Như vậy, đối chiếu theo quy định, anh Tuấn bị phạt tiền từ 1.000.000 đồng đến 2.000.000 đồng.",https://pbgdplthainguyen.gov.vn/huong-dan-nghiep-vu/40-tinh-huong-tuyen-truyen-phap-luat-1004.html,
300,"Anh Minh là lái xe của một doanh nghiệp vận tải hàng hóa, được giao điều khiển xe tải vận chuyển hàng liên tỉnh. Để tránh bị doanh nghiệp phát hiện việc thường xuyên sử dụng điện thoại và không thắt dây an toàn khi lái xe, anh Minh đã tự ý can thiệp vào thiết bị ghi nhận hình ảnh người lái xe làm cho dữ liệu hình ảnh được lưu trữ không đúng với thực tế. Qua kiểm tra dữ liệu từ thiết bị trên xe, lực lượng Cảnh sát giao thông phát hiện dấu hiệu bất thường và xác định dữ liệu của thiết bị đã bị làm sai lệch.
Hỏi: Trong tình huống trên, anh Minh bị xử phạt như thế nào?","Điểm b khoản 3 Điều 21 Nghị định số 168/2024/NĐ-CP, được sửa đổi, bổ sung tại khoản 2 Điều 8 Nghị định số 238/2026/NĐ-CP quy định:
""3. Phạt tiền từ 1.000.000 đồng đến 2.000.000 đồng đối với một trong các hành vi vi phạm sau đây:
b) Điều khiển xe ô tô kinh doanh vận tải, xe ô tô đầu kéo, xe vận tải nội bộ không lắp thiết bị ghi nhận hình ảnh người lái xe hoặc có lắp thiết bị ghi nhận hình ảnh người lái xe nhưng không có tác dụng trong quá trình xe tham gia giao thông theo quy định hoặc làm sai lệch dữ liệu của thiết bị ghi nhận hình ảnh người lái xe lắp trên xe ô tô.""
Trong tình huống trên, xe do anh Minh điều khiển đã được lắp thiết bị ghi nhận hình ảnh người lái xe theo quy định. Tuy nhiên, anh Minh đã có hành vi can thiệp làm sai lệch dữ liệu của thiết bị, khiến dữ liệu ghi nhận không phản ánh đúng quá trình điều khiển phương tiện. Hành vi này làm mất giá trị giám sát của thiết bị và thuộc trường hợp làm sai lệch dữ liệu của thiết bị ghi nhận hình ảnh người lái xe lắp trên xe ô tô theo quy định tại điểm b khoản 3 Điều 21 Nghị định số 168/2024/NĐ-CP (được sửa đổi, bổ sung tại khoản 2 Điều 8 Nghị định số 238/2026/NĐ-CP).
Như vậy, đối chiếu theo quy định, anh Minh bị phạt tiền từ 1.000.000 đồng đến 2.000.000 đồng.",https://pbgdplthainguyen.gov.vn/huong-dan-nghiep-vu/40-tinh-huong-tuyen-truyen-phap-luat-1004.html,
301,"Anh Hùng là lái xe của Công ty TNHH Vận tải Thành Công, được giao điều khiển xe ô tô tải vận chuyển hàng hóa từ Thái Nguyên đến Hà Nội. Trong quá trình kiểm tra, lực lượng Cảnh sát giao thông phát hiện phương tiện không được lắp thiết bị giám sát hành trình mặc dù đây là loại xe thuộc đối tượng bắt buộc phải lắp theo quy định.
Hỏi: Trong tình huống trên, anh Hùng bị xử phạt như thế nào?","Điểm c khoản 5 Điều 21 Nghị định số 168/2024/NĐ-CP, được sửa đổi, bổ sung tại khoản 3 Điều 8 Nghị định số 238/2026/NĐ-CP quy định:
""5. Phạt tiền từ 3.000.000 đồng đến 5.000.000 đồng đối với một trong các hành vi vi phạm sau đây:
c) Điều khiển xe ô tô kinh doanh vận tải, xe ô tô đầu kéo, xe vận tải nội bộ không lắp thiết bị giám sát hành trình hoặc có lắp thiết bị giám sát hành trình nhưng không có tác dụng trong quá trình xe tham gia giao thông theo quy định hoặc làm sai lệch dữ liệu của thiết bị giám sát hành trình lắp trên xe ô tô.""
Trong tình huống trên, xe do anh Hùng điều khiển là xe ô tô kinh doanh vận tải thuộc đối tượng phải lắp thiết bị giám sát hành trình theo quy định. Tuy nhiên, phương tiện không được lắp thiết bị này khi tham gia giao thông. Hành vi của anh Hùng thuộc trường hợp điều khiển xe ô tô kinh doanh vận tải không lắp thiết bị giám sát hành trình theo quy định tại điểm c khoản 5 Điều 21 Nghị định số 168/2024/NĐ-CP (được sửa đổi, bổ sung tại khoản 3 Điều 8 Nghị định số 238/2026/NĐ-CP).
Như vậy, đối chiếu theo quy định, anh Hùng bị phạt tiền từ 3.000.000 đồng đến 5.000.000 đồng. Ngoài ra, theo quy định tại điểm a khoản 13 Điều 21 Nghị định số 168/2024/NĐ-CP, anh Hùng còn bị trừ 02 điểm giấy phép lái xe.",https://pbgdplthainguyen.gov.vn/huong-dan-nghiep-vu/40-tinh-huong-tuyen-truyen-phap-luat-1004.html,
302,"Anh Tuấn điều khiển xe đầu kéo vận chuyển container từ cảng Hải Phòng đến khu công nghiệp Yên Phong. Phương tiện đã được lắp thiết bị giám sát hành trình nhưng do thiết bị bị hỏng từ trước nên trong suốt quá trình xe tham gia giao thông không truyền dữ liệu về hệ thống theo quy định. Qua kiểm tra, lực lượng Cảnh sát giao thông xác định thiết bị giám sát hành trình không hoạt động và lập biên bản vi phạm.
Hỏi: Trong tình huống trên, anh Tuấn bị xử phạt như thế nào?","Điểm c khoản 5 Điều 21 Nghị định số 168/2024/NĐ-CP, được sửa đổi, bổ sung tại khoản 3 Điều 8 Nghị định số 238/2026/NĐ-CP quy định:
""5. Phạt tiền từ 3.000.000 đồng đến 5.000.000 đồng đối với một trong các hành vi vi phạm sau đây:
c) Điều khiển xe ô tô kinh doanh vận tải, xe ô tô đầu kéo, xe vận tải nội bộ không lắp thiết bị giám sát hành trình hoặc có lắp thiết bị giám sát hành trình nhưng không có tác dụng trong quá trình xe tham gia giao thông theo quy định hoặc làm sai lệch dữ liệu của thiết bị giám sát hành trình lắp trên xe ô tô.""
Trong tình huống trên, xe đầu kéo do anh Tuấn điều khiển đã được lắp thiết bị giám sát hành trình. Tuy nhiên, thiết bị không hoạt động trong quá trình xe tham gia giao thông nên không ghi nhận, truyền dữ liệu theo quy định. Hành vi của anh Tuấn thuộc trường hợp có lắp thiết bị giám sát hành trình nhưng không có tác dụng trong quá trình xe tham gia giao thông theo quy định theo quy định tại điểm c khoản 5 Điều 21 Nghị định số 168/2024/NĐ-CP (được sửa đổi, bổ sung tại khoản 3 Điều 8 Nghị định số 238/2026/NĐ-CP).
Như vậy, đối chiếu theo quy định, anh Tuấn bị phạt tiền từ 3.000.000 đồng đến 5.000.000 đồng. Ngoài ra, theo quy định tại điểm a khoản 13 Điều 21 Nghị định số 168/2024/NĐ-CP, anh Tuấn còn bị trừ 02 điểm giấy phép lái xe.",https://pbgdplthainguyen.gov.vn/huong-dan-nghiep-vu/40-tinh-huong-tuyen-truyen-phap-luat-1004.html,
303,"Anh Minh là lái xe của Công ty Cổ phần Vận tải Hoàng Long, được giao điều khiển xe ô tô khách chạy tuyến cố định Hà Nội - Lào Cai. Để che giấu việc điều khiển xe vượt quá thời gian làm việc liên tục và chạy sai lộ trình được giao, anh Minh đã tự ý can thiệp vào thiết bị giám sát hành trình làm sai lệch dữ liệu về hành trình của xe. Qua kiểm tra dữ liệu từ thiết bị giám sát hành trình, lực lượng Cảnh sát giao thông phát hiện dữ liệu lưu trữ không trùng khớp với quá trình hoạt động thực tế của phương tiện và xác định dữ liệu của thiết bị đã bị làm sai lệch.
Hỏi: Trong tình huống trên, anh Minh bị xử phạt như thế nào?","Điểm c khoản 5 Điều 21 Nghị định số 168/2024/NĐ-CP, được sửa đổi, bổ sung tại khoản 3 Điều 8 Nghị định số 238/2026/NĐ-CP quy định:
""5. Phạt tiền từ 3.000.000 đồng đến 5.000.000 đồng đối với một trong các hành vi vi phạm sau đây:
c) Điều khiển xe ô tô kinh doanh vận tải, xe ô tô đầu kéo, xe vận tải nội bộ không lắp thiết bị giám sát hành trình hoặc có lắp thiết bị giám sát hành trình nhưng không có tác dụng trong quá trình xe tham gia giao thông theo quy định hoặc làm sai lệch dữ liệu của thiết bị giám sát hành trình lắp trên xe ô tô.""
Trong tình huống trên, xe do anh Minh điều khiển đã được lắp thiết bị giám sát hành trình theo quy định. Tuy nhiên, anh Minh đã tự ý can thiệp làm sai lệch dữ liệu của thiết bị, khiến dữ liệu về hành trình của phương tiện không phản ánh đúng quá trình tham gia giao thông thực tế. Hành vi này làm mất giá trị giám sát của thiết bị và thuộc trường hợp làm sai lệch dữ liệu của thiết bị giám sát hành trình lắp trên xe ô tô theo quy định tại điểm c khoản 5 Điều 21 Nghị định số 168/2024/NĐ-CP (được sửa đổi, bổ sung tại khoản 3 Điều 8 Nghị định số 238/2026/NĐ-CP).
Như vậy, đối chiếu theo quy định, anh Minh bị phạt tiền từ 3.000.000 đồng đến 5.000.000 đồng. Ngoài ra, theo quy định tại điểm a khoản 13 Điều 21 Nghị định số 168/2024/NĐ-CP, anh Minh còn bị trừ 02 điểm giấy phép lái xe.",https://pbgdplthainguyen.gov.vn/huong-dan-nghiep-vu/40-tinh-huong-tuyen-truyen-phap-luat-1004.html,
304,"Anh Hùng là lái xe của Công ty TNHH Vận tải Hoàng Phát, được giao điều khiển xe đầu kéo kéo sơ mi rơ moóc để vận chuyển một bồn chứa bằng thép có hình dạng như công-ten-nơ từ Khu công nghiệp Quang Châu (Bắc Giang) đến Cảng Hải Phòng. Do kích thước thiết bị lớn hơn chiều dài của sơ mi rơ moóc, phần thiết bị nhô ra phía sau vượt quá chiều dài toàn bộ của sơ mi rơ moóc được ghi trong Chứng nhận kiểm định an toàn kỹ thuật và bảo vệ môi trường của phương tiện. Trong quá trình kiểm tra, lực lượng Cảnh sát giao thông phát hiện vi phạm và lập biên bản.
Hỏi: Trong tình huống trên, anh Hùng bị xử phạt như thế nào?","Điểm d khoản 8 Điều 21 Nghị định số 168/2024/NĐ-CP, được sửa đổi, bổ sung tại khoản 4 Điều 8 Nghị định số 238/2026/NĐ-CP quy định:
"" 8. Phạt tiền từ 8.000.000 đồng đến 12.000.000 đồng đối với một trong các hành vi sau đây:
d) Chở thiết bị có hình dạng thùng hoặc có hình dạng như công-ten-nơ (không phải công-ten-nơ) vượt quá chiều dài toàn bộ được ghi trong chứng nhận kiểm định an toàn kỹ thuật và bảo vệ môi trường của rơ moóc, sơ mi rơ moóc; chở loại hàng không đúng với thông tin ghi trong chứng nhận kiểm định an toàn kỹ thuật và bảo vệ môi trường của rơ moóc, sơ mi rơ moóc.""
Trong tình huống trên, anh Hùng điều khiển xe đầu kéo kéo sơ mi rơ moóc để vận chuyển một thiết bị có hình dạng như công-ten-nơ nhưng không phải là công-ten-nơ. Thiết bị được xếp trên sơ mi rơ moóc có chiều dài vượt quá chiều dài toàn bộ của sơ mi rơ moóc được ghi trong Chứng nhận kiểm định an toàn kỹ thuật và bảo vệ môi trường của phương tiện. Hành vi này không bảo đảm điều kiện an toàn kỹ thuật của phương tiện khi tham gia giao thông, tiềm ẩn nguy cơ mất an toàn đối với các phương tiện lưu thông phía sau và thuộc trường hợp chở thiết bị có hình dạng như công-ten-nơ (không phải công-ten-nơ) vượt quá chiều dài toàn bộ được ghi trong Chứng nhận kiểm định an toàn kỹ thuật và bảo vệ môi trường của sơ mi rơ moóc theo quy định tại điểm d khoản 8 Điều 21 Nghị định số 168/2024/NĐ-CP (được sửa đổi, bổ sung tại khoản 4 Điều 8 Nghị định số 238/2026/NĐ-CP).
Như vậy, đối chiếu theo quy định, anh Hùng bị phạt tiền từ 8.000.000 đồng đến 12.000.000 đồng. Ngoài ra, theo điểm b khoản 13 Điều 21 Nghị định số 168/2024/NĐ-CP, người điều khiển phương tiện thực hiện hành vi vi phạm nêu trên còn bị trừ 04 điểm giấy phép lái xe.",https://pbgdplthainguyen.gov.vn/huong-dan-nghiep-vu/40-tinh-huong-tuyen-truyen-phap-luat-1004.html,
305,"Công ty TNHH Vận tải Hoàng Long là đơn vị kinh doanh vận tải hàng hóa, sở hữu một xe đầu kéo kéo theo sơ mi rơ moóc chuyên dùng đã được cấp Giấy chứng nhận kiểm định an toàn kỹ thuật và bảo vệ môi trường. Theo Giấy chứng nhận kiểm định, sơ mi rơ moóc này được thiết kế, kiểm định để chuyên chở ô tô. Công ty giao anh Nguyễn Văn Thành điều khiển xe đầu kéo kéo theo sơ mi rơ moóc nêu trên vận chuyển một lô thép cuộn từ Khu công nghiệp Yên Bình (tỉnh Thái Nguyên) đến thành phố Hải Phòng. Trong quá trình lưu thông trên tuyến cao tốc Hà Nội - Hải Phòng, phương tiện bị lực lượng Cảnh sát giao thông dừng để kiểm tra. Qua kiểm tra hồ sơ phương tiện và đối chiếu với Giấy chứng nhận kiểm định an toàn kỹ thuật và bảo vệ môi trường của sơ mi rơ moóc, lực lượng chức năng xác định sơ mi rơ moóc được kiểm định để chở ô tô nhưng thực tế đang chở thép cuộn. Hành vi vận chuyển loại hàng hóa không đúng với thông tin ghi trong Giấy chứng nhận kiểm định an toàn kỹ thuật và bảo vệ môi trường đã được lập biên bản vi phạm hành chính.
Hỏi: Trong tình huống trên, anh Nguyễn Văn Thành bị xử phạt như thế nào?","Điểm d khoản 8 Điều 21 Nghị định số 168/2024/NĐ-CP, được sửa đổi, bổ sung tại khoản 4 Điều 8 Nghị định số 238/2026/NĐ-CP quy định:
""8. Phạt tiền từ 8.000.000 đồng đến 12.000.000 đồng đối với một trong các hành vi sau đây:
d) Chở thiết bị có hình dạng thùng hoặc có hình dạng như công-ten-nơ (không phải công-ten-nơ) vượt quá chiều dài toàn bộ được ghi trong chứng nhận kiểm định an toàn kỹ thuật và bảo vệ môi trường của rơ moóc, sơ mi rơ moóc; chở loại hàng không đúng với thông tin ghi trong chứng nhận kiểm định an toàn kỹ thuật và bảo vệ môi trường của rơ moóc, sơ mi rơ moóc.""
Trong tình huống trên, anh Nguyễn Văn Thành điều khiển xe đầu kéo kéo theo sơ mi rơ moóc đã được kiểm định để chở ô tô. Tuy nhiên, trên thực tế, phương tiện lại được sử dụng để vận chuyển thép cuộn, là loại hàng hóa không đúng với thông tin về công dụng của sơ mi rơ moóc được ghi trong Giấy chứng nhận kiểm định an toàn kỹ thuật và bảo vệ môi trường.
Việc sử dụng rơ moóc, sơ mi rơ moóc để vận chuyển không đúng loại hàng hóa theo thiết kế, công năng đã được kiểm định có thể ảnh hưởng đến an toàn kỹ thuật của phương tiện, tiềm ẩn nguy cơ mất an toàn giao thông đường bộ.
Do đó, anh Nguyễn Văn Thành đã thực hiện hành vi chở loại hàng không đúng với thông tin ghi trong Giấy chứng nhận kiểm định an toàn kỹ thuật và bảo vệ môi trường của sơ mi rơ moóc, thuộc trường hợp quy định tại điểm d khoản 8 Điều 21 Nghị định số 168/2024/NĐ-CP, được sửa đổi, bổ sung tại khoản 4 Điều 8 Nghị định số 238/2026/NĐ-CP.
Như vậy, anh Nguyễn Văn Thành bị phạt tiền từ 8.000.000 đồng đến 12.000.000 đồng. Ngoài ra, theo quy định tại điểm c khoản 21 Điều 21 Nghị định số 168/2024/NĐ-CP (đã được sửa đổi, bổ sung), người điều khiển phương tiện còn bị trừ 04 điểm giấy phép lái xe.",https://pbgdplthainguyen.gov.vn/huong-dan-nghiep-vu/40-tinh-huong-tuyen-truyen-phap-luat-1004.html,
306,"Anh Hoàng điều khiển xe tải vận chuyển các cuộn ống nhựa từ kho vật liệu đến một công trình xây dựng. Trước khi lưu thông, anh Hoàng chỉ dùng một sợi dây để buộc sơ bộ số ống nhựa trên thùng xe. Khi xe di chuyển qua đoạn đường cua, các cuộn ống bị xô lệch, một phần nhô ra ngoài thành thùng và có nguy cơ rơi xuống đường. Lực lượng Cảnh sát giao thông phát hiện, yêu cầu anh Hoàng dừng xe để kiểm tra và xác định hàng hóa trên xe tuy có chằng buộc nhưng không bảo đảm an toàn. Khối lượng hàng hóa không vượt quá khối lượng cho phép chuyên chở của phương tiện.
Hỏi: Trong tình huống trên, anh Hoàng bị xử phạt như thế nào?","Điểm đ khoản 8 Điều 21 Nghị định số 168/2024/NĐ-CP, được sửa đổi, bổ sung tại khoản 4 Điều 8 Nghị định số 238/2026/NĐ-CP quy định:
“8. Phạt tiền từ 8.000.000 đồng đến 12.000.000 đồng đối với một trong các hành vi sau đây:
đ) Vận chuyển hàng trên xe không chằng buộc hoặc có chằng buộc nhưng không bảo đảm an toàn, trừ hành vi vi phạm quy định tại khoản 10 Điều này; vận chuyển hàng rời, vật liệu xây dựng trên xe mà xe không có thành thùng.”
Trong tình huống trên, anh Hoàng đã thực hiện việc chằng buộc các cuộn ống nhựa trước khi vận chuyển. Tuy nhiên, việc chằng buộc chỉ được thực hiện sơ sài, không giữ được hàng hóa ổn định trên thùng xe, khiến các cuộn ống bị xô lệch và có nguy cơ rơi xuống đường trong quá trình phương tiện tham gia giao thông. Khối lượng hàng hóa trên xe không vượt quá khối lượng cho phép chuyên chở nên hành vi này không thuộc trường hợp vi phạm quy định tại khoản 10 Điều 21. Do đó, hành vi của anh Hoàng thuộc trường hợp vận chuyển hàng trên xe có chằng buộc nhưng không bảo đảm an toàn, quy định tại điểm đ khoản 8 Điều 21 Nghị định số 168/2024/NĐ-CP, được sửa đổi, bổ sung tại khoản 4 Điều 8 Nghị định số 238/2026/NĐ-CP.
Như vậy, đối chiếu theo quy định, anh Hoàng bị phạt tiền từ 8.000.000 đồng đến 12.000.000 đồng. Ngoài ra, theo điểm b khoản 13 Điều 21 Nghị định số 168/2024/NĐ-CP, người điều khiển phương tiện thực hiện hành vi quy định tại điểm đ khoản 8 Điều này còn bị trừ 04 điểm giấy phép lái xe.",https://pbgdplthainguyen.gov.vn/huong-dan-nghiep-vu/40-tinh-huong-tuyen-truyen-phap-luat-1004.html,
307,"Anh Nguyễn Văn Hải là lái xe của Công ty TNHH Vận tải Minh Phát, được giao điều khiển xe ô tô tải vận chuyển một lô máy phát điện và thiết bị cơ khí từ thành phố Thái Nguyên đến Khu công nghiệp Quế Võ (tỉnh Bắc Ninh). Sau khi bốc xếp hàng hóa lên xe, anh Hải không thực hiện việc chằng buộc hàng hóa mà chỉ đặt trực tiếp trên thùng xe để tiết kiệm thời gian.
Trong quá trình lưu thông trên Quốc lộ 3, khi vào đoạn đường có nhiều khúc cua, các kiện hàng trên xe bị xê dịch, nghiêng lệch, tiềm ẩn nguy cơ rơi xuống đường gây mất an toàn giao thông. Phát hiện dấu hiệu vi phạm, lực lượng Cảnh sát giao thông đã ra hiệu lệnh dừng phương tiện để kiểm tra. Qua kiểm tra thực tế, lực lượng chức năng xác định toàn bộ số hàng hóa trên xe không được chằng buộc theo quy định, không bảo đảm an toàn trong quá trình vận chuyển và lập biên bản.
Hỏi: Trong tình huống trên, anh Nguyễn Văn Hải bị xử phạt như thế nào?","Điểm đ khoản 8 Điều 21 Nghị định số 168/2024/NĐ-CP, được sửa đổi, bổ sung tại khoản 4 Điều 8 Nghị định số 238/2026/NĐ-CP quy định:
""8. Phạt tiền từ 8.000.000 đồng đến 12.000.000 đồng đối với một trong các hành vi sau đây:
đ) Vận chuyển hàng trên xe không chằng buộc hoặc có chằng buộc nhưng không bảo đảm an toàn, trừ hành vi vi phạm quy định tại khoản 10 Điều này; vận chuyển hàng rời, vật liệu xây dựng trên xe mà xe không có thành thùng.""
Trong tình huống trên, anh Nguyễn Văn Hải điều khiển xe ô tô tải vận chuyển hàng hóa nhưng không thực hiện việc chằng buộc hàng hóa trên xe theo quy định. Việc để hàng hóa trên xe mà không được chằng buộc làm tăng nguy cơ hàng hóa bị xê dịch, đổ hoặc rơi khỏi phương tiện trong quá trình lưu thông, ảnh hưởng đến an toàn của người và phương tiện tham gia giao thông.
Hành vi của anh Hải là vận chuyển hàng trên xe không chằng buộc, thuộc trường hợp quy định tại điểm đ khoản 8 Điều 21 Nghị định số 168/2024/NĐ-CP, được sửa đổi, bổ sung tại khoản 4 Điều 8 Nghị định số 238/2026/NĐ-CP.
Như vậy, anh Nguyễn Văn Hải bị phạt tiền từ 8.000.000 đồng đến 12.000.000 đồng. Ngoài ra, theo quy định tại điểm c khoản 21 Điều 21 Nghị định số 168/2024/NĐ-CP (đã được sửa đổi, bổ sung), anh Hải còn bị trừ 04 điểm giấy phép lái xe.",https://pbgdplthainguyen.gov.vn/huong-dan-nghiep-vu/40-tinh-huong-tuyen-truyen-phap-luat-1004.html,
308,"Anh Nam điều khiển xe ô tô tải dạng sàn phẳng vận chuyển cát đóng thành đống từ bãi vật liệu đến công trình san lấp. Phương tiện không có thành thùng để chứa và giữ vật liệu, anh Nam chỉ phủ một tấm bạt lên phía trên số cát rồi cho xe tham gia giao thông. Trong quá trình tuần tra, lực lượng Cảnh sát giao thông phát hiện phương tiện vận chuyển vật liệu xây dựng trên xe không có thành thùng nên dừng xe kiểm tra và lập biên bản vi phạm.
Hỏi: Trong tình huống trên, anh Nam bị xử phạt như thế nào?","Điểm đ khoản 8 Điều 21 Nghị định số 168/2024/NĐ-CP, được sửa đổi, bổ sung tại khoản 4 Điều 8 Nghị định số 238/2026/NĐ-CP quy định:
“8. Phạt tiền từ 8.000.000 đồng đến 12.000.000 đồng đối với một trong các hành vi sau đây:
đ) Vận chuyển hàng trên xe không chằng buộc hoặc có chằng buộc nhưng không bảo đảm an toàn, trừ hành vi vi phạm quy định tại khoản 10 Điều này; vận chuyển hàng rời, vật liệu xây dựng trên xe mà xe không có thành thùng.”
Trong tình huống trên, cát là vật liệu xây dựng và được vận chuyển trên xe ô tô tải dạng sàn phẳng không có thành thùng. Việc anh Nam phủ bạt lên số cát không làm thay đổi đặc điểm phương tiện là không có thành thùng để chứa, giữ vật liệu trong quá trình vận chuyển. Hành vi vi phạm được xác định ở việc sử dụng xe không có thành thùng để vận chuyển vật liệu xây dựng, không phụ thuộc vào việc người điều khiển có phủ bạt lên hàng hóa hay không.
Do đó, hành vi của anh Nam thuộc trường hợp vận chuyển vật liệu xây dựng trên xe mà xe không có thành thùng, quy định tại điểm đ khoản 8 Điều 21 Nghị định số 168/2024/NĐ-CP, được sửa đổi, bổ sung tại khoản 4 Điều 8 Nghị định số 238/2026/NĐ-CP.
Như vậy, đối chiếu theo quy định, anh Nam bị phạt tiền từ 8.000.000 đồng đến 12.000.000 đồng. Ngoài ra, theo điểm b khoản 13 Điều 21 Nghị định số 168/2024/NĐ-CP, anh Nam còn bị trừ 04 điểm giấy phép lái xe.",https://pbgdplthainguyen.gov.vn/huong-dan-nghiep-vu/40-tinh-huong-tuyen-truyen-phap-luat-1004.html,
309,Quy tắc tham gia giao thông đường bộ được quy định như thế nào?,"Theo Điều 10 Luật Trật tự giao thông đường bộ năm 2024 quy định quy tắc tham gia giao thông đường bộ như sau:
1. Người tham gia giao thông đường bộ phải đi bên phải theo chiều đi của mình, đi đúng làn đường, phần đường quy định, chấp hành báo hiệu đường bộ và các quy tắc giao thông đường bộ khác.
2. Người lái xe và người được chở trên xe ô tô phải thắt dây đai an toàn tại những chỗ có trang bị dây đai an toàn khi tham gia giao thông đường bộ.
3. Khi chở trẻ em dưới 10 tuổi và chiều cao dưới 1,35 mét trên xe ô tô không được cho trẻ em ngồi cùng hàng ghế với người lái xe, trừ loại xe ô tô chỉ có một hàng ghế; người lái xe phải sử dụng, hướng dẫn sử dụng thiết bị an toàn phù hợp cho trẻ em.",https://pbgdplthainguyen.gov.vn/index.php?language=vi&nv=faq&op=Luat-Trat-tu-an-toan-giao-thong-duong-bo#faq762,
310,"Đấu giá biển số xe được quy định như nào trong Luật Trật tự, an toàn giao thông đường bộ?","Theo điều 37 Luật Trật tự, an toàn giao thông đường bộ năm 2024 quy định đấu giá biển số xe như sau:
1. Biển số xe đưa ra đấu giá là biển số xe ô tô, xe mô tô, xe gắn máy được quy định tại điểm c và điểm d khoản 2 Điều 36 của Luật này, được công khai để tổ chức, cá nhân lựa chọn đăng ký tham gia đấu giá. Biển số xe không được tổ chức, cá nhân lựa chọn để đăng ký tham gia đấu giá được chuyển vào hệ thống đăng ký, quản lý xe để đăng ký theo quy định của pháp luật.
2. Giá khởi điểm của một biển số xe ô tô đưa ra đấu giá không thấp hơn 40 triệu đồng; giá khởi điểm một biển số xe mô tô, xe gắn máy đưa ra đấu giá không thấp hơn 05 triệu đồng.
3. Tiền đặt trước không thấp hơn giá khởi điểm của loại biển số xe đưa ra đấu giá.
4. Khi hết thời hạn đăng ký tham gia đấu giá mà chỉ có một người đăng ký tham gia đấu giá hoặc có nhiều người đăng ký tham gia đấu giá nhưng chỉ có một người tham gia đấu giá hoặc có nhiều người tham gia đấu giá nhưng chỉ có một người trả giá ít nhất bằng giá khởi điểm của một biển số xe đưa ra đấu giá thì người đó được xác định là người trúng đấu giá biển số xe.
5. Đăng ký xe và biển số xe trúng đấu giá sau khi chuyển nhượng, trao đổi, tặng cho, để thừa kế xe gắn biển số xe trúng đấu giá được quản lý, cấp, thu hồi theo quy định tại Điều 39 của Luật này.
6. Số tiền thu được từ đấu giá biển số xe sau khi trừ các khoản chi phí tổ chức đấu giá, chi phí quảng cáo, chi phí quản trị hệ thống đấu giá được nộp vào ngân sách trung ương theo quy định của pháp luật về ngân sách nhà nước.
7. Chính phủ quy định chi tiết Điều này; quy định bước giá, hình thức, phương thức, trình tự, thủ tục đấu giá biển số xe.",https://pbgdplthainguyen.gov.vn/index.php?language=vi&nv=faq&op=Luat-Trat-tu-an-toan-giao-thong-duong-bo#faq763,
311,Người trúng đấu giá biển số xe có quyền như nào?,"Theo khoản 1 Điều 38 Luật Trật tự, an toàn giao thông đường bộ năm 2024 quy định người trúng đấu giá biển số xe có quyền sau:
- Được cấp quyết định xác nhận biển số xe trúng đấu giá sau khi nộp đủ số tiền trúng đấu giá;
- Được đăng ký biển số xe trúng đấu giá gắn với phương tiện thuộc sở hữu của mình tại cơ quan Công an nơi quản lý biển số xe trúng đấu giá hoặc nơi thường trú, tạm trú của cá nhân, trụ sở của tổ chức trúng đấu giá;
- Được chuyển nhượng, trao đổi, tặng cho, để thừa kế xe gắn với biển số xe trúng đấu giá;
- Trong thời hạn 30 ngày kể từ ngày có thông báo kết quả trúng đấu giá mà chưa được cấp quyết định xác nhận biển số xe trúng đấu giá, nếu người trúng đấu giá chết thì kết quả trúng đấu giá sẽ bị hủy, người thừa kế theo quy định của pháp luật về thừa kế được nhận đủ số tiền trúng đấu giá mà người trúng đấu giá đã nộp;
- Trong thời hạn 12 tháng kể từ ngày được cấp quyết định xác nhận biển số xe trúng đấu giá, nếu người trúng đấu giá chết nhưng chưa thực hiện thủ tục đăng ký xe để gắn biển số xe trúng đấu giá thì kết quả trúng đấu giá sẽ bị hủy, người thừa kế theo quy định của pháp luật về thừa kế được nhận đủ số tiền trúng đấu giá mà người trúng đấu giá đã nộp.",https://pbgdplthainguyen.gov.vn/index.php?language=vi&nv=faq&op=Luat-Trat-tu-an-toan-giao-thong-duong-bo#faq764,
312,Người trúng đấu giá biển số xe phải có nghĩa vụ như thế nào?,"Theo khoản 1 Điều 38 Luật Trật tự, an toàn giao thông đường bộ năm 2024 quy định người trúng đấu giá biển số xe có nghĩa vụ sau:
- Nộp đủ số tiền trúng đấu giá trong thời hạn 30 ngày kể từ ngày có thông báo kết quả trúng đấu giá; tiền trúng đấu giá không bao gồm lệ phí đăng ký, cấp biển số xe. Sau thời hạn quy định, người trúng đấu giá biển số xe không nộp hoặc nộp không đủ tiền trúng đấu giá thì biển số xe trúng đấu giá được đấu giá lại hoặc chuyển vào hệ thống đăng ký, quản lý xe và người trúng đấu giá không được hoàn trả số tiền đặt trước, số tiền đã nộp, không được tham gia đấu giá biển số xe trong thời hạn 12 tháng kể từ ngày có thông báo kết quả trúng đấu giá;
- Thực hiện thủ tục đăng ký xe để gắn biển số xe trúng đấu giá trong thời hạn 12 tháng kể từ ngày được cấp quyết định xác nhận biển số xe trúng đấu giá; trường hợp sự kiện bất khả kháng hoặc trở ngại khách quan thì thời hạn này được kéo dài thêm nhưng tối đa không quá 06 tháng. Sau thời hạn quy định, người trúng đấu giá biển số xe không thực hiện thủ tục đăng ký xe để gắn biển số xe trúng đấu giá thì biển số xe trúng đấu giá được đấu giá lại hoặc chuyển vào hệ thống đăng ký, quản lý xe và người trúng đấu giá không được hoàn trả số tiền trúng đấu giá đã nộp;
- Không được chuyển nhượng, trao đổi, tặng cho, để thừa kế biển số xe trúng đấu giá, trừ trường hợp quy định tại điểm c khoản 1 Điều này.",https://pbgdplthainguyen.gov.vn/index.php?language=vi&nv=faq&op=Luat-Trat-tu-an-toan-giao-thong-duong-bo#faq765,
313,"Xe ô tô trở trẻ em mầm non, học sinh được quy định như thế nào?","Điều 46 Luật Trật tự, an toàn giao thông đường bộ năm 2024 quy định đối với xe trở trẻ em mầm non, học sinh phải đáp ứng các yêu cầu sau đây:
- Bảo đảm các điều kiện quy định tại khoản 1, khoản 2 Điều 35 của Luật này; có thiết bị ghi nhận hình ảnh trẻ em mầm non, học sinh và thiết bị có chức năng cảnh báo, chống bỏ quên trẻ em trên xe; có niên hạn sử dụng không quá 20 năm; có màu sơn theo quy định của Chính phủ;
-  Xe ô tô chở trẻ em mầm non hoặc học sinh tiểu học phải có dây đai an toàn phù hợp với lứa tuổi hoặc sử dụng xe có ghế ngồi phù hợp với lứa tuổi theo quy định của pháp luật.
- Xe ô tô kinh doanh vận tải kết hợp với hoạt động đưa đón trẻ em mầm non, học sinh phải đáp ứng các yêu cầu theo quy định tại khoản 3 Điều 10, khoản 1 và khoản 2 Điều 35 của Luật này; có thiết bị ghi nhận hình ảnh trẻ em mầm non, học sinh và thiết bị có chức năng cảnh báo, chống bỏ quên trẻ em trên xe đáp ứng yêu cầu theo quy định tại điểm a khoản 1 Điều này.
- Khi đưa đón trẻ em mầm non, học sinh tiểu học phải bố trí tối thiểu 01 người quản lý trên mỗi xe ô tô để hướng dẫn, giám sát, duy trì trật tự và bảo đảm an toàn cho trẻ em mầm non, học sinh tiểu học trong suốt chuyến đi. Trường hợp xe từ 29 chỗ trở lên (không kể chỗ của người lái xe) mà chở từ 27 trẻ em mầm non và học sinh tiểu học trở lên phải bố trí tối thiểu 02 người quản lý trên mỗi xe ô tô. Người quản lý, người lái xe có trách nhiệm kiểm tra trẻ em mầm non, học sinh tiểu học khi xuống xe; không được để trẻ em mầm non, học sinh tiểu học trên xe khi người quản lý và người lái xe đã rời xe.
- Người lái xe ô tô đưa đón trẻ em mầm non, học sinh phải có tối thiểu 02 năm kinh nghiệm lái xe vận tải hành khách.
- Cơ sở giáo dục phải xây dựng quy trình bảo đảm an toàn khi đưa đón trẻ em mầm non, học sinh; hướng dẫn cho lái xe và người quản lý trẻ em mầm non, học sinh nắm vững và thực hiện đúng quy trình; chịu trách nhiệm bảo đảm trật tự, an toàn giao thông đường bộ khi tổ chức đưa đón trẻ em mầm non, học sinh của cơ sở giáo dục đó.
- Xe đưa đón trẻ em mầm non, học sinh được ưu tiên trong tổ chức phân luồng, điều tiết giao thông, bố trí nơi dừng xe, đỗ xe tại khu vực trường học và tại các điểm trên lộ trình đưa đón trẻ em mầm non, học sinh.",https://pbgdplthainguyen.gov.vn/index.php?language=vi&nv=faq&op=Luat-Trat-tu-an-toan-giao-thong-duong-bo#faq766,
314,"Quy định về kiểm định khí thải đối với mô tô, xe gắn máy?","Điều 42 Luật Trật tự, an toàn giao thông đường bộ năm 2024 quy định việc kiểm định đối với mô tô, xe gắn máy chỉ thực hiện kiểm định về khí thải. Việc kiểm định khí thải thực hiện theo quy định của pháp luật về bảo vệ môi trường được thực hiện tại các cơ sở kiểm định khí thải đáp ứng quy chuẩn kỹ thuật quốc gia.
Quy định này áp dụng từ ngày 01/01/2025.",https://pbgdplthainguyen.gov.vn/index.php?language=vi&nv=faq&op=Luat-Trat-tu-an-toan-giao-thong-duong-bo#faq767,
315,Giấy phép lái xe theo quy định mới có bao nhiêu hạng?,"Khoản 1 Điều 57 Luật Trật tự an toàn giao thông đường bộ quy định Giấy phép lái xe bao gồm 15 hạng:
1. Hạng A1 cấp cho người lái xe mô tô hai bánh có dung tích xi-lanh đến 125 cm3 hoặc có công suất động cơ điện đến 11 kW;
2. Hạng A cấp cho người lái xe mô tô hai bánh có dung tích xi-lanh trên 125 cm3 hoặc có công suất động cơ điện trên 11 kW và các loại xe quy định cho giấy phép lái xe hạng A1;
3. Hạng B1 cấp cho người lái xe mô tô ba bánh và các loại xe quy định cho giấy phép lái xe hạng A1;
4. Hạng B cấp cho người lái xe ô tô chở người đến 08 chỗ (không kể chỗ của người lái xe); xe ô tô tải và ô tô chuyên dùng có khối lượng toàn bộ theo thiết kế đến 3.500 kg; các loại xe ô tô quy định cho giấy phép lái xe hạng B kéo rơ moóc có khối lượng toàn bộ theo thiết kế đến 750 kg;
5. Hạng C1 cấp cho người lái xe ô tô tải và ô tô chuyên dùng có khối lượng toàn bộ theo thiết kế trên 3.500 kg đến 7.500 kg; các loại xe ô tô tải quy định cho giấy phép lái xe hạng C1 kéo rơ moóc có khối lượng toàn bộ theo thiết kế đến 750 kg; các loại xe quy định cho giấy phép lái xe hạng B;
6. Hạng C cấp cho người lái xe ô tô tải và ô tô chuyên dùng có khối lượng toàn bộ theo thiết kế trên 7.500 kg; các loại xe ô tô tải quy định cho giấy phép lái xe hạng C kéo rơ moóc có khối lượng toàn bộ theo thiết kế đến 750 kg; các loại xe quy định cho giấy phép lái xe hạng B và hạng C1;
7. Hạng D1 cấp cho người lái xe ô tô chở người trên 08 chỗ (không kể chỗ của người lái xe) đến 16 chỗ (không kể chỗ của người lái xe); các loại xe ô tô chở người quy định cho giấy phép lái xe hạng D1 kéo rơ moóc có khối lượng toàn bộ theo thiết kế đến 750 kg; các loại xe quy định cho giấy phép lái xe các hạng B, C1, C;
8. Hạng D2 cấp cho người lái xe ô tô chở người (kể cả xe buýt) trên 16 chỗ (không kể chỗ của người lái xe) đến 29 chỗ (không kể chỗ của người lái xe); các loại xe ô tô chở người quy định cho giấy phép lái xe hạng D2 kéo rơ moóc có khối lượng toàn bộ theo thiết kế đến 750 kg; các loại xe quy định cho giấy phép lái xe các hạng B, C1, C, D1;
9. Hạng D cấp cho người lái xe ô tô chở người (kể cả xe buýt) trên 29 chỗ (không kể chỗ của người lái xe); xe ô tô chở người giường nằm; các loại xe ô tô chở người quy định cho giấy phép lái xe hạng D kéo rơ moóc có khối lượng toàn bộ theo thiết kế đến 750 kg; các loại xe quy định cho giấy phép lái xe các hạng B, C1, C, D1, D2;
10. Hạng BE cấp cho người lái các loại xe ô tô quy định cho giấy phép lái xe hạng B kéo rơ moóc có khối lượng toàn bộ theo thiết kế trên 750 kg;
11. Hạng C1E cấp cho người lái các loại xe ô tô quy định cho giấy phép lái xe hạng C1 kéo rơ moóc có khối lượng toàn bộ theo thiết kế trên 750 kg;
12. Hạng CE cấp cho người lái các loại xe ô tô quy định cho giấy phép lái xe hạng C kéo rơ moóc có khối lượng toàn bộ theo thiết kế trên 750 kg; xe ô tô đầu kéo kéo sơ mi rơ moóc;
13. Hạng D1E cấp cho người lái các loại xe ô tô quy định cho giấy phép lái xe hạng D1 kéo rơ moóc có khối lượng toàn bộ theo thiết kế trên 750 kg;
14. Hạng D2E cấp cho người lái các loại xe ô tô quy định cho giấy phép lái xe hạng D2 kéo rơ moóc có khối lượng toàn bộ theo thiết kế trên 750 kg;
15. Hạng DE cấp cho người lái các loại xe ô tô quy định cho giấy phép lái xe hạng D kéo rơ moóc có khối lượng toàn bộ theo thiết kế trên 750 kg; xe ô tô chở khách nối toa.",https://pbgdplthainguyen.gov.vn/index.php?language=vi&nv=faq&op=Luat-Trat-tu-an-toan-giao-thong-duong-bo#faq768,
316,Điểm của giấy phép lái xe được quy định như thế nào?,"Điều 58 Luật Trật tự, an toàn giao thông đường bộ năm 2024 quy định: Điểm của giấy phép lái xe (GPLX) được dùng để quản lý việc chấp hành pháp luật về trật tự, an toàn giao thông đường bộ của người lái xe, bao gồm 12 điểm. Số điểm trừ mỗi lần vi phạm tùy thuộc tính chất, mức độ của hành vi vi phạm.
Dữ liệu về điểm trừ giấy phép lái xe của người vi phạm sẽ được cập nhật vào hệ thống cơ sở dữ liệu ngay sau khi quyết định xử phạt có hiệu lực. GPLX được phục hồi đủ 12 điểm khi chưa bị trừ hết điểm và không bị trừ điểm trong thời hạn 12 tháng kể từ ngày bị trừ điểm gần nhất.
Trường hợp GPLX bị trừ hết điểm thì người đó không được điều khiển phương tiện tham gia giao thông đường bộ theo loại giấy phép đã bị trừ hết điểm.
Sau ít nhất 6 tháng kể từ ngày bị trừ hết điểm, người có GPLX được tham gia kiểm tra nội dung kiến thức pháp luật về trật tự an toàn giao thông theo quy định.
Việc kiểm tra kiến thức do lực lượng Cảnh sát giao thông tổ chức, người có GPLX có kết quả đạt yêu cầu mới được phục hồi đủ 12 điểm.
Quy định trừ điểm GPLX bắt đầu được áp dụng từ ngày 1/1/2025",https://pbgdplthainguyen.gov.vn/index.php?language=vi&nv=faq&op=Luat-Trat-tu-an-toan-giao-thong-duong-bo#faq769,
317,Viết thêm ký tự vào biển báo giao thông bị xử phạt thế nào?,"Tại điểm b khoản 2 Điều 17 Nghị định số 144/2021/NĐ-CP ngày 31/12/2021 của Chính phủ quy định xử phạt vi phạm hành chính trong lĩnh vực an ninh, trật tự, an toàn xã hội; phòng, chống tệ nạn xã hội; phòng cháy, chữa cháy; cứu nạn, cứu hộ; phòng, chống bạo lực gia đình quy định phạt tiền từ 1.000.000 đồng đến 2.000.000 đồng đối với hành vi: Tháo dỡ, phá hủy hoặc làm bất cứ việc gì khác gây hư hại đến các loại biển báo, biển chỉ dẫn, biển hiệu của cơ quan, tổ chức. Biện pháp khắc phục hậu quả: Buộc khôi phục lại tình trạng ban đầu.

Như vậy, hành vi thêm các ký tự làm biến dạng biển báo giao thông thì sẽ bị xử phạt theo quy đinh nêu trên. Đề nghị ông Long cung cấp cụ thể các biển báo giao thông ở vị trí nào bị thêm ký tự làm biến dạng để lực lượng chức năng xác minh, xử lý theo quy định.",https://chinhsachonline.chinhphu.vn/viet-them-ky-tu-vao-bien-bao-giao-thong-bi-xu-phat-the-nao-79271.htm,
318,"Hiện tại việc sát hạch lái xe ô tô không có hướng dẫn hoặc thi phần lái xe trên đường cao tốc. Một người mới biết lái xe chỉ biết chạy xe trong khu đông dân cư hoặc ngoài khu dân cư, không biết lái trên đường cao tốc sẽ tiềm ẩn nguy cơ tai nạn giao thông. Đề nghị Bộ Giao thông vận tải có thêm phần thi lái xe trên đường cao tốc cũng như có những tài liệu tiêu chuẩn hướng dẫn lái xe trên đường cao tốc.","Hiện nay không tổ chức sát hạch thực hành lái xe trực tiếp trên đường cao tốc thực tế nhằm bảo đảm an toàn giao thông do tốc độ lưu thông trên đường cao tốc rất cao. Tuy nhiên, kỹ năng lái xe trên đường cao tốc đã được tích hợp bắt buộc trong chương trình đào tạo (trên cabin mô phỏng) và phần thi sát hạch xử lý tình huống giao thông trên phần mềm mô phỏng.
Căn cứ pháp lý: Điều 55, Điều 56 Luật Trật tự, an toàn giao thông đường bộ 2024 (Luật số 36/2024/QH15); Thông tư số 108/2026/TT-BCA của Bộ Công an quy định về sát hạch, cấp giấy phép lái xe.
Chi tiết nội dung đào tạo và sát hạch: 
- Chương trình đào tạo bao gồm phần học lý thuyết, thực hành lái xe trên cabin học lái xe (có bài tập thực hành lái xe trên đường cao tốc) và phần mềm mô phỏng 120 tình huống giao thông.
- Nội dung sát hạch lái xe ô tô gồm 04 phần bắt buộc: Sát hạch lý thuyết, sát hạch xử lý tình huống giao thông trên phần mềm mô phỏng, sát hạch thực hành lái xe trong hình và sát hạch thực hành lái xe trên đường giao thông công cộng.",https://chinhsachonline.chinhphu.vn/vi-sao-thi-bang-lai-xe-khong-co-noi-dung-sat-hach-tren-duong-cao-toc-63598.htm,
319,Đặt biển báo giao thông ở lề phải đường có còn phù hợp?,"Quy định đặt biển báo giao thông ở phía bên tay phải theo chiều đi là hoàn toàn phù hợp với quy chuẩn kỹ thuật và thông lệ quốc tế. Ngoài ra, pháp luật cho phép lắp đặt bổ sung biển báo ở bên trái hoặc treo biển trên giá long môn, cột cần vươn ở phía trên phần đường xe chạy đối với các tuyến đường nhiều làn xe hoặc đường tốc độ cao.
Căn cứ pháp lý: Điều 16 Quy chuẩn kỹ thuật quốc gia QCVN 41:2024/BGTVT ban hành kèm theo Thông tư số 51/2024/TT-BGTVT của Bộ Giao thông vận tải.
Chi tiết quy định về vị trí đặt biển báo:
- Biển báo phải đặt ở vị trí người tham gia giao thông dễ nhìn thấy, mặt biển quay về hướng đối diện chiều đi; được đặt phía bên tay phải hoặc phía trên phần đường xe chạy.
- Trên các đường nhiều làn xe, đường xe chạy tốc độ cao, cho phép treo biển báo trên giá long môn hoặc cột cần vươn phía trên phần đường xe chạy, hoặc đặt bổ sung biển nhắc lại ở phía bên trái theo chiều đi.",https://chinhsachonline.chinhphu.vn/dat-bien-bao-giao-thong-o-le-phai-duong-co-con-phu-hop-61680.htm,
320,Biển báo hiệu đường bộ P.106b được hiểu là gì?,"Biển báo P.106b ""Cấm xe ô tô tải"" dùng để báo đường cấm các loại xe ô tô tải có khối lượng chuyên chở cho phép (xác định theo Giấy chứng nhận kiểm định an toàn kỹ thuật và bảo vệ môi trường) lớn hơn giá trị chữ số ghi trên biển. Biển có hiệu lực cấm đối với cả máy kéo và xe máy chuyên dùng.
Căn cứ pháp lý: Mục B.6 Phụ lục B Quy chuẩn kỹ thuật quốc gia QCVN 41:2024/BGTVT ban hành kèm theo Thông tư số 51/2024/TT-BGTVT.
Chi tiết quy định về biển P.106b:
- Trị số ghi trên biển (tấn): Căn cứ theo ""Khối lượng chuyên chở cho phép"" ghi trong Giấy chứng nhận kiểm định của xe, không phụ thuộc vào trọng lượng bản thân xe hay xe có đang chở hàng hay không.
- Phạm vi áp dụng: Cấm các xe ô tô tải (kể cả xe bán tải nếu có khối lượng chuyên chở vượt quá trị số ghi trên biển), máy kéo và xe máy chuyên dùng có khối lượng chuyên chở vượt quá chỉ số ghi trên biển đi vào đoạn đường đặt biển.",https://chinhsachonline.chinhphu.vn/bien-bao-hieu-duong-bo-p106b-duoc-hieu-la-gi-22959.htm,
321,"Khi tham gia giao thông, tôi thấy nhiều tuyến đường có biển cấm các phương tiện dừng, đỗ, nhưng có nhiều xe ô tô vẫn dừng, đỗ thành hàng và bật đèn khẩn cấp, gây ùn tắc giao thông. Vậy, trường hợp lợi dụng bật đèn khẩn cấp để đỗ xe trên tuyến đường cấm dừng, đỗ thì bị xử lý như thế nào?","Hành vi lợi dụng bật đèn khẩn cấp (đèn báo nguy hiểm) để đỗ xe tại nơi có biển cấm dừng xe, cấm đỗ xe mà không phải do sự cố kỹ thuật bất khả kháng là hành vi vi phạm pháp luật và bị xử phạt hành chính.
Căn cứ pháp lý: Điểm e Khoản 3 và Khoản 7 Điều 6 Nghị định số 168/2024/NĐ-CP (được sửa đổi, bổ sung bởi Nghị định số 238/2026/NĐ-CP); Luật Trật tự, an toàn giao thông đường bộ 2024.
Mức xử phạt cụ thể đối với người điều khiển xe ô tô:
- Phạt tiền từ 800.000 đồng đến 1.000.000 đồng đối với hành vi đỗ xe tại nơi có biển ""Cấm đỗ xe"" hoặc biển ""Cấm dừng xe và đỗ xe"".
- Trường hợp đỗ xe trái quy định gây tai nạn giao thông hoặc gây ùn tắc giao thông nghiêm trọng: Phạt tiền từ 12.000.000 đồng đến 14.000.000 đồng, đồng thời bị trừ 04 điểm Giấy phép lái xe.",https://chinhsachonline.chinhphu.vn/bat-den-khan-cap-de-dung-do-xe-bi-phat-the-nao-22911.htm,
322,"Tôi xin hỏi, mức xử phạt đối với hành vi chạy quá tốc độ tối đa cho phép trên đường cao tốc quy định tại văn bản nào? Tốc độ tối đa cho phép trên mỗi loại đường cao tốc là giống hay khác nhau và phụ thuộc vào yếu tố nào?","Mức xử phạt hành vi điều khiển xe chạy quá tốc độ trên đường cao tốc được quy định tại Nghị định số 168/2024/NĐ-CP. Tốc độ tối đa cho phép trên mỗi loại đường cao tốc không giống nhau, không vượt quá 120 km/h và phụ thuộc vào tốc độ thiết kế, điều kiện giao thông, địa hình và hệ thống biển báo hiệu.
Căn cứ pháp lý: Điều 6 Nghị định số 168/2024/NĐ-CP; Thông tư số 38/2024/TT-BGTVT quy định về tốc độ và khoảng cách an toàn của xe cơ giới tham gia giao thông đường bộ.
Mức xử phạt cụ thể đối với người điều khiển xe ô tô chạy quá tốc độ:
- Chạy quá tốc độ từ 05 km/h đến dưới 10 km/h: Phạt tiền từ 800.000 đồng đến 1.000.000 đồng.
- Chạy quá tốc độ từ 10 km/h đến 20 km/h: Phạt tiền từ 4.000.000 đồng đến 6.000.000 đồng.
- Chạy quá tốc độ trên 20 km/h đến 35 km/h: Phạt tiền từ 6.000.000 đồng đến 8.000.000 đồng và bị trừ 03 điểm Giấy phép lái xe.
- Chạy quá tốc độ trên 35 km/h: Phạt tiền từ 12.000.000 đồng đến 14.000.000 đồng và bị trừ 06 điểm Giấy phép lái xe.",https://chinhsachonline.chinhphu.vn/cac-muc-phat-khi-chay-qua-toc-do-tren-duong-cao-toc-21528.htm,
323,"Tôi xin hỏi, quy định hiện hành nào định nghĩa hoặc giải thích như thế nào là chuyển hướng khi tham gia giao thông? Quy định nào áp dụng cho vạch kẻ đường tại nơi giao nhau? Vạch kẻ đường chia làn đường cùng chiều có nhiều làn xe chạy thì đến vị trí giao nhau có điểm dừng không? Khi đi trên đường có điểm giao cắt theo hình chữ Y, mà theo chiều bên phải đi từ (chân) chữ Y là cùng một đường (ví dụ Quốc lộ 1); đường có dải phân cách cứng, gồm 4 làn xe mỗi chiều (Làn 1: xe <30 chỗ + xe rẽ trái; Làn 2 + 3: Xe >30 chỗ + xe tải; Làn 4: xe máy, xe thô sơ). Làn 2, 3 không được rẽ trái. Tôi điều khiển xe ô tô đi ở làn 3 và đi theo hướng Quốc lộ 1, vạch kẻ chia làn được kẻ liên tục từ trước cho đến khi qua vị trí giao nhau. Xin hỏi, như vậy có phải tôi đã thực hiện chuyển hướng phương tiện không?","Chuyển hướng xe là việc điều khiển phương tiện thay đổi hướng di chuyển sang tuyến đường khác hoặc rẽ ngoặt tại nút giao. Trường hợp phương tiện tiếp tục di chuyển theo đúng nhánh đường chính đang chạy, đúng làn đường quy định mà không rẽ sang tuyến đường khác thì không coi là chuyển hướng xe.
Căn cứ pháp lý: Điều 13 Luật Trật tự, an toàn giao thông đường bộ 2024 (Luật số 36/2024/QH15); Quy chuẩn kỹ thuật quốc gia QCVN 41:2024/BGTVT ban hành kèm theo Thông tư số 51/2024/TT-BGTVT.
Chi tiết quy định về chuyển hướng và làn đường:
- Khi chuyển hướng, người điều khiển phương tiện phải giảm tốc độ, bật tín hiệu báo hướng rẽ (xi nhan) và quan sát bảo đảm an toàn.
- Nếu đi thẳng theo luồng tuyến đường chính (ví dụ Quốc lộ 1) theo đúng dải phân cách và làn đường quy định, không rẽ sang nhánh đường khác thì không bắt buộc phải bật đèn xi nhan chuyển hướng.",https://chinhsachonline.chinhphu.vn/quy-dinh-ve-chuyen-huong-khi-tham-gia-giao-thong-20128.htm,
324,"Tôi có một xe tải KIA k165 của Thaco Trường Hải, tải trọng 2.300 kg, trọng lượng bản thân 2.255 kg, trọng lượng toàn bộ 4.750 kg. Tôi xin hỏi, khi gặp biển P.106b có chỉ số 2,5 tấn thì xe được phép lưu thông không?","Xe tải KIA K165 có khối lượng chuyên chở cho phép 2.300 kg được phép lưu thông vào đường có đặt biển P.106b ghi chỉ số 2,5 tấn. Nguyên nhân là do biển P.106b cấm xe tải có khối lượng chuyên chở lớn hơn 2,5 tấn, trong khi khối lượng chuyên chở của xe chỉ là 2,3 tấn.
Căn cứ pháp lý: Mục B.6 Phụ lục B Quy chuẩn kỹ thuật quốc gia QCVN 41:2024/BGTVT ban hành kèm theo Thông tư số 51/2024/TT-BGTVT của Bộ Giao thông vận tải.
Chi tiết xác định đối tượng cấm của biển P.106b:
- Biển P.106b căn cứ vào ""Khối lượng chuyên chở cho phép"" ghi trong Giấy chứng nhận kiểm định an toàn kỹ thuật và bảo vệ môi trường của xe.
- Xe KIA K165 có khối lượng chuyên chở 2.300 kg (2,3 tấn) < 2,5 tấn ghi trên biển báo nên không thuộc đối tượng bị cấm.",https://chinhsachonline.chinhphu.vn/quy-dinh-bien-cam-xe-o-to-tai-co-khoi-luong-chuyen-cho-19570.htm,
325, Có được tháo dỡ rào chắn quốc lộ?,"Người dân tuyệt đối không được phép tự ý tháo dỡ rào chắn, dải phân cách hoặc các công trình phụ trợ trên quốc lộ. Tự ý tháo dỡ công trình đường bộ hoặc tự ý mở đường nhánh đấu nối trái phép vào quốc lộ là hành vi bị nghiêm cấm, bị phạt tiền rất nặng và buộc khôi phục lại tình trạng ban đầu.
Căn cứ pháp lý: Khoản 2 Điều 7, Khoản 3 Điều 30 Luật Đường bộ 2024 (Luật số 35/2024/QH15); Điểm b Khoản 4, Điểm b Khoản 5, Điểm b Khoản 6 Điều 9 và Điểm b Khoản 6, Điểm đ Khoản 7 Điều 5 Nghị định số 336/2025/NĐ-CP.
Mức xử phạt và biện pháp khắc phục cụ thể:
- Hành vi tự ý tháo dỡ, di chuyển, làm hư hỏng hoặc làm sai lệch rào chắn, cọc tiêu, tường bảo vệ, hàng rào hộ lan: Phạt tiền từ 3.000.000 đồng đến 5.000.000 đồng đối với cá nhân; từ 6.000.000 đồng đến 10.000.000 đồng đối với tổ chức (Điểm b Khoản 4 Điều 9).
- Hành vi phá dỡ trái phép công trình phụ trợ gắn liền với đường bộ: Phạt tiền từ 5.000.000 đồng đến 7.000.000 đồng đối với cá nhân; từ 10.000.000 đồng đến 14.000.000 đồng đối với tổ chức (Điểm b Khoản 5 Điều 9).
- Trường hợp tự ý tháo dỡ rào chắn để đấu nối trái phép vào đường chính, đường quốc lộ: Phạt tiền từ 15.000.000 đồng đến 20.000.000 đồng đối với cá nhân; từ 30.000.000 đồng đến 40.000.000 đồng đối với tổ chức (Điểm b Khoản 6 Điều 5).
- Biện pháp khắc phục hậu quả: Buộc khôi phục lại tình trạng ban đầu đã bị thay đổi do vi phạm hành chính gây ra; trường hợp đấu nối trái phép buộc phá dỡ công trình vi phạm và khôi phục nguyên trạng.",https://chinhsachonline.chinhphu.vn/co-duoc-thao-do-rao-chan-quoc-lo-19519.htm,
326,"Tôi điều khiển xe máy trên Quốc lộ 32 thuộc địa phận xã Kim Chung, huyện Hoài Đức, TP. Hà Nội, trên đường có dải phân cách cứng ngăn giữa 2 chiều, mỗi bên có 3 làn đường, làn trong cùng bên phải được kẻ vạch liền, 2 làn tiếp theo bên trái được kẻ vạch đứt giữa 2 làn. Tôi đi làn trong cùng bên phải thì bị Cảnh sát giao thông xử phạt vì đi sai làn đường. Lần khác khi lưu thông tại khu vực đại học Thành Đô, xã Kim Chung, huyện Hoài Đức, TP. Hà Nội tôi đi làn giữa cũng bị xử phạt đi sai làn đường. Vậy, khi điều khiển xe máy tham gia giao thông thì di chuyển trên làn xe nào là đúng? Luật quy định về làn xe cụ thể như thế nào?","Xe mô tô được phép di chuyển trên các làn đường xe cơ giới nếu không có biển báo phân làn dành riêng cho loại xe khác. Vạch trắng liền 20cm là vạch giới hạn mép phần đường xe chạy, xe chỉ được phép đè lên vạch này khi cần thiết dừng đỗ hoặc ra vào lề đường.
Căn cứ pháp lý: Điều 12 Luật Trật tự, an toàn giao thông đường bộ 2024; Quy chuẩn kỹ thuật quốc gia QCVN 41:2024/BGTVT ban hành kèm theo Thông tư số 51/2024/TT-BGTVT.
Chi tiết quy định làn đường cho mô tô:
- Nếu không có biển báo R.412/R.415 phân làn riêng, xe mô tô di chuyển trên làn đường xe cơ giới là đúng luật.
- Vạch kẻ nét liền 20cm xác định ranh giới giữa phần đường xe chạy và lề đường, phương tiện không được thường xuyên điều khiển xe đè lên vạch ngoại trừ trường hợp dừng, đỗ xe hoặc tránh sự cố.",https://chinhsachonline.chinhphu.vn/chi-duoc-chuyen-lan-duong-o-nhung-noi-cho-phep-18977.htm,
327,"Tôi xin hỏi, phạm vi và hiệu lực của biển báo số R.420 ""Bắt đầu khu đông dân cư"" được xác định thế nào? Nếu qua ngã 3, ngã 4 không đặt biển để nhắc lại thì khi xe đi từ đường nhánh ra, đi như thế nào là đúng luật?","Biển báo R.420 ""Bắt đầu khu đông dân cư"" có hiệu lực tác dụng đối với tất cả các tuyến đường trong khu vực đông dân cư kể từ vị trí đặt biển cho đến khi gặp biển báo R.421 ""Hết khu đông dân cư"". Biển không bắt buộc phải đặt lặp lại tại các ngã ba, ngã tư; phương tiện đi từ đường nhánh ra đường chính trong khu vực đông dân cư vẫn phải tuân thủ quy định tốc độ trong khu đông dân cư.
Căn cứ pháp lý: Điều 38 và Phụ lục E Quy chuẩn kỹ thuật quốc gia QCVN 41:2024/BGTVT ban hành kèm theo Thông tư số 51/2024/TT-BGTVT; Thông tư số 38/2024/TT-BGTVT.
Chi tiết quy định về phạm vi hiệu lực:
- Hiệu lực của biển R.420 tính từ vị trí đặt biển đến vị trí gặp biển R.421, có giá trị trên toàn bộ mạng lưới đường trong khu vực đó.
- Người lái xe di chuyển trong phạm vi này phải tuân thủ tốc độ tối đa cho phép đối với khu vực đông dân cư (tối đa 60 km/h trên đường đôi/đường một chiều có từ 2 làn xe trở lên; tối đa 50 km/h trên đường hai chiều/đường một chiều có 1 làn xe).",https://chinhsachonline.chinhphu.vn/pham-vi-hieu-luc-cua-bien-bao-khu-dong-dan-cu-18699.htm,
328,"Tôi xin hỏi, khi tham gia giao thông đang dừng xe chờ đèn đỏ nhưng xe cứu thương phát tín hiệu yêu cầu các phương tiện phía trước nhường đường. Vậy, trong trường hợp này bắt buộc phải vượt đèn đỏ mới có thể nhường đường cho xe cứu thương đi thì có bị phạt lỗi vượt đèn đỏ không?","Người điều khiển phương tiện thực hiện hành vi di chuyển qua vạch dừng (hoặc vượt đèn đỏ) trong tình thế cấp thiết để nhường đường cho xe cứu thương đang phát tín hiệu ưu tiên thì không bị xử phạt vi phạm hành chính.
Căn cứ pháp lý: Điều 27 Luật Trật tự, an toàn giao thông đường bộ 2024 (Luật số 36/2024/QH15); Điều 11 Luật Xử lý vi phạm hành chính 2012 (được sửa đổi, bổ sung năm 2020).
Chi tiết quy định xử lý:
- Quy định về nhường đường: Khi gặp xe ưu tiên phát tín hiệu, người tham gia giao thông phải nhanh chóng giảm tốc độ, tạt vào sát lề đường hoặc dừng lại để nhường đường, không được gây cản trở.
- Miễn trừ xử phạt: Trường hợp hình ảnh phạt nguội ghi nhận vi phạm, người điều khiển phương tiện cung cấp thông tin/chứng minh việc vi phạm là do nhường đường cho xe ưu tiên (tình thế cấp thiết) sẽ được cơ quan Công an hủy quyết định xử phạt theo Điều 11 Luật Xử lý vi phạm hành chính.",https://chinhsachonline.chinhphu.vn/nhuong-duong-cho-xe-cuu-thuong-co-bi-phat-loi-vuot-den-do-68572.htm,
329,"Xe cứu thương đang chở bệnh nhân trong tình trạng nguy kịch. Trên đường đi, xuất hiện một xe tải không chịu nhường đường, mặc cho xe cứu thương liên tục phát còi báo hiệu. Tôi xin hỏi, trường hợp này xe tải sẽ bị xử lý như thế nào? Vi phạm với mức độ nào thì bị truy cứu trách nhiệm hình sự?","Hành vi cố tình không nhường đường cho xe cứu thương đang phát tín hiệu ưu tiên đi làm nhiệm vụ là hành vi vi phạm pháp luật nghiêm trọng, bị phạt tiền, trừ điểm Giấy phép lái xe và có thể bị truy cứu trách nhiệm hình sự nếu gây hậu quả nghiêm trọng.
Căn cứ pháp lý: Điểm b Khoản 6 Điều 6, Điểm d Khoản 4 Điều 7 Nghị định số 168/2024/NĐ-CP; Điều 260 Bộ luật Hình sự 2015 (sửa đổi, bổ sung 2017).
Mức xử phạt cụ thể:
- Đối với người điều khiển xe ô tô (kể cả xe tải): Phạt tiền từ 6.000.000 đồng đến 8.000.000 đồng, đồng thời bị trừ 03 điểm Giấy phép lái xe.
- Đối với người điều khiển xe mô tô: Phạt tiền từ 1.000.000 đồng đến 2.000.000 đồng, đồng thời bị trừ 02 điểm Giấy phép lái xe.
- Trách nhiệm hình sự: Nếu cố tình không nhường đường dẫn đến người bệnh trên xe tử vong hoặc gây thiệt hại nghiêm trọng về sức khỏe, tài sản của người khác thì bị truy cứu trách nhiệm hình sự về ""Tội vi phạm quy định về tham gia giao thông đường bộ"" với mức phạt từ 30.000.000 đồng đến 100.000.000 đồng, phạt cải tạo không giam giữ đến 03 năm hoặc phạt tù từ 01 năm đến 05 năm",https://chinhsachonline.chinhphu.vn/can-cu-xu-phat-hanh-vi-khong-nhuong-duong-cho-xe-cuu-thuong-65601.htm,
330,"Tôi xin hỏi, trường hợp giao xe máy, xe ô tô cho người không đủ quy định về tuổi và sức khỏe, không có Giấy phép lái xe hoặc đã sử dụng rượu, bia, ma túy để điều khiển xe thì bị xử lý như thế nào?","Hành vi giao xe hoặc để cho người không đủ điều kiện (chưa đủ tuổi, không có GPLX, hoặc đã sử dụng rượu bia, ma túy) điều khiển xe tham gia giao thông là vi phạm pháp luật, bị phạt tiền rất nặng đối với chủ xe và bị truy cứu trách nhiệm hình sự nếu gây tai nạn nghiêm trọng.
Căn cứ pháp lý: Điểm h Khoản 8, Khoản 10 Điều 32 Nghị định số 168/2024/NĐ-CP; Điều 264 Bộ luật Hình sự 2015 (sửa đổi, bổ sung 2017).
Mức xử phạt vi phạm hành chính đối với chủ phương tiện:
- Giao xe mô tô,xe gắn máy cho người không đủ điều kiện: Phạt tiền từ 8.000.000 đồng đến 10.000.000 đồng đối với cá nhân; từ 16.000.000 đồng đến 20.000.000 đồng đối với tổ chức.
- Giao xe ô tô cho người không đủ điều kiện: Phạt tiền 28.000.000 đồng đến 30.000.000 đồng đối với cá nhân; từ 56.000.000 đồng đến 60.000.000 đồng đối với tổ chức. 
- Trách nhiệm hình sự: Nếu gây tai nạn làm chết người hoặc tổn hại sức khỏe cho người khác từ 61% trở lên, chủ xe bị bị phạt tiền từ 10.000.000 đồng đến 50.000.000 đồng hoặc phạt cải tạo không giam giữ đến 03 năm theo Điều 264 Bộ luật Hình sự.",https://chinhsachonline.chinhphu.vn/giao-xe-cho-nguoi-khong-du-dieu-kien-lai-bi-xu-ly-the-nao-68945.htm,
331,"Tôi đang sở hữu xe bán tải. Thời gian gần đây tôi thấy trên mạng xã hội lan truyền thông tin xe bán tải theo luật mới sẽ tính là xe tải. Theo quy định cũ là xe bán tải có tải trọng dưới 950 kg sẽ tính là xe con, tải trọng trên 950 kg tính là xe tải và khi tham gia giao thông sẽ theo luật cấm giờ, cấm làn như xe tải. Tôi đề nghị được biết rõ hơn về luật mới này. Xe của tôi có tải trọng dưới 950 kg khi tham gia giao thông có cấm giờ hay cấm làn như xe tải không?","Xe bán tải (pickup) có khối lượng chuyên chở cho phép dưới 950 kg và có từ 5 chỗ ngồi trở xuống được xem là xe ô tô con trong hiệu lệnh của hệ thống biển báo hiệu đường bộ. Do đó, xe không bị cấm giờ, cấm làn như xe ô tô tải.
Căn cứ pháp lý: Quy chuẩn kỹ thuật quốc gia QCVN 41:2024/BGTVT ban hành kèm theo Thông tư số 51/2024/TT-BGTVT của Bộ Giao thông vận tải; Điều 34 Luật Trật tự, an toàn giao thông đường bộ năm 2024.
Chi tiết quy định về lưu thông xe bán tải:
- Xe bán tải dưới 950 kg được phép lưu thông trên các làn đường dành cho xe ô tô con và tuân thủ hệ thống biển báo dành cho xe ô tô con.
- Xe không phải tuân thủ các biển báo cấm xe tải (P.106a, P.106b với tải trọng lớn hơn), trừ trường hợp có biển báo cấm riêng loại xe bán tải hoặc biển cấm tất cả các loại xe ô tô.",https://chinhsachonline.chinhphu.vn/thuc-hu-quy-dinh-moi-ve-xe-ban-tai-duoi-950-kg-87809.htm,
332,Vì sao xe bán tải vẫn bị xếp là xe tải?,"Cục Đăng kiểm Việt Nam trả lời vấn đề này như sau:

Việc phân loại ô tô tải pickup thuộc nhóm ô tô tải (ô tô chở hàng) trong Thông tư số 53/2024/TT-BGTVT quy định về phân loại phương tiện giao thông đường bộ và dấu hiệu nhận biết xe cơ giới sử dụng năng lượng sạch, năng lượng xanh, thân thiện môi trường không phải là quy định mới.

Ngay từ năm 2003, việc phân loại ô tô tải pickup thuộc nhóm ô tô tải (ô tô chở hàng) đã được quy định tại Tiêu chuẩn quốc gia TCVN 7271:2003 (Tiêu chuẩn quốc gia TCVN 7271:2003 Phương tiện giao thông đường bộ - Ô tô – Phân loại theo mục đích sử dụng do Bộ Khoa học và Công nghệ ban hành) và đã được trích dẫn vào các văn bản quy phạm pháp luật do Bộ Giao thông vận tải ban hành từ năm 2003 trong việc chứng nhận chất lượng an toàn kỹ thuật và bảo vệ môi trường xe ô tô trong sản xuất, lắp ráp, nhập khẩu; chứng nhận an toàn kỹ thuật và bảo vệ môi trường xe ô tô trong kiểm định, cải tạo.

Năm 2010, Bộ Khoa học và Công nghệ đã ban hành bản Sửa đổi 2: 2010 TCVN 7271:2003 (Sửa đổi 2:2010 TCVN 7271:2003 là bản sửa đổi lần 2 của Tiêu chuẩn quốc gia TCVN 7271:2003 Phương tiện giao thông đường bộ - Ô tô – Phân loại theo mục đích sử dụng), trong đó có thay đổi tiêu chí để xác định đối với ô tô con pickup và ô tô tải pickup nhưng ô tô tải pickup vẫn được phân loại vào nhóm ô tô tải (ô tô chở hàng).

Như vậy, việc phân loại ô tô tải pickup vào nhóm ô tô tải (ô tô chở hàng) trong quy định của Thông tư số 53/2024/TT-BGTVT là kế thừa từ Tiêu chuẩn quốc gia TCVN 7271:2003 và việc phân loại này đã được duy trì, không có sự thay đổi từ năm 2003 đến nay.

Tiêu chí để phân loại giữa ô tô con pickup và ô tô tải pickup quy định tại Thông tư số 53/2024/TT-BGTVT là kế thừa từ Tiêu chuẩn quốc gia Sửa đổi 2:2010 TCVN 7271:2003 và tiêu chí này đã được duy trì, không có sự thay đổi từ năm 2010 đến nay.

Đối với việc phân luồng, hạn chế khi tham gia giao thông đường bộ: về nguyên tắc, các cơ quan quản lý đường bộ và các địa phương sẽ căn cứ theo phân loại phương tiện của Thông tư số 53/2024/TT-BGTVT để phân luồng giao thông, giới hạn thời gian lưu hành, hạn chế khu vực lưu hành đối với loại xe ô tô tải pickup nói riêng và các loại xe ô tô khác nói chung phù hợp với yêu cầu kinh tế, xã hội, nhu cầu của người dân… và việc phân luồng, hạn chế này thuộc thẩm quyền của cơ quan quản lý giao thông và của các địa phương.",https://chinhsachonline.chinhphu.vn/vi-sao-xe-ban-tai-van-bi-xep-la-xe-tai-87744.htm,
333,"Tôi có xe tải thùng mui bạt, tải trọng 2.400 kg. Xin hỏi, chiều cao để xếp hàng hoá tối đa là bao nhiêu?","Đối với xe tải thùng mui bạt có tải trọng chuyên chở cho phép là 2.400 kg (dưới 2,5 tấn), chiều cao xếp hàng hóa tối đa cho phép là 2,8 mét tính từ mặt đường trở lên (và không vượt quá chiều cao thùng xe đã được thiết kế, phê duyệt).
Căn cứ pháp lý: Khoản 4 và điểm a Khoản 13 Điều 21 Nghị định số 168/2024/NĐ-CP (được sửa đổi, bổ sung bởi Nghị định số 238/2026/NĐ-CP); Luật Trật tự, an toàn giao thông đường bộ năm 2024.
Chi tiết quy định và mức xử phạt:
- Quy định chiều cao: Xe tải có khối lượng chuyên chở dưới 2,5 tấn chiều cao xếp hàng không quá 2,8m; xe từ 2,5 tấn đến dưới 5 tấn không quá 3,5m, xe từ 5 tấn trở lên chiều cao tối đa không quá 4,2 mét,xe chở container / chuyên dùng chiều cao tối đa không quá 4,35 mét.
- Mức xử phạt: Từ 2.000.000 đồng đến 3.000.000 đồng đối với người điều khiển xe ô tô tải (Khoản 4 Điều 21). Bị trừ 02 điểm Giấy phép lái xe (Điểm a Khoản 13 Điều 21).",https://chinhsachonline.chinhphu.vn/chieu-cao-xep-hang-hoa-doi-voi-xe-tai-thung-ho-co-mui-72527.htm,
334,Xin cấp lại phù hiệu xe tải thế nào?,"Thủ tục xin cấp lại phù hiệu xe tải (do bị mất, bị hỏng hoặc hết hạn) được thực hiện bằng cách nộp 01 bộ hồ sơ đến Sở Giao thông vận tải nơi quản lý đơn vị kinh doanh vận tải hoặc thông qua Dịch vụ công trực tuyến.
Căn cứ pháp lý:Luật Đường bộ năm 2024 (Luật số 35/2024/QH15); Luật Trật tự, an toàn giao thông đường bộ năm 2024 (Luật số 36/2024/QH15); các quy định pháp luật hiện hành về kinh doanh và điều kiện kinh doanh vận tải bằng xe ô tô.
Hồ sơ và quy trình cấp lại phù hiệu:
- Thành phần hồ sơ: Giấy đề nghị cấp lại phù hiệu theo mẫu; bản sao Giấy chứng nhận đăng ký xe ô tô (hoặc bản sao hợp đồng thuê xe); bản sao Giấy chứng nhận kiểm định an toàn kỹ thuật và bảo vệ môi trường.
- Cơ quan tiếp nhận: Sở Giao thông vận tải tỉnh, thành phố trực thuộc trung ương. Thời hạn giải quyết trong 02 đến 03 ngày làm việc kể từ khi nhận đủ hồ sơ hợp lệ.",https://chinhsachonline.chinhphu.vn/xin-cap-lai-phu-hieu-xe-tai-the-nao-22203.htm,
335,Trường hợp nào phải có giấy phép kinh doanh vận tải bằng ô tô?,"Đơn vị (doanh nghiệp, hợp tác xã, hộ kinh doanh) thực hiện hoạt động kinh doanh vận tải bằng xe ô tô (bao gồm kinh doanh vận tải hành khách hoặc kinh doanh vận tải hàng hóa có thu cước trực tiếp, hoặc vận chuyển hàng hóa nội bộ bằng xe tải từ 10 tấn trở lên) bắt buộc phải có Giấy phép kinh doanh vận tải bằng xe ô tô do cơ quan quản lý nhà nước có thẩm quyền cấp.
Căn cứ pháp lý: Khoản 5 Điều 7, Điều 56 Luật Đường bộ 2024 (Luật số 35/2024/QH15); Điểm a Khoản 6 Điều 12 Nghị định số 336/2025/NĐ-CP.
Các trường hợp bắt buộc và mức xử phạt cụ thể:
- Các trường hợp bắt buộc phải có Giấy phép:
  + Kinh doanh vận tải hành khách bằng xe ô tô (theo tuyến cố định, xe buýt, taxi, xe hợp đồng và du lịch).
  + Kinh doanh vận tải hàng hóa bằng xe ô tô (thu cước vận tải trực tiếp) hoặc vận tải hàng hóa nội bộ bằng xe ô tô có khối lượng chuyên chở cho phép từ 10 tấn trở lên.
- Mức xử phạt đối với hành vi kinh doanh vận tải bằng xe ô tô mà không có Giấy phép kinh doanh vận tải:
  + Phạt tiền từ 12.000.000 đồng đến 16.000.000 đồng đối với cá nhân (hộ kinh doanh).
  + Phạt tiền từ 24.000.000 đồng đến 32.000.000 đồng đối với tổ chức (doanh nghiệp, hợp tác xã).",https://chinhsachonline.chinhphu.vn/truong-hop-nao-phai-co-giay-phep-kinh-doanh-van-tai-bang-o-to-70131.htm,
336,Vận chuyển chất thải có cần đăng ký kinh doanh vận tải?,"Hoạt động vận chuyển chất thải nếu có thu cước phí vận chuyển hoặc đơn vị thực hiện dịch vụ vận chuyển chuyên nghiệp bằng xe ô tô thì bắt buộc phải đăng ký kinh doanh vận tải và có Giấy phép kinh doanh vận tải bằng xe ô tô.
Căn cứ pháp lý: Khoản 5 Điều 7, Điều 56 Luật Đường bộ năm 2024 (Luật số 35/2024/QH15); Luật Trật tự, an toàn giao thông đường bộ năm 2024 (Luật số 36/2024/QH15); Điểm a Khoản 6 Điều 12 Nghị định số 336/2025/NĐ-CP và các quy định pháp luật về bảo vệ môi trường, vận chuyển hàng nguy hại.
Chi tiết quy định:
- Trường hợp phải đăng ký: Doanh nghiệp, hợp tác sơ, hộ kinh doanh thực hiện dịch vụ thu gom, vận chuyển chất thải thu tiền cước trực tiếp từ khách hàng hoặc sử dụng xe tải có khối lượng chuyên chở từ 10 tấn trở lên.
- Điều kiện kèm theo: Ngoài giấy phép kinh doanh vận tải, phương tiện vận chuyển chất thải nguy hại phải tuân thủ các quy định về bảo vệ môi trường và giấy phép vận chuyển hàng nguy hại.",https://chinhsachonline.chinhphu.vn/van-chuyen-chat-thai-co-can-dang-ky-kinh-doanh-van-tai-22156.htm,
337, Kích thước hàng hóa được phép chở trên xe bán tải,"Kích thước hàng hóa xếp trên xe bán tải phải bảo đảm nằm gọn trong thùng xe, không được vượt quá chiều dài, chiều rộng của thùng xe theo thiết kế của nhà sản xuất và chiều cao xếp hàng tính từ mặt đường không vượt quá 2,8 mét.
Căn cứ pháp lý: Khoản 4 và điểm a Khoản 13 Điều 21 Nghị định số 168/2024/NĐ-CP (được sửa đổi, bổ sung bởi Nghị định số 238/2026/NĐ-CP); Luật Trật tự, an toàn giao thông đường bộ năm 2024.
Chi tiết quy định và mức xử phạt:
- Quy định chiều cao: Xe tải có khối lượng chuyên chở dưới 2,5 tấn chiều cao xếp hàng không quá 2,8m; xe từ 2,5 tấn đến dưới 5 tấn không quá 3,5m, xe từ 5 tấn trở lên chiều cao tối đa không quá 4,2 mét,xe chở container / chuyên dùng chiều cao tối đa không quá 4,35 mét.
- Mức xử phạt:Từ 2.000.000 đồng đến 3.000.000 đồng đối với người điều khiển xe ô tô tải, xe bán tải (Khoản 4 Điều 21). Bị trừ 02 điểm Giấy phép lái xe (Điểm a Khoản 13 Điều 21).",https://chinhsachonline.chinhphu.vn/kich-thuoc-hang-hoa-duoc-phep-cho-tren-xe-ban-tai-21770.htm,
338,Có được điều chỉnh ngày có hiệu lực của bằng lái xe?,"Không được phép tự ý điều chỉnh hay sửa chữa ngày có hiệu lực in trên Giấy phép lái xe. Ngày có hiệu lực của Giấy phép lái xe được ghi nhận chính xác theo Quyết định trúng tuyển kỳ sát hạch và dữ liệu quản lý trên hệ thống của cơ quan cấp GPLX.
Căn cứ pháp lý: Điều 57, Điều 62 Luật Trật tự, an toàn giao thông đường bộ năm 2024 (Luật số 36/2024/QH15); Điều 18, Điều 21 Thông tư số 108/2026/TT-BCA của Bộ Công an; Điều 18 Nghị định số 168/2024/NĐ-CP (được sửa đổi, bổ sung bởi Nghị định số 238/2026/NĐ-CP).
Chi tiết xử lý và quy định:
- Khi thông tin in trên Giấy phép lái xe (họ tên, ngày tháng năm sinh, ngày cấp/hiệu lực...) có sai sót so với hồ sơ gốc hoặc Căn cước công dân, cá nhân phải làm thủ tục đề nghị cơ quan Công an làm thủ tục điều chỉnh, đổi lại Giấy phép lái xe mới theo quy định.
- Hành vi tự ý tẩy xóa, sửa chữa thông tin trên Giấy phép lái xe bị coi là sử dụng Giấy phép lái xe không hợp lệ. Người vi phạm sẽ bị xử phạt vi phạm hành chính đối với hành vi sử dụng Giấy phép lái xe bị tẩy xóa theo quy định tại Điều 18 Nghị định số 168/2024/NĐ-CP; đồng thời bị áp dụng biện pháp khắc phục hậu quả buộc nộp lại Giấy phép lái xe bị tẩy xóa cho cơ quan có thẩm quyền (Khoản 10 Điều 18).",https://chinhsachonline.chinhphu.vn/co-duoc-dieu-chinh-ngay-co-hieu-luc-cua-bang-lai-xe-21016.htm,
339,"Tôi có 1 xe tải thùng không mui 6x4, gắn cẩu 7 tấn 6 khúc, chở container 20 feet. Xin hỏi, chiều cao tối đa được phép chở hàng đối với xe của tôi là bao nhiêu? Xe của tôi chở container nên cẩu phải quay về trước cabin, vậy chiều dài bao tổng thể xe được phép quá khổ bao nhiêu?","Đối với xe tải cẩu 6x4 chở container 20 feet, chiều cao tối đa cho phép của xe và hàng hóa tính từ mặt đường không vượt quá 4,2 mét. Chiều dài tổng thể của xe và hàng hóa không được vượt quá chiều dài quy định trong Giấy chứng nhận kiểm định an toàn kỹ thuật.
Căn cứ pháp lý: Điều 21 Nghị định số 168/2024/NĐ-CP (được sửa đổi, bổ sung bởi Nghị định số 238/2026/NĐ-CP); Luật Trật tự, an toàn giao thông đường bộ năm 2024; Quy chuẩn kỹ thuật quốc gia QCVN 41:2024/BGTVT.
Chi tiết quy định giới hạn kích thước:
- Chiều cao: Xe vận chuyển container có chiều cao xếp hàng hóa tối đa là 4,35 mét tính từ mặt đường trở lên.
- Chiều dài: Cần cẩu gấp về phía trước cabin hoặc hàng hóa xếp trên xe không được vượt quá chiều dài bao ngoài của phương tiện ghi trong Giấy chứng nhận kiểm định. Trường hợp vượt quá khổ giới hạn quy định, chủ phương tiện/lái xe bắt buộc phải xin Giấy phép lưu hành xe quá khổ, quá tải** trước khi tham gia giao thông.
- Mức xử phạt: Từ 8.000.000 đồng đến 10.000.000 đồng đối với người điều khiển xe thực hiện hành vi chở hàng vượt quá kích thước giới hạn xếp hàng hóa cho phép của xe hoặc chở hàng vượt khổ giới hạn của đường bộ mà không có Giấy phép lưu hành *(Điểm a Khoản 6 Điều 21). Bị trừ 04 điểm Giấy phép lái xe (Điểm b Khoản 13 Điều 21).",https://chinhsachonline.chinhphu.vn/quy-dinh-ve-chieu-cao-hang-hoa-xep-tren-xe-tai-20874.htm,
340,"Tôi muốn lắp phù hiệu cho xe tải, vậy tôi cần chuẩn bị hồ sơ như thế nào và phải nộp tại cơ quan nào?","Hồ sơ xin cấp phù hiệu xe tải nộp tại Sở Giao thông vận tải nơi đơn vị kinh doanh vận tải đặt trụ sở hoặc đăng ký kinh doanh. Đơn vị có thể nộp trực tiếp, qua đường bưu chính hoặc nộp trực tuyến trên Cổng dịch vụ công.
Căn cứ pháp lý: Luật Đường bộ năm 2024 (Luật số 35/2024/QH15); Luật Trật tự, an toàn giao thông đường bộ năm 2024 (Luật số 36/2024/QH15); các quy định pháp luật hiện hành về quản lý kinh doanh vận tải bằng xe ô tô.
Hồ sơ cần chuẩn bị gồm:
- Giấy đề nghị cấp phù hiệu theo mẫu quy định.
- Bản sao Giấy chứng nhận đăng ký xe ô tô (hoặc hợp đồng thuê xe).
- Bản sao Giấy chứng nhận kiểm định an toàn kỹ thuật và bảo vệ môi trường.",https://chinhsachonline.chinhphu.vn/cap-phu-hieu-cho-xe-tai-can-giay-to-gi-20756.htm,
341,"BOT Bạc Liêu quy định, xe tải có tải trọng từ 10 đến dưới 18 tấn, xe chở hàng bằng container 20 fit thì thu phí đường bộ loại 4, tức 70.000 đồng. Xin hỏi, xe đầu kéo, kéo rơ mooc 40 fit nhưng chỉ chở container 20 fit thì thu phí loại mấy? Dựa vào chiều dài rơ mooc hay kích thước container để xác định loại xe?","Việc xác định loại thu phí đường bộ tại trạm BOT căn cứ vào tải trọng thiết kế, khối lượng toàn bộ của phương tiện và chủng loại xe thực tế ghi trong Giấy đăng ký và Giấy kiểm định, không căn cứ vào kích thước container chở trên xe tại thời điểm qua trạm.
Căn cứ pháp lý: Luật Đường bộ 2024; các quy định pháp luật hiện hành về giá dịch vụ sử dụng đường bộ.
Chi tiết xác định loại phí:
- Xe đầu kéo kéo sơ mi rơ moóc (kể cả trường hợp chỉ chở container 20 feet) được xếp vào nhóm xe ô tô đầu kéo kéo sơ mi rơ moóc theo tải trọng và kích thước của tổ hợp xe.
- Mức phí được áp dụng theo đúng khung loại xe ghi trong hợp đồng BOT và niêm yết công khai tại trạm thu phí.",https://chinhsachonline.chinhphu.vn/ap-dung-muc-thu-phi-theo-trong-luong-toan-bo-cua-xe-20662.htm,
342,"Tôi xin hỏi, khi trên mặt đường phân chia thành nhiều làn được phân biệt bằng vạch kẻ đường, mỗi làn chỉ dành cho một số loại phương tiện giao thông nhất định, nếu lưu thông xe ô tô con trên làn có biển báo dành cho xe tải thì có bị lỗi đi ""sai làn đường"" không?","Trường hợp trên đường có biển báo hoặc vạch kẻ đường phân làn riêng biệt dành cho xe tải, nếu người điều khiển xe ô tô con di chuyển vào làn đường này thì bị coi là vi phạm lỗi ""Điều khiển xe đi không đúng làn đường quy định"".
Căn cứ pháp lý: Điều 13 Luật Trật tự, an toàn giao thông đường bộ 2024; Điểm b Khoản 5 và Khoản 10 Điều 6 Nghị định số 168/2024/NĐ-CP.
Mức xử phạt cụ thể đối với người điều khiển xe ô tô con:
- Phạt tiền từ 4.000.000 đồng đến 6.000.000 đồng và bị trừ 02 điểm Giấy phép lái xe đối với hành vi đi không đúng phần đường hoặc làn đường quy định.
- Trường hợp đi sai làn gây tai nạn giao thông thì phạt tiền từ 20.000.000 đồng đến 22.000.000 đồng và bị trừ 10 điểm Giấy phép lái xe.",https://chinhsachonline.chinhphu.vn/o-to-con-co-duoc-luu-thong-tren-lan-duong-xe-tai-17825.htm,
343,"Tôi xin hỏi, khi tham gia giao thông trên Quốc lộ 1A, các xe tải đi vào làn xe con và di chuyển chậm, khi xe con xin tín hiệu vượt thì xe tải không nhường đường, khi đó xe con buộc phải đi chậm theo, nếu muốn đi nhanh thì bắt buộc vượt bên phải. Trường hợp này thì xử lý thế nào? Ô tô nào bị phạt? Cơ quan nào xử phạt?","Xe tải cố tình không nhường đường khi có tín hiệu xin vượt của xe phía sau (trong điều kiện an toàn) là vi phạm pháp luật và bị xử phạt. Người điều khiển xe con không được tự ý vượt bên phải trái quy định. Cảnh sát giao thông là cơ quan có thẩm quyền xử phạt.
Căn cứ pháp lý: Điều 14 Luật Trật tự, an toàn giao thông đường bộ 2024; Điểm d Khoản 4, Điểm a Khoản 5 Điều 6 Nghị định số 168/2024/NĐ-CP.
Mức xử phạt cụ thể đối với các bên:
- Xe tải không nhường đường cho xe xin vượt khi có đủ điều kiện an toàn: Phạt tiền từ 2.000.000 đồng đến 3.000.000 đồng.
- Xe con vượt bên phải trong trường hợp không được phép: Phạt tiền từ 4.000.000 đồng đến 6.000.000 đồng và bị trừ 02 điểm Giấy phép lái xe.",https://chinhsachonline.chinhphu.vn/khong-nhuong-duong-cho-xe-xin-vuot-bi-xu-phat-the-nao-17493.htm,
344,Quy định về chiều cao xe tải cẩu không mui,"Chiều cao của xe tải cẩu không mui và hàng hóa trên xe tính từ mặt đường xe chạy không được vượt quá 4,0 mét đối với xe có khối lượng chuyên chở từ 5 tấn trở lên, hoặc không vượt quá 3,5 mét đối với xe từ 2,5 tấn đến dưới 5 tấn.
Căn cứ pháp lý: Khoản 4 Điều 22, khoản 4 Điều 21 Nghị định số 168/2024/NĐ-CP.
Chi tiết quy định và mức xử phạt:
- Quy định chiều cao: Xe tải có khối lượng chuyên chở dưới 2,5 tấn chiều cao xếp hàng không quá 2,8m; xe từ 2,5 tấn đến dưới 5 tấn không quá 3,5m, xe từ 5 tấn trở lên chiều cao tối đa không quá 4,2 mét,xe chở container / chuyên dùng chiều cao tối đa không quá 4,35 mét.
- Mức xử phạt: Hành vi chở hàng vượt quá chiều cao xếp hàng cho phép bị phạt tiền từ 2.000.000 đồng đến 3.000.000 đồng đối với người điều khiển xe ô tô tải, đồng thời trừ 2 điểm giấy phép lái xe.",https://chinhsachonline.chinhphu.vn/quy-dinh-ve-chieu-cao-xe-tai-cau-khong-mui-17035.htm,
345,"Tôi đang sử dụng xe bán tải (pickup cabin kép). Qua tham khảo các quy định về phân loại xe, theo tôi, xe bán tải thuộc dòng ô tô con, có thể đi vào làn đường dành cho ô tô con. Tuy nhiên hiện nhiều người điều khiển xe bán tải vẫn bị xử phạt vi phạm giao thông với lỗi đi sai làn đường vì cảnh sát giao thông cho rằng xe bán tải phải đi ở làn đường dành cho xe tải. Tôi xin hỏi, xe bán tải có được phép đi vào làn đường dành cho ô tô con không?","e ô tô tải Pickup cabin kép và xe ô tô tải Van có khối lượng toàn bộ không lớn hơn 3.500 kg được tổ chức giao thông như đối với xe ô tô con. Do đó, xe bán tải hoàn toàn được phép đi vào làn đường dành cho xe ô tô con.
Căn cứ pháp lý: khoản 2 Điều 24 Nghị định số 165/2024/NĐ-CP sửa đổi theo Nghị định số 241/2026/NĐ-CP 
Chi tiết quyền lưu thông của xe bán tải:
- Từ ngày 01/7/2026, xe bán tải và xe tải van dưới 3,5 tấn được tổ chức giao thông như xe ô tô con.
- Lực lượng CSGT xử phạt lỗi ""đi sai làn đường"" đối với xe bán tải dưới 950kg đi vào làn xe con là không đúng quy định pháp luật.",https://chinhsachonline.chinhphu.vn/xe-ban-tai-duoc-phep-di-o-lan-duong-nao-17025.htm,
346,"Tôi xin hỏi, hiện nay các Sở Giao thông vận tải cấm xe tải tăng kích thước của thùng xe nhưng nếu vì sơ xuất của một bộ phận nào đó mà kích thước thùng xe nhỏ hơn kích thước của Giấy kiểm định thì chủ xe có bị phạt không và nếu bị phạt thì căn cứ quy định nào?","Dù kích thước thùng xe nhỏ hơn hay lớn hơn so với Giấy chứng nhận kiểm định an toàn kỹ thuật và bảo vệ môi trường thì đều bị coi là có kích thước thùng xe không đúng thiết kế kỹ thuật; cả chủ phương tiện và người điều khiển xe đều bị xử phạt vi phạm hành chính rất nặng, bị trừ điểm giấy phép lái xe và buộc phải đăng kiểm lại.
Căn cứ pháp lý: Khoản 2 Điều 43 Luật Trật tự, an toàn giao thông đường bộ năm 2024; Điểm b Khoản 4, Điểm a Khoản 13 Điều 13 và Điểm h Khoản 14, Điểm d Khoản 19, Điểm a Khoản 21 Điều 32 Nghị định số 168/2024/NĐ-CP (được sửa đổi, bổ sung bởi Nghị định số 238/2026/NĐ-CP).
Mức xử phạt và chế tài cụ thể:
- Đối với chủ phương tiện (đưa xe có kích thước thùng xe không đúng với thông số kỹ thuật tham gia giao thông):
  + Phạt tiền từ 28.000.000 đồng đến 30.000.000 đồng đối với cá nhân; từ 56.000.000 đồng đến 60.000.000 đồng đối với tổ chức là chủ xe (Điểm h Khoản 14 Điều 32).
  + Nếu chủ phương tiện là người trực tiếp điều khiển xe: Bị trừ 02 điểm giấy phép lái xe (Điểm a Khoản 21 Điều 32).
- Đối với người điều khiển phương tiện (trường hợp người lái xe không phải chủ xe):
  + Phạt tiền từ 2.000.000 đồng đến 3.000.000 đồng (Điểm b Khoản 4 Điều 13).
  + Bị trừ 02 điểm giấy phép lái xe (Điểm a Khoản 13 Điều 13).
- Biện pháp khắc phục hậu quả: Buộc khôi phục lại hình dáng, kích thước, tình trạng an toàn kỹ thuật ban đầu của xe theo đúng Giấy chứng nhận kiểm định và thực hiện đăng kiểm lại trước khi đưa phương tiện tham gia giao thông (Điểm d Khoản 19 Điều 32).",https://chinhsachonline.chinhphu.vn/thay-doi-kich-thuoc-thung-xe-tai-bi-phat-the-nao-16923.htm,
347,Quy định về chở hàng cồng kềnh,"Việc xếp hàng hóa trên phương tiện giao thông đường bộ phải bảo đảm gọn gàng, chằng buộc chắc chắn và không vượt quá khổ giới hạn chiều dài, chiều rộng, chiều cao quy định. Hành vi chở hàng cồng kềnh vượt quá giới hạn bị xử phạt vi phạm hành chính.
Căn cứ pháp lý: Điểm e Khoản 3 Điều 7, Điều 22 Nghị định số 168/2024/NĐ-CP.
Mức xử phạt cụ thể:
- Đối với xe mô tô, xe gắn máy chở hàng cồng kềnh (vượt quá chiều rộng giá đèo hàng mỗi bên 0,3m, phía sau 0,5m, chiều cao quá 2,0m): Phạt tiền từ 600.000 đồng đến 800.000 đồng và bị trừ 02 điểm Giấy phép lái xe.
- Đối với xe ô tô chở hàng vượt khổ giới hạn: Phạt tiền từ 2.000.000 đồng đến 3.000.000 đồng.",https://chinhsachonline.chinhphu.vn/quy-dinh-ve-cho-hang-cong-kenh-15777.htm,
348,"Tôi xin hỏi, sau biển báo 420 “Bắt đầu khu đông dân cư” thì lái xe phải tuân thủ những quy định nào? Có quy định bắt buộc về tốc độ không? Sau biển báo 442 ""Chợ"" có áp dụng quy định cấm đỗ, cấm dừng không? Nếu có thì căn cứ vào đâu vì trước và sau biển không có biển cấm dừng, cấm đỗ?","Sau biển báo R.420 ""Bắt đầu khu đông dân cư"", người lái xe phải tuân thủ quy định về tốc độ tối đa cho phép trong khu đông dân cư. Biển báo 442 ""Chợ"" là biển cảnh báo nguy hiểm, không tự động có hiệu lực cấm dừng, cấm đỗ xe nếu không đặt kèm biển cấm P.130/P.131.
Căn cứ pháp lý: Điều 38 và Phụ lục C, Phụ lục E Quy chuẩn kỹ thuật quốc gia QCVN 41:2024/BGTVT; Thông tư số 38/2024/TT-BGTVT.
Chi tiết quy định áp dụng:
- Tốc độ trong khu đông dân cư: Tối đa 60 km/h (đường đôi/đường một chiều từ 2 làn xe); tối đa 50 km/h (đường hai chiều/đường 1 làn xe).
- Biển 442 ""Chợ"": Chỉ có tác dụng cảnh báo người lái xe chú ý giảm tốc độ do sắp đến đoạn đường qua chợ, không phát sinh hiệu lệnh cấm dừng cấm đỗ.",https://chinhsachonline.chinhphu.vn/pham-vi-tac-dung-cua-bien-bao-giao-thong-17360.htm,
349,"Tôi là nhân viên lái xe của 1 công ty vận tải. Vừa qua, tôi đỗ xe ở lề đường bên phải thì bị một chiếc xe máy đâm vào đuôi xe. Người điều khiển xe máy đó bị thương đã được đưa vào Bệnh viện cấp cứu nhưng vẫn chưa bình phục. Xin hỏi, người đi xe máy tự đâm vào đuôi xe củatôi thì tôi có phải chịu trách nhiệm bồi thường cho người đó không?","Bộ Công an trả lời vấn đề này như sau:
Thông tin do ông Hải cung cấp chưa đủ để trả lời ông có phải chịu trách nhiệm bồi thường cho người đi xe máy không, vì thông tin do ông cung cấp chưa thể xác định được lỗi của từng bên, để giải quyết cụ thể cần căn cứ kết quả điều tra, xác minh của đơn vị thụ lý vụ tai nạn giao thông (mức độ, hậu quả, lỗi các bên liên quan đến vụ tai nạn giao thông…) để xác định. Vụ việc này có thể chia ra làm 3 trường hợp như sau:

- Trường hợp ông Hải là người có lỗi còn người đi xe máy không có lỗi (ví dụ ông Hải đỗ xe ở điểm có biển báo “cấm đỗ xe” hoặc “cấm dừng và đỗ xe”, đỗ xe nhưng không có biển cảnh báo; người đi xe máy do trời tối và không có biển cảnh báo nên đã không nhìn thấy và đâm vào đuôi xe ô tô), trường hợp này ông Hải phải chịu trách nhiệm bồi thường thiệt hại cho người đi xe máy.

- Trường hợp cả ông Hải và người đi xe máy cùng có lỗi (ví dụ ông Hải đỗ xe nhưng không có biển cảnh báo cho người điều khiển phương tiện khác biết; người đi xe máy không làm chủ tốc độ nên đã đâm vào đuôi xe ô tô), trường hợp này phải căn cứ vào mức độ thiệt hại của từng bên để xác định bồi thường.

- Trường hợp ông Hải không có lỗi, người đi xe máy có lỗi (ví dụ ông Hải đỗ xe đúng quy định; người đi xe máy do không làm chủ tốc độ nên đã đâm vào đuôi xe ô tô), trường hợp này ông Hải không phải bồi thường thiệt hại cho người đi xe máy mà người đi xe máy phải bồi thường thiệt hại cho ông Hải (nếu xe ô tô bị hư hỏng do vụ tai nạn giao thông gây ra).",https://chinhsachonline.chinhphu.vn/trach-nhiem-boi-thuong-khi-xay-ra-tai-nan-giao-thong-19726.htm,
350,Mức phạt khi đỗ xe ô tô sai quy định,"Mức phạt đối với hành vi đỗ xe ô tô sai quy định dao động từ 400.000 đồng đến 14.000.000 đồng tùy thuộc vào hành vi vi phạm cụ thể và vị trí đỗ xe.
Căn cứ pháp lý: Điều 18 Luật Trật tự, an toàn giao thông đường bộ 2024; Điều 6 Nghị định số 168/2024/NĐ-CP.
Các mức xử phạt cụ thể đối với ô tô:
- Đỗ xe không sát lề đường phía bên phải, đỗ nơi có biển ""Cấm đỗ xe"": Phạt tiền từ 800.000 đồng đến 1.000.000 đồng.
- Đỗ xe trên phần đường xe chạy ở đoạn đường ngoài đô thị, đỗ xe trong hầm đường bộ sai quy định: Phạt tiền từ 2.000.000 đồng đến 3.000.000 đồng.
- Đỗ xe sai quy định gây tai nạn giao thông hoặc gây ùn tắc giao thông nghiêm trọng: Phạt tiền từ 12.000.000 đồng đến 14.000.000 đồng và bị trừ 04 điểm Giấy phép lái xe.",https://chinhsachonline.chinhphu.vn/muc-phat-khi-do-xe-o-to-sai-quy-dinh-16027.htm,
351,"Tôi muốn hỏi, mức xử phạt vi phạm hành chính đối với các trường hợp vượt đường ngang trong giao thông đường sắt được quy định như thế nào?","Hành vi vượt đường ngang khi tín hiệu đèn đỏ đã bật sáng, chuông báo reo hoặc rào chắn đang di chuyển/đã đóng là hành vi vi phạm pháp luật đặc biệt nguy hiểm và bị xử phạt hành chính tiền rất cao.
Căn cứ pháp lý: khoản 2,4,7,8,9 Điều 13 Nghị định 81/2026/NĐ-CP
Mức xử phạt cụ thể:
-Xe ô tô và các loại xe tương tự ô tô:
Phạt tiền từ 18.000.000 đồng đến 20.000.000 đồng.
Hình thức phạt bổ sung: Tước quyền sử dụng Giấy phép lái xe từ 01 tháng đến 03 tháng.
-Xe mô tô, xe gắn máy (kể cả xe máy điện):
Phạt tiền từ 4.000.000 đồng đến 6.000.000 đồng.
Hình thức phạt bổ sung: Tước quyền sử dụng Giấy phép lái xe từ 01 tháng đến 03 tháng.
-Máy kéo, xe máy chuyên dùng:
Phạt tiền từ 8.000.000 đồng đến 10.000.000 đồng (tước GPLX từ 01 đến 03 tháng).
-Xe đạp, xe đạp máy, xe thô sơ:
Phạt tiền từ 1.000.000 đồng đến 2.000.000 đồng.
-Người đi bộ:
Phạt tiền từ 200.000 đồng đến 300.000 đồng.",https://chinhsachonline.chinhphu.vn/vuot-rao-chan-duong-sat-bi-phat-bao-nhieu-tien-16021.htm,
352,"Tôi xin hỏi, đường 2 chiều không có dải phân cách cứng, mỗi chiều 2 làn đường, làn trong cùng kẻ vạch trắng liền rộng 20cm, không có biển báo phân làn, vậy xe mô tô được đi trên làn nào? Xe mô tô đi trên làn của xe cơ giới bị xử phạt có đúng không?","Trên đường 2 chiều không có dải phân cách cứng, xe mô tô là phương tiện cơ giới được phép đi ở tất cả các làn đường dành cho xe cơ giới (trừ làn đường có biển báo cấm xe mô tô hoặc biển phân làn riêng cho loại xe khác).
Căn cứ pháp lý: Điều 12 Luật Trật tự, an toàn giao thông đường bộ 2024; Quy chuẩn kỹ thuật quốc gia QCVN 41:2024/BGTVT.
Chi tiết quy định về làn đường và vạch kẻ đường:
- Vạch kẻ đường liền rộng 20cm ở mép đường là vạch giới hạn phần đường xe chạy (phân định phần xe cơ giới và lề đường/xe thô sơ).
- Xe mô tô di chuyển trên làn xe cơ giới là hoàn toàn đúng luật. Lực lượng CSGT xử phạt xe mô tô đi vào làn xe cơ giới khi không có biển báo cấm là không đúng quy định.",https://chinhsachonline.chinhphu.vn/lan-duong-cho-mo-to-khi-khong-co-dai-phan-cach-cung-18427.htm,
353,"Hiện nay việc áp dụng quy định về sử dụng đèn xi nhan đối với các phương tiện giao thông khi chuyển hướng, chuyển làn đường chưa được thống nhất. Do vậy, vẫn còn trường hợp người tham gia giao thông không đồng tình khi bị xử phạt lỗi này. Để bảo đảm việc tuân thủ đúng pháp luật, đề nghị cơ quan chức năng giải đáp các trường hợp phải sử dụng đèn xi nhan khi tham gia giao thông.","Người điều khiển phương tiện giao thông bắt buộc phải bật đèn tín hiệu báo hướng rẽ (xi nhan) trong các trường hợp: Chuyển làn đường; Chuyển hướng xe (rẽ trái, rẽ phải, quay đầu xe); Vượt xe khác; Di chuyển ra/vào lề đường hoặc đi từ đường nhánh ra đường chính.
Căn cứ pháp lý: Điều 12, Điều 13, Điều 14 Luật Trật tự, an toàn giao thông đường bộ 2024; Nghị định số 168/2024/NĐ-CP.
Mức xử phạt lỗi không bật đèn xi nhan:
- Đối với xe ô tô: Phạt tiền từ 600.000 - 800.000 đồng (khi chuyển làn); từ 800.000 - 1.000.000 đồng (khi chuyển hướng rẽ).
- Đối với xe mô tô: Phạt tiền từ 600.000-800.000 đồng (chuyển hướng, rẽ, quay đầu không xi nhan).",https://chinhsachonline.chinhphu.vn/truong-hop-nao-phai-bat-den-xi-nhan-chuyen-huong-18232.htm,
354,"Tôi xin hỏi, đường đôi có dải phân cách cứng, mỗi bên chia 3 làn đường bằng vạch kẻ trắng, làn đường trong cùng được kẻ bằng vạch trắng liền, không có bảng chỉ dẫn làn đường thì xe mô tô được đi vào làn đường nào? Vạch liền có kích thước 20cm thì xe mô tô có được đè lên vạch này không?","Xe mô tô được phép di chuyển trên các làn đường xe cơ giới nếu không có biển báo phân làn dành riêng cho loại xe khác. Vạch trắng liền 20cm là vạch giới hạn mép phần đường xe chạy, xe chỉ được phép đè lên vạch này khi cần thiết dừng đỗ hoặc ra vào lề đường.
Căn cứ pháp lý: Điều 12 Luật Trật tự, an toàn giao thông đường bộ 2024; Quy chuẩn kỹ thuật quốc gia QCVN 41:2024/BGTVT ban hành kèm theo Thông tư số 51/2024/TT-BGTVT.
Chi tiết quy định làn đường cho mô tô:
- Nếu không có biển báo R.412/R.415 phân làn riêng, xe mô tô di chuyển trên làn đường xe cơ giới là đúng luật.
- Vạch kẻ nét liền 20cm xác định ranh giới giữa phần đường xe chạy và lề đường, phương tiện không được thường xuyên điều khiển xe đè lên vạch ngoại trừ trường hợp dừng, đỗ xe hoặc tránh sự cố.",https://chinhsachonline.chinhphu.vn/quy-dinh-ve-lan-duong-cho-mo-to-18197.htm,
355, Tốc độ cho phép của cao tốc TP. Hồ Chí Minh-Trung Lương?,"Bộ Giao thông vận tải trả lời vấn đề này như sau:
Tuyến cao tốc TP. Hồ Chí Minh - Trung Lương đưa vào khai thác từ năm 2010. Giai đoạn 2010 - 2014 tuyến khai thác với tốc độ tối đa cho phép là 100km/h. Năm 2015, tốc độ tối đa cho phép được đưa lên 120km/h theo đúng thiết kế nhưng có hạn chế 100km/h tại hai đoạn (Km24-Km27 và Km37-Km41) do chỉ tiêu gồ ghề quốc tế (IRI) bị suy giảm, cụ thể là do hiện tượng không bằng phẳng tại các vị trí đầu cầu, cống ngang đường.

Đơn vị quản lý tuyến đường đã sửa chữa, khắc phục các vị trí nêu trên. Đến nay toàn tuyến cao tốc TP. Hồ Chí Minh - Trung Lương đã được khai thác với dải tốc độ cho phép là 60-120km/h.",https://chinhsachonline.chinhphu.vn/toc-do-cho-phep-cua-cao-toc-tp-ho-chi-minh-trung-luong-17893.htm,
356,Có được chuyển sang làn bên phải để vượt xe?,"Người điều khiển phương tiện phải vượt xe về phía bên trái. Chỉ được phép chuyển sang làn đường bên phải để vượt khi xe phía trước có tín hiệu rẽ trái hoặc đang rẽ trái, hoặc trên đường có nhiều làn xe cùng chiều được phân biệt bằng vạch kẻ đường.
Căn cứ pháp lý: Điều 14 Luật Trật tự, an toàn giao thông đường bộ 2024; Điểm d Khoản 5 Điều 6 Nghị định số 168/2024/NĐ-CP.
Mức xử phạt hành vi vượt bên phải không đúng quy định:
- Đối với người điều khiển xe ô tô: Phạt tiền từ 4.000.000 đồng đến 6.000.000 đồng và bị trừ 02 điểm Giấy phép lái xe.
- Chi tiết chuyển làn vượt: Trên đường có nhiều làn xe cùng chiều, nếu di chuyển đúng làn đường và tuân thủ tốc độ quy định thì việc đi nhanh hơn xe ở làn bên trái không bị coi là lỗi vượt bên phải.",https://chinhsachonline.chinhphu.vn/co-duoc-chuyen-sang-lan-ben-phai-de-vuot-xe-16704.htm,
357,"Hiện nay tồn tại nhiều cách hiểu khác nhau liên quan đến việc áp dụng quy định hạn chế giao thông đối với xe bán tải (ô tô tải Pikcup ca bin kép) và xe tải VAN có khối lượng chuyên chở đăng ký dưới 950 kg. Tôi xin hỏi, khi gặp biển cấm P.106a và biển cấm ô tô tải theo khung giờ thì các loại xe nêu trên tuân thủ như thế nào?","Về phân loại phương tiện giao thông đường bộ, tại Điều 34 Luật Trật tự, an toàn giao thông đường bộ đã quy định các loại phương tiện giao thông đường bộ, đồng thời khoản 6 Điều này giao Bộ Giao thông vận tải quy định chi tiết Điều này.

Căn cứ quy định trên, Bộ Giao thông vận tải (nay là Bộ Xây dựng) đã ban hành Thông tư số 53/2024/TT-BGTVT ngày 15/11/2024 quy định về phân loại phương tiện giao thông đường bộ và dấu hiệu nhận biết xe cơ giới sử dụng năng lượng sạch, năng lượng xanh, thân thiện môi trường; theo đó, các loại ô tô chở người đến 08 chỗ, không kể chỗ của người lái xe được quy định tại Phụ lục I ban hành kèm theo Thông tư này; các loại ô tô tải thông dụng được quy định tại Phụ lục IV ban hành kèm theo Thông tư này. Trong đó đã quy định các đặc điểm để phân loại ô tô con Pickup, ô tô tải Pickup ca bin đơn, ô tô tải Pickup ca bin kép, ô tô tải VAN.

Tại khoản 2 Điều 11 Luật Trật tự, an toàn giao thông đường bộ quy định người tham gia giao thông đường bộ phải chấp hành báo hiệu đường bộ theo thứ tự: hiệu lệnh của người điều khiển giao thông, tín hiệu đèn giao thông, biển báo hiệu đường bộ, vạch kẻ đường… Do đó người tham gia giao thông cần phải chấp hành các loại báo hiệu đường bộ theo thứ tự nêu trên.",https://chinhsachonline.chinhphu.vn/xe-ban-tai-co-phai-tuan-thu-bien-cam-o-to-tai-85175.htm,
358,"Luật Trật tự, an toàn giao thông đường bộ điều chỉnh nội dung gì? Có hiệu lực khi nào?","Theo Điều 1 Luật Trật tự, an toàn giao thông đường bộ quy định về quy tắc, phương tiện, người tham gia giao thông đường bộ, chỉ huy, điều khiển, tuần tra, kiểm soát, giải quyết tai nạn giao thông đường bộ, trách nhiệm quản lý nhà nước và trách nhiệm của cơ quan, tổ chức, cá nhân có liên quan đến trật tự, an toàn giao thông đường bộ.
Theo Điều 88 Luật Trật tự, an toàn giao thông đường bộ năm 2024 có hiệu lực thi hành từ ngày 01 tháng 01 năm 2025, trừ quy định “Khi chở trẻ em dưới 10 tuổi và chiều cao dưới 1,35 mét trên xe ô tô không được cho trẻ em ngồi cùng hàng ghế với người lái xe, trừ loại xe ô tô chỉ có một hàng ghế; người lái xe phải sử dụng, hướng dẫn sử dụng thiết bị an toàn phù hợp cho trẻ em” có hiệu lực thi hành từ ngày 01 tháng 01 năm 2026.",https://datafiles.hanoi.gov.vn/gov-hni/7608/VanBan/2026/1/5/document%20(6).pdf,
359,"Luật Trật tự, an toàn giao thông đường bộ đưa ra cách hiểu về từ “Trật tự, an toàn giao thông đường bộ” là như thế nào?","Tại khoản 1 Điều 2 Luật Trật tự, an toàn giao thông đường bộ quy định: Trật tự, an toàn giao thông đường bộ là trạng thái giao thông trên đường bộ có trật tự, bảo đảm an toàn, thông suốt; được hình thành và điều chỉnh bởi các quy tắc, nguyên tắc, quy phạm pháp luật trong lĩnh vực giao thông đường bộ.",https://datafiles.hanoi.gov.vn/gov-hni/7608/VanBan/2026/1/5/document%20(6).pdf,
360,Pháp luật quy định “Phương tiện giao thông đường bộ” gồm những loại nào? “Phương tiện tham gia giao thông đường bộ” được hiểu như thế nào?,"Tại khoản 2 Điều 2 Luật Trật tự, an toàn giao thông đường bộ quy định: phương tiện giao thông đường bộ là các loại xe, bao gồm: phương tiện giao thông cơ giới đường bộ (sau đây gọi là xe cơ giới), phương tiện giao thông thô sơ đường bộ (sau đây gọi là xe thô sơ), xe máy chuyên dùng và các loại xe tương tự.
Tại khoản 3 Điều 2 Luật Trật tự, an toàn giao thông đường bộ quy định: phương tiện tham gia giao thông đường bộ là phương tiện giao thông đường bộ tham gia giao thông trên đường bộ.",https://datafiles.hanoi.gov.vn/gov-hni/7608/VanBan/2026/1/5/document%20(6).pdf,
361,Việc điều khiển giao thông đường bộ được hiểu như thế nào?,"Tại khoản 2 Điều 74 Luật Trật tự, an toàn giao thông đường bộ quy định: Điều khiển giao thông đường bộ là hoạt động trực tiếp hướng dẫn giao thông đường bộ bảo đảm trật tự, an toàn, thông suốt, được thực hiện thông qua người điều khiển giao thông; thông báo, thực hiện phương án phân luồng giao thông tạm thời; quản lý vận hành, khai thác hệ thống đèn tín hiệu giao thông, các báo hiệu đường bộ khác, thiết bị thông minh hỗ trợ chỉ huy, điều khiển giao thông đường bộ.",https://datafiles.hanoi.gov.vn/gov-hni/7608/VanBan/2026/1/5/document%20(6).pdf,
362,"Khái niệm “đường ưu tiên” được quy định như thế nào trong Luật Trật tự, an toàn giao thông đường bộ?","Theo khoản 4 Điều 2 Luật Trật tự, an toàn giao thông đường bộ quy định: Đường ưu tiên là đường mà trên đó phương tiện tham gia giao thông đường bộ được các phương tiện tham gia giao thông đường bộ đến từ hướng khác nhường đường khi qua nơi đường giao nhau, được cắm biển báo hiệu đường ưu tiên",https://datafiles.hanoi.gov.vn/gov-hni/7608/VanBan/2026/1/5/document%20(6).pdf,
363," Theo Luật Trật tự, an toàn giao thông đường bộ, “cải tạo xe” được hiểu như thế nào?","Tại khoản 7 Điều 2 Luật Trật tự, an toàn giao thông đường bộ, cải tạo xe (sau đây gọi là cải tạo) là việc thay đổi đặc điểm của xe đã được cấp đăng ký xe, biển số xe hoặc xe đã qua sử dụng được nhập khẩu dẫn đến thay đổi về kiểu loại xe theo quy định của cơ quan có thẩm quyền.",https://datafiles.hanoi.gov.vn/gov-hni/7608/VanBan/2026/1/5/document%20(6).pdf,
364,"Theo Luật Trật tự, an toàn giao thông đường bộ, “người tham gia 
giao thông đường bộ”, “người điều khiển phương tiện tham gia giao thông 
đường bộ”, “người điều khiển giao thông đường bộ” là gồm những đối tượng 
nào?","Theo quy định tại khoản 8 Điều 2 Luật Trật tự, an toàn giao thông đường bộ, người tham gia giao thông đường bộ bao gồm: người điều khiển, người được chở trên phương tiện tham gia giao thông đường bộ; người điều khiển, dẫn dắt vật nuôi trên đường bộ; người đi bộ trên đường bộ.
Theo quy định tại khoản 9 Điều 2 Luật Trật tự, an toàn giao thông đường bộ, người điều khiển phương tiện tham gia giao thông đường bộ bao gồm: người điều khiển xe cơ giới (sau đây gọi là người lái xe), người điều khiển xe thô sơ, người điều khiển xe máy chuyên dùng.
Theo quy định tại khoản 10 Điều 2 Luật Trật tự, an toàn giao thông đường bộ, người điều khiển giao thông đường bộ (sau đây gọi là người điều khiển giao thông) bao gồm: Cảnh sát giao thông và người được giao nhiệm vụ hướng dẫn giao thông trên đường bộ.",https://datafiles.hanoi.gov.vn/gov-hni/7608/VanBan/2026/1/5/document%20(6).pdf,
365,"Theo quy định của pháp luật thế nào là “ùn tắc giao thông đường 
bộ”? “tai nạn giao thông đường bộ” được hiểu như thế nào?","Theo quy định tại khoản 11 Điều 2 Luật Trật tự, an toàn giao thông đường bộ, ùn tắc giao thông đường bộ (sau đây gọi là ùn tắc giao thông) là tình trạng người, phương tiện tham gia giao thông đường bộ bị dồn ứ, di chuyển với tốc độ rất chậm hoặc không thể di chuyển được.
Theo quy định tại khoản 12 Điều 2 Luật Trật tự, an toàn giao thông đường bộ, tai nạn giao thông đường bộ là va chạm liên quan đến người, phương tiện khi tham gia giao thông đường bộ, xảy ra ngoài ý muốn của người tham gia giao thông đường bộ, gây thiệt hại đến tính mạng, sức khỏe, tài sản của cá nhân hoặc tài sản của cơ quan, tổ chức.",https://datafiles.hanoi.gov.vn/gov-hni/7608/VanBan/2026/1/5/document%20(6).pdf,
366, Pháp luật quy định thế nào là “thiết bị an toàn cho trẻ em”?,"Theo quy định tại khoản 13 Điều 2 Luật Trật tự, an toàn giao thông đường bộ, thiết bị an toàn cho trẻ em là thiết bị có đủ khả năng bảo đảm an toàn cho trẻ em ở tư thế ngồi hoặc nằm trên xe ô tô, được thiết kế để giảm nguy cơ chấn thương cho người dùng trong trường hợp xảy ra va chạm hoặc xe ô tô giảm tốc độ đột ngột, bằng cách hạn chế sự di chuyển của cơ thể trẻ em.",https://datafiles.hanoi.gov.vn/gov-hni/7608/VanBan/2026/1/5/document%20(6).pdf,
367,"Theo quy định của pháp luật việc bảo đảm trật tự, an toàn giao 
thông đường bộ dựa trên những nguyên tắc nào?","Tại Điều 3 Luật Trật tự, an toàn giao thông đường bộ quy định việc bảo đảm trật tự, an toàn giao thông đường bộ dựa trên những nguyên tắc sau:- Tuân thủ Hiến pháp, pháp luật Việt Nam và điều ước quốc tế mà nước Cộng 
hòa xã hội chủ nghĩa Việt Nam là thành viên.
- Bảo đảm giao thông đường bộ được trật tự, an toàn, thông suốt, góp phần phát triển kinh tế - xã hội, bảo đảm quốc phòng, an ninh và bảo vệ môi trường; phòng ngừa vi phạm pháp luật về trật tự, an toàn giao thông đường bộ, tai nạn giao thông đường bộ và ùn tắc giao thông; bảo vệ tính mạng, sức khỏe, tài sản của cá nhân và tài sản của cơ quan, tổ chức.
- Bảo đảm trật tự, an toàn giao thông đường bộ là trách nhiệm của cơ quan, tổ chức, cá nhân.
- Người tham gia giao thông đường bộ phải chấp hành các quy định của pháp luật về trật tự, an toàn giao thông đường bộ và quy định khác của pháp luật có liên quan, có trách nhiệm giữ an toàn cho mình và cho người khác.
- Mọi hành vi vi phạm pháp luật về trật tự, an toàn giao thông đường bộ phải được phát hiện, ngăn chặn kịp thời và phải bị xử lý nghiêm minh theo quy định của 
pháp luật.
- Hoạt động bảo đảm trật tự, an toàn giao thông đường bộ phải công khai, minh bạch và thuận lợi cho người dân.- Công tác bảo đảm trật tự, an toàn giao thông đường bộ được thực hiện thống nhất trên cơ sở phân công, phân cấp, phù hợp với chức năng, nhiệm vụ và sự phối hợp chặt chẽ giữa các cơ quan, tổ chức, cá nhân có liên quan.",https://datafiles.hanoi.gov.vn/gov-hni/7608/VanBan/2026/1/5/document%20(6).pdf,
368,"Nhà nước có những chính sách gì về trật tự, an toàn giao thông đường bộ?","Tại Điều 4 Luật Trật tự, an toàn giao thông đường bộ quy định chính sách của Nhà nước về trật tự, an toàn giao thông đường bộ gồm:
- Bảo đảm ngân sách nhà nước, cơ sở vật chất, phương tiện, thiết bị hiện đại, các điều kiện bảo đảm và nâng cao năng lực thực thi nhiệm vụ của lực lượng trực tiếp bảo đảm trật tự, an toàn giao thông đường bộ. Huy động, sử dụng các nguồn lực để bảo đảm trật tự, an toàn giao thông đường bộ. Bố trí tương ứng từ các khoản thu tiền xử phạt vi phạm hành chính về trật tự, an toàn giao thông đường bộ và tiền đấu giá biển số xe sau khi nộp vào ngân sách nhà nước để tăng cường, hiện đại hóa cơ sở vật chất, phương tiện, thiết bị, phục vụ bảo đảm an ninh, trật tự, an toàn giao thông theo quy định của Chính phủ.
- Hiện đại hoá các trung tâm chỉ huy giao thông; bảo đảm kết nối, chia sẻ Cơ sở dữ liệu về trật tự, an toàn giao thông đường bộ giữa các cơ quan nhà nước có liên quan.
- Tạo điều kiện để cơ quan, tổ chức, cá nhân trong nước, nước ngoài nghiên cứu, ứng dụng và chuyển giao khoa học, công nghệ trong công tác bảo đảm trật tự, an toàn giao thông đường bộ, đầu tư, xây dựng, chuyển giao hệ thống, phương tiện, thiết bị giám sát phục vụ công tác bảo đảm trật tự, an toàn giao thông đường bộ; khuyến khích cơ quan, tổ chức, cá nhân tự nguyện tham gia phối hợp bảo đảm trật tự, an toàn giao thông đường bộ phù hợp với quy định của pháp luật, cung cấp thông tin, tài liệu phục vụ công tác bảo đảm trật tự, an toàn giao thông đường bộ và xử lý vi phạm pháp luật về trật tự, an toàn giao thông đường bộ.
- Bảo đảm công bằng, bình đẳng, an toàn đối với người tham gia giao thông đường bộ; tạo thuận lợi cho trẻ em, phụ nữ mang thai, người già yếu, người khuyết tật trong tham gia giao thông đường bộ; xây dựng văn hóa giao thông; giáo dục, phổ biến, bồi dưỡng kiến thức pháp luật về giao thông đường bộ cho trẻ em, học sinh để hình thành, nâng cao ý thức tự bảo vệ bản thân và tự giác chấp hành pháp luật khi tham gia giao thông đường bộ.
- Cơ quan, tổ chức, cá nhân tham gia phối hợp, cộng tác, hỗ trợ, giúp đỡ cơ quan nhà nước thực hiện nhiệm vụ bảo đảm trật tự, an toàn giao thông đường bộ, có thành tích thì được khen thưởng, bị thiệt hại về tài sản thì được đền bù; người bị tổn hại về danh dự, nhân phẩm thì được khôi phục; người bị thương, bị tổn hại về sức khỏe, tính mạng thì bản thân, gia đình được hưởng chế độ, chính sách theo quy định của pháp luật.
- Phát triển phương tiện giao thông đường bộ đồng bộ với phát triển kết cấu hạ tầng đường bộ, điều kiện kinh tế - xã hội và nhu cầu đi lại của người dân; nhập khẩu, sản xuất, lắp ráp phương tiện giao thông đường bộ bảo đảm chất lượng an toàn kỹ thuật và bảo vệ môi trường, phù hợp với xu hướng phát triển công nghệ đối với phương tiện giao thông trên thế giới; ưu tiên phát triển phương tiện vận tải công cộng, hạn chế sử dụng phương tiện giao thông ca nhan tham gia giao thông tại các đô thị lớn; ưu tiên chuyển đổi phương tiện sử dụng nhien liệu hoa thạch sang phưong tiện sử dụng điện, năng lượng xanh, thân thiện moi trưong, ha tang cung cấp nang lượng sạch.",https://datafiles.hanoi.gov.vn/gov-hni/7608/VanBan/2026/1/5/document%20(6).pdf,
369,"Pháp luật quy định như thế nào về việc tuyên truyền, phổ biến pháp luật về trật tự, an toàn giao thông đường bộ?","Theo Điều 5 Luật Trật tự, an toàn giao thông đường bộ quy định việc tuyên truyền, phổ biến pháp luật về trật tự, an toàn giao thông đường bộ được quy định như sau:  
- Tuyên truyền, phổ biến pháp luật về trật tự, an toàn giao thông đường bộ được thực hiện thường xuyên, rộng rãi, phù hợp với các tầng lớp Nhân dân, người nước ngoài trên lãnh thổ nước Cộng hòa xã hội chủ nghĩa Việt Nam. 
- Cơ quan quản lý nhà nước về trật tự, an toàn giao thông đường bộ chủ trì, phối hợp với các cơ quan, tổ chức, cá nhân có liên quan thực hiện tuyên truyền, phổ biến pháp luật về trật tự, an toàn giao thông đường bộ. 
- Cơ quan thông tin, truyền thông có trách nhiệm tổ chức tuyên truyền, phổ biến pháp luật về trật tự, an toàn giao thông đường bộ trên các phương tiện thông tin, truyền thông đại chúng. 
- Mặt trận Tổ quốc Việt Nam và các tổ chức thành viên của Mặt trận có trách nhiệm phối hợp với cơ quan hữu quan và chính quyền địa phương tuyên truyền, vận động Nhân dân thực hiện pháp luật về trật tự, an toàn giao thông đường bộ. 
- Bộ, cơ quan ngang Bộ, Ủy ban nhân dân các cấp, trong phạm vi nhiệm vụ, quyền hạn của mình, có trách nhiệm tổ chức tuyên truyền, phổ biến pháp luật về trật tự, an toàn giao thông đường bộ, có hình thức tuyên truyền, phổ biến phù hợp với từng đối tượng. 
- Đơn vị lực lượng vũ trang nhân dân, cơ quan, tổ chức, cơ sở giáo dục có trách nhiệm tổ chức tuyên truyền, phổ biến pháp luật về trật tự, an toàn giao thông đường bộ cho đối tượng thuộc thẩm quyền quản lý. 
- Thành viên trong gia đình có trách nhiệm tuyên truyền, nhắc nhở thành viên khác chấp hành pháp luật về trật tự, an toàn giao thông đường bộ, sử dụng dây đai an toàn, ghế dành cho trẻ em hoặc có người lớn ngồi cùng trẻ em phía sau khi chở trẻ em dưới 06 tuổi bằng xe gắn máy, xe mô tô.",https://datafiles.hanoi.gov.vn/gov-hni/7608/VanBan/2026/1/5/document%20(6).pdf,
370,"Pháp luật quy định như thế nào về việc giáo dục kiến thức pháp luật về trật tự, an toàn giao thông đường bộ?","Theo Điều 6 Luật Trật tự, an toàn giao thông đường bộ quy định việc giáo dục kiến thức pháp luật về trật tự, an toàn giao thông đường bộ được thực hiện như sau:
- Giáo dục kiến thức pháp luật về trật tự, an toàn giao thông đường bộ cho trẻ em của cơ sở giáo dục mầm non (sau đây gọi là trẻ em mầm non), học sinh của cơ sở giáo dục phổ thông, cơ sở giáo dục nghề nghiệp. 
- Lực lượng Cảnh sát giao thông có trách nhiệm chủ trì, phối hợp với cơ quan quản lý trường trung học phổ thông, cơ sở giáo dục nghề nghiệp tổ chức hướng dẫn kỹ năng lái xe gắn máy an toàn cho học sinh tại cơ sở giáo dục đó. - Bộ Giáo dục và Đào tạo, Bộ Lao động, Thương binh và Xã hội, trong phạm vi nhiệm vụ, quyền hạn của mình, chủ trì, phối hợp với Bộ Công an và Bộ, cơ quan ngang Bộ có liên quan xây dựng, tích hợp, lồng ghép kiến thức pháp luật về trật tự, an toàn giao thông đường bộ vào chương trình giảng dạy trong cơ sở giáo dục mầm non, cơ sở giáo dục phổ thông, cơ sở giáo dục nghề nghiệp phù hợp với từng cấp học, ngành học.",https://datafiles.hanoi.gov.vn/gov-hni/7608/VanBan/2026/1/5/document%20(6).pdf,
371,"Luật Trật tự, an toàn giao thông đường bộ quy định những hành vi nào bị nghiêm cấm?","Tại Điều 9 Luật Trật tự, an toàn giao thông đường bộ quy định các hành vi bị nghiêm cấm: 
- Điều khiển xe cơ giới tham gia giao thông đường bộ không có giấy phép lái xe theo quy định của pháp luật; điều khiển xe máy chuyên dùng tham gia giao thông đường bộ không có giấy phép lái xe hoặc chứng chỉ bồi dưỡng kiến thức pháp luật về giao thông đường bộ, bằng hoặc chứng chỉ điều khiển xe máy chuyên dùng. 
- Điều khiển phương tiện tham gia giao thông đường bộ mà trong máu hoặc hơi thở có nồng độ cồn.
- Điều khiển phương tiện tham gia giao thông đường bộ mà trong cơ thể có chất ma túy hoặc chất kích thích khác mà pháp luật cấm sử dụng. 
- Xúc phạm, đe dọa, cản trở, chống đối hoặc không chấp hành hiệu lệnh, hướng dẫn, yêu cầu kiểm tra, kiểm soát của người thi hành công vụ về bảo đảm trật tự, an toàn giao thông đường bộ. 
- Đua xe, tổ chức đua xe, xúi giục, giúp sức, cổ vũ đua xe trái phép; điều khiển phương tiện tham gia giao thông đường bộ lạng lách, đánh võng, rú ga liên tục.
- Dùng tay cầm và sử dụng điện thoại hoặc thiết bị điện tử khác khi điều khiển phương tiện tham gia giao thông đang di chuyển trên đường bộ. 
- Giao xe cơ giới, xe máy chuyên dùng cho người không đủ điều kiện theo quy định của pháp luật để điều khiển xe tham gia giao thông đường bộ. 
- Đưa xe cơ giới, xe máy chuyên dùng không bảo đảm quy định của pháp luật về an toàn kỹ thuật và bảo vệ môi trường, phương tiện khác không đủ điều kiện theo quy định của pháp luật để tham gia giao thông đường bộ. 
- Nhập khẩu, sản xuất, lắp ráp xe cơ giới, xe máy chuyên dùng không bảo đảm quy định của pháp luật về chất lượng an toàn kỹ thuật và bảo vệ môi trường. 
- Cải tạo xe ô tô loại khác thành xe ô tô chở người, trừ cải tạo thành xe ô tô chở người phục vụ mục đích quốc phòng, an ninh. 
- Cải tạo trái phép; cố ý can thiệp làm sai lệch chỉ số trên đồng hồ báo quãng đường đã chạy của xe ô tô; cắt, hàn, tẩy xóa, đục sửa, đóng lại trái phép số khung, số động cơ của xe cơ giới, xe máy chuyên dùng. 
- Cố ý can thiệp, thay đổi phần mềm điều khiển của xe, động cơ của xe đã được đăng ký với cơ quan quản lý, nhằm mục đích gian lận kết quả kiểm tra, thử nghiệm, kiểm định; thuê, mượn phụ tùng xe cơ giới chỉ để thực hiện việc kiểm định. 
- Chở hàng hóa vượt quá khối lượng toàn bộ, tải trọng trục, kích thước cho phép của xe hoặc vượt quá tải trọng, kích thước giới hạn cho phép của đường bộ khi chưa được cơ quan quản lý cấp phép hoặc không bảo đảm yêu cầu theo quy định của Luật này; chở hàng hóa trên xe có quy định phải chẳng buộc nhưng không chẳng buộc hoặc chẳng buộc không đúng quy định của pháp luật; chở quá số người theo quy định của pháp luật.
- Vận chuyển hàng hóa cấm lưu hành, vận chuyển trái phép hoặc không thực hiện đầy đủ các quy định của pháp luật về vận chuyển hàng hóa nguy hiểm, động vật hoang dã. 
- Đe dọa, xúc phạm, tranh giành, lôi kéo hành khách; đe doạ, cưỡng ép hành khách sử dụng dịch vụ ngoài ý muốn; chuyển tải, xuống khách hoặc các hành vi khác nhằm trốn tránh phát hiện xe chở quá tải, quá số người theo quy định của pháp luật. 
- Lắp đặt, sử dụng thiết bị âm thanh, ánh sáng trên xe cơ giới, xe máy chuyên dùng gây mất trật tự, an toàn giao thông đường bộ. 
- Sản xuất, sử dụng, mua, bán trái phép biển số xe; điều khiển xe cơ giới, xe máy chuyên dùng gắn biển số xe không do cơ quan nhà nước có thẩm quyền cấp,gắn biển số xe không đúng vị trí; bẻ cong, che lấp biển số xe; làm thay đổi chữ, số, màu sắc, hình dạng, kích thước của biển số xe. 
- Làm gián đoạn hoạt động hoặc làm sai lệch dữ liệu của thiết bị giám sát hành trình, camera lắp trên xe theo quy định của Luật này. 
- Hủy hoại, làm hư hỏng, làm mất tác dụng thiết bị điều khiển, giám sát giao thông đường bộ, thiết bị thông minh hỗ trợ chỉ huy, điều khiển giao thông đường bộ. 
- Đặt, để chướng ngại vật, vật cản khác trái phép trên đường bộ; rải vật sắc nhọn, đổ chất gây trơn trượt trên đường bộ; làm rơi vãi đất đá, hàng hóa, vật liệu xây dựng, phế thải trên đường bộ; đổ, xả thải, làm rơi vãi hóa chất, chất thải gây mất an toàn giao thông đường bộ. 
- Cản trở người, phương tiện tham gia giao thông trên đường bộ; ném gạch, đất, đá, cát hoặc vật thể khác vào người, phương tiện đang tham gia giao thông trên đường bộ 
- Lợi dụng, lạm dụng nhiệm vụ bảo đảm trật tự, an toàn giao thông đường bộ để thực hiện hành vi vi phạm pháp luật, nhũng nhiễu, xâm phạm lợi ích của Nhà nước, quyền và lợi ích hợp pháp của tổ chức, cá nhân. 
- Lợi dụng chức vụ, quyền hạn, nghề nghiệp của bản thân hoặc người khác để vi phạm pháp luật về trật tự, an toàn giao thông đường bộ hoặc can thiệp, tác động vào quá trình xử lý vi phạm pháp luật về trật tự, an toàn giao thông đường bộ. 
- Sử dụng quyền của xe ưu tiên khi không thực hiện nhiệm vụ theo quy định của pháp luật; lắp đặt, sử dụng thiết bị phát tín hiệu ưu tiên không đúng quy định của pháp luật.
- Không khai báo, khai báo gian dối hoặc cung cấp thông tin, tài liệu không đúng sự thật để trốn tránh trách nhiệm khi bị phát hiện vi phạm pháp luật về trật tự, an toàn giao thông đường bộ. 
- Bỏ trốn sau khi gây tai nạn giao thông đường bộ để trốn tránh trách nhiệm; khi có điều kiện mà cố ý không cứu giúp người bị tai nạn giao thông đường bộ; xâm phạm tính mạng, sức khỏe, tài sản của người bị nạn, người gây tai nạn giao thông đường bộ hoặc người giúp đỡ, cứu chữa, đưa người bị nạn đi cấp cứu; lợi dụng việc xảy ra tai nạn giao thông đường bộ để hành hung, đe dọa, xúi giục, gây sức ép, làm mất trật tự, cản trở việc xử lý tai nạn giao thông đường bộ. 
- Điều khiển vật thể bay, tàu bay không người lái, phương tiện bay siêu nhẹ hoạt động trong phạm vi khổ giới hạn đường bộ gây cản trở hoặc nguy cơ mất an toàn cho người, phương tiện tham gia giao thông đường bộ, trừ tàu bay không người lái, phương tiện bay siêu nhẹ được cấp phép bay.- Hành vi khác vi phạm quy tắc giao thông đường bộ theo quy định",https://datafiles.hanoi.gov.vn/gov-hni/7608/VanBan/2026/1/5/document%20(6).pdf,
372,Quy tắc chung trong giao thông đường bộ là gì?,"Tại Điều 10 Luật Trật tự, an toàn giao thông đường bộ quy định Quy tắc chung khi tham gia giao thông như sau :
- Người tham gia giao thông đưong bo phải đi ben phải theo chieu đi của mình, đi đúng làn đường, phần đường quy định, chấp hành báo hiệu đường bộ và các quy tắc giao thông đường bộ khác .
- Người lai xe va ngưoi đưoc cho tren xe ô to phải thắt day đai an toan tại những chỗ co trang bị day đai an toan khi tham gia giao thong đưong bộ .
- Khi cho tre em dưới 10 tuổi và chieu cao dưới 1,35 met tren xe ô tô không được cho trẻ em ngồi cùng hàng ghế với người lái xe, trừ loại xe ô tô chỉ có một hàng ghế; người lái xe phải sử dụng, hướng dẫn sử dụng thiết bị an toàn phù hợp cho trẻ em.",https://datafiles.hanoi.gov.vn/gov-hni/7608/VanBan/2026/1/5/document%20(6).pdf,
373,"Luật Trật tự, an toàn giao thông đường bộ quy định như thế nào 
về việc chấp hành báo hiệu đường bộ?","Tại Điều 11 Luật Trật tự, an toàn giao thông đường bộ, việc chấp hành báo hiệu đường bộ được quy định như sau:- Báo hiệu đường bộ bao gồm: hiệu lệnh của người điều khiển giao thông; đèn tín hiệu giao thông; biển báo hiệu đường bộ; vạch kẻ đường và các dấu hiệu khác trên mặt đường; cọc tiêu, tường bảo vệ, rào chắn, đinh phản quang, tiêu phản quang, cột Km, cọc H; thiết bị âm thanh báo hiệu đường bộ.- Người tham gia giao thông đường bộ phải chấp hành báo hiệu đường bộ theo thứ tự ưu tiên từ trên xuống dưới như sau:
+ Hiệu lệnh của người điều khiển giao thông;
+ Tín hiệu đèn giao thông;
+ Biển báo hiệu đường bộ;
+ Vạch kẻ đường và các dấu hiệu khác trên mặt đường;
+ Cọc tiêu, tường bảo vệ, rào chắn, đinh phản quang, tiêu phản quang,cột Km, cọc H;
+ Thiết bị âm thanh báo hiệu đường bộ.- Hiệu lệnh của người điều khiển giao thông được quy định như sau:
+ Tay bên phải giơ thẳng đứng để báo hiệu cho người tham gia giao thông đường bộ ở tất cả các hướng phải dừng lại;
+ Hai tay hoặc một tay dang ngang để báo hiệu cho người tham gia giao thông đường bộ ở phía trước và ở phía sau người điều khiển giao thông phải dừng lại; người tham gia giao thông đường bộ ở phía bên phải và bên trái người điều khiển giao thông được đi;
+ Tay bên phải giơ về phía trước để báo hiệu cho người tham gia giao thông đường bộ ở phía sau và bên phải người điều khiển giao thông phải dừng lại; người tham gia giao thông đường bộ ở phía trước người điều khiển giao thông được rẽ phải; người tham gia giao thông đường bộ ở phía bên trái người điều khiển giao thông được đi tất cả các hướng; người đi bộ qua đường phải đi sau lưng người điều khiển giao thông.- Tín hiệu đèn giao thông có 03 màu, gồm: màu xanh, màu vàng, màu đỏ; có hiển thị thời gian hoặc không hiển thị thời gian. Người tham gia giao thông đường bộ phải chấp hành như sau:
+ Tín hiệu đèn màu xanh là được đi; trường hợp người đi bộ, xe lăn của người khuyết tật đang đi ở lòng đường, người điều khiển phương tiện tham gia giao thông đường bộ phải giảm tốc độ hoặc dừng lại nhường đường cho người đi bộ, xe lăn của người khuyết tật qua đường;
+ Tín hiệu đèn màu vàng phải dừng lại trước vạch dừng; trường hợp đang đi trên vạch dừng hoặc đã đi qua vạch dừng mà tín hiệu đèn màu vàng thì được đi tiếp; trường hợp tín hiệu đèn màu vàng nhấp nháy, người điều khiển phương tiện tham gia giao thông đường bộ được đi nhưng phải quan sát, giảm tốc độ hoặc dừng lại nhường đường cho người đi bộ, xe lăn của người khuyết tật qua đường hoặc các phương tiện 
khác;
+ Tín hiệu đèn màu đỏ là cấm đi.- Báo hiệu của biển báo hiệu đường bộ được quy định như sau:
+ Biển báo cấm để biểu thị các điều cấm;
+ Biển báo nguy hiểm để cảnh báo các tình huống nguy hiểm có thể xảy ra;
+ Biển hiệu lệnh để báo hiệu lệnh phải thi hành;
+ Biển chỉ dẫn để chỉ dẫn hướng đi hoặc các điều cần biết;
+ Biển phụ để thuyết minh bổ sung cho biển báo cấm, biển báo nguy hiểm, biển hiệu lệnh và biển chỉ dẫn.- Vạch kẻ đường là vạch chỉ sự phân chia làn đường, vị trí hoặc hướng đi, vị trí dừng lại.- Cọc tiêu, tường bảo vệ để hướng dẫn cho người tham gia giao thông đường bộ biết phạm vi an toàn của nền đường và hướng đi của đường.- Rào chắn để ngăn không cho người, phương tiện qua lại.- Đinh phản quang, tiêu phản quang để thông tin, cảnh báo về phần đường, làn đường.- Cột Km, cọc H để báo hiệu cho người tham gia giao thông đường bộ về các thông tin của đường bộ.- Thiết bị âm thanh báo hiệu đường bộ để hỗ trợ cảnh báo nguy hiểm cho người tham gia giao thông đường bộ.- Khi ở một vị trí vừa có biển báo hiệu đặt cố định vừa có biển báo hiệu tạm thời mà hai biển có ý nghĩa khác nhau, người tham gia giao thông đường bộ phải chấp hành hiệu lệnh của biển báo hiệu tạm thời.",https://datafiles.hanoi.gov.vn/gov-hni/7608/VanBan/2026/1/5/document%20(6).pdf,
374,"Theo Luật Trật tự, an toàn giao thông đường bộ việc chấp hành quy định về tốc độ và khoảng cách giữa các xe được quy định như thế nào?","Tại Điều 12 Luật Trật tự, an toàn giao thông đường bộ, viêc chấp hành quy định về tốc độ và khoảng cách giữa các xe được quy định như sau:
- Người lái xe, người điều khiển xe máy chuyên dùng phải chấp hành quy định về tốc độ, khoảng cách an toàn tối thiểu với xe phía trước cùng làn đường hoặc phần đường.
- Người điều khiển phương tiện tham gia giao thông đường bộ phải bảo đảm tốc độ phù hợp điều kiện của cầu, đường, mật độ giao thông, địa hình, thời tiết và các yếu tố ảnh hưởng khác để bảo đảm an toàn.
- Người điều khiển phương tiện tham gia giao thông đường bộ phải quan sát, giảm tốc độ hoặc dừng lại để bảo đảm an toàn trong các trường hợp sau đây:
+ Tại nơi có vạch kẻ đường hoặc báo hiệu khác dành cho người đi bộ hoặc tại nơi mà người đi bộ, xe lăn của người khuyết tật đang qua đường;
+ Có báo hiệu cảnh báo nguy hiểm hoặc có chướng ngại vật trên đường;
+ Chuyển hướng xe chạy hoặc tầm nhìn bị hạn chế;
+ Nơi đường bộ giao nhau cùng mức với đường bộ, đường bộ giao nhau cùng mức với đường sắt; đường hẹp, đường vòng, đường quanh co, đường đèo, dốc;
+ Nơi cầu, cống hẹp, đập tràn, đường ngầm, hầm chui, hầm đường bộ;
+ Khu vực có trường học, bệnh viện, bến xe, công trình công cộng tập trung đông người, khu vực đông dân cư, chợ, khu vực đang thi công trên đường bộ, hiện trường vụ tai nạn giao thông đường bộ;
+ Có vật nuôi đi trên đường hoặc chăn thả ở ven đường;
+ Tránh xe đi ngược chiều hoặc khi cho xe đi phía sau vượt; khi có tín hiệu xin đường, tín hiệu khẩn cấp của xe đi cùng chiều phía trước;
+ Điểm dừng xe, đỗ xe trên đường bộ có khách đang lên, xuống xe;
+ Gặp xe vận chuyển hàng siêu trường, siêu trọng, hàng hóa nguy hiểm; đoàn người đi bộ;
+ Gặp xe ưu tiên;
+ Điều kiện trời mưa, gió, sương, khói, bụi, mặt đường trơn trượt, lầy lội, có nhiều đất đá, vật liệu rơi vãi ảnh hưởng đến an toàn giao thông đường bộ;
+ Khu vực đang tổ chức kiểm soát giao thông đường bộ.",https://datafiles.hanoi.gov.vn/gov-hni/7608/VanBan/2026/1/5/document%20(6).pdf,
375,Việc sử dụng làn đường được quy định như thế nào?,"Theo Điều 13 Luật Trật tự, an toàn giao thông đường bộ, việc sử dụng làn đường được quy định như sau:
- Phương tiện tham gia giao thông đường bộ di chuyển với tốc độ thấp hơn phải đi về bên phải theo chiều đi của mình.
- Trên đường có nhiều làn đường cho xe đi cùng chiều được phân biệt bằng vạch kẻ phân làn đường, người điều khiển phương tiện tham gia giao thông đường bộ phải cho xe đi trong một làn đường và chỉ được chuyển làn đường ở những nơi cho phép; mỗi lần chuyển làn đường chỉ được phép chuyển sang một làn đường liền kề; khi chuyển làn đường phải có tín hiệu báo trước; phải quan sát bảo đảm khoảng cách an toàn với xe phía trước, phía sau và hai bên mới được chuyển làn.
- Trên một chiều đường có vạch kẻ phân làn đường, xe thô sơ phải đi trên làn đường bên phải trong cùng, xe cơ giới, xe máy chuyên dùng đi trên làn đường bên trái.
- Trên làn đường dành riêng cho một loại phương tiện hoặc một nhóm loại phương tiện, người điều khiển loại phương tiện khác không được đi vào làn đường đó.",https://datafiles.hanoi.gov.vn/gov-hni/7608/VanBan/2026/1/5/document%20(6).pdf,
376,Theo quy định của pháp luật việc vượt xe và nhường đường cho xe xin vượt được quy định như thế nào? Những trường hợp nào thì không được vượt xe?,"Tại Điều 14 Luật Trật tự, an toàn giao thông đường bộ quy định việc vượt xe và nhường đường cho xe xin vượt như sau:
- Vượt xe là tình huống giao thông trên đường mà mỗi chiều đường xe chạy chỉ có một làn đường dành cho xe cơ giới, xe đi phía sau di chuyển sang bên trái để di chuyển lên trước xe phía trước.Trên đường có từ hai làn đường dành cho xe cơ giới cùng chiều trở lên được phân biệt bằng vạch kẻ đường, xe đi phía sau di chuyển lên trước xe phía trước thì áp dụng quy tắc sử dụng làn đường quy định tại Điều 13 của Luật này.
- Khi vượt các xe phải vượt bên trái; trường hợp khi xe phía trước có tín hiệu rẽ trái hoặc đang rẽ trái hoặc khi xe chuyên dùng đang làm việc trên đường mà không thể vượt bên trái thì được vượt về bên phải.
- Xe xin vượt chỉ được vượt khi không có chướng ngại vật phía trước, không có xe chạy ngược chiều trong đoạn đường định vượt, xe chạy trước không có tín hiệu vượt xe khác, đã có tín hiệu rẽ phải và tránh về bên phải.
- Khi có xe xin vượt, người điều khiển phương tiện tham gia giao thông đường bộ phía trước phải quan sát phần đường phía trước, nếu đủ điều kiện an toàn thì phải giảm tốc độ, có tín hiệu rẽ phải để báo hiệu cho người điều khiển phương tiện tham gia giao thông đường bộ phía sau biết được vượt và đi sát về bên phải của phần đường xe chạy cho đến khi xe sau đã vượt qua, không được cản trở đối với xe xin vượt. Trường hợp có chướng ngại vật hoặc không đủ điều kiện an toàn thì người 
điều khiển phương tiện tham gia giao thông đường bộ phía trước có tín hiệu rẽ tráiđể báo hiệu cho người điều khiển phương tiện tham gia giao thông đường bộ phía sau biết là chưa được vượt.
- Xe xin vượt phải có báo hiệu nhấp nháy bằng đèn chiếu sáng phía trước hoặc còi, trừ loại xe thô sơ không có đèn chiếu sáng và còi, khi vượt xe phải có tín hiệu báo hướng chuyển, tín hiệu báo hướng chuyển được sử dụng, bảo đảm khoảng cách an toàn với xe phía trước và phía sau trong suốt quá trình vượt xe; trong đô thị và khu đông dân cư trong thời gian từ 22 giờ ngày hôm trước đến 05 giờ ngày hôm sau chỉ được báo hiệu xin vượt bằng đèn.
- Tại Khoản 6 Điều 14 Luật Trật tự, an toàn giao thông đường bộ quy định không được vượt xe trong trường hợp sau:
+ Khi không bảo đảm các điều kiện khi không có chướng ngại vật phía trước, không có xe chạy ngược chiều trong đoạn đường định vượt, xe chạy trước không có tín hiệu vượt xe khác, đã có tín hiệu rẽ phải và tránh về bên phải. 
+ Trên cầu hẹp có một làn đường;
+ Đường cong có tầm nhìn bị hạn chế;
+ Trên đường hai chiều tại khu vực đỉnh dốc có tầm nhìn bị hạn chế;
+ Nơi đường giao nhau, đường bộ giao nhau cùng mức với đường sắt;
+ Khi điều kiện thời tiết hoặc đường không bảo đảm an toàn cho việc vượt;
+ Khi gặp xe ưu tiên;
+ Ở phần đường dành cho người đi bộ qua đường;
+ Khi có người đi bộ, xe lăn của người khuyết tật qua đường;
+ Trong hầm đường bộ.",https://datafiles.hanoi.gov.vn/gov-hni/7608/VanBan/2026/1/5/document%20(6).pdf,
377,"Luật Trật tự, an toàn giao thông đường bộ quy định như thế nào đối với việc chuyển hướng xe?","Theo Điều 15 Luật Trật tự, an toàn giao thông đường bộ việc chuyển hướng xe được quy định như sau: 
- Chuyển hướng xe là tình huống giao thông mà xe rẽ trái hoặc rẽ phải hoặc quay đầu xe. 
- Trước khi chuyển hướng, người điều khiển phương tiện tham gia giao thông đường bộ phải quan sát, bảo đảm khoảng cách an toàn với xe phía sau, giảm tốc độ và có tín hiệu báo hướng rẽ hoặc có tín hiệu bằng tay theo hướng rẽ đối với xe thô sơ không có đèn báo hướng rẽ, chuyển dần sang làn gần nhất với hướng rẽ. Tín hiệu báo hướng rẽ hoặc tín hiệu bằng tay phải sử dụng liên tục trong quá trình chuyển hướng. Khi bảo đảm an toàn, không gây trở ngại cho người và phương tiện khác mới được chuyển hướng. 
- Khi chuyển hướng, người lái xe, người điều khiển xe máy chuyên dùng phải nhường đường cho người đi bộ, xe thô sơ, xe đi ngược chiều và chỉ chuyển hướng khi không gây trở ngại hoặc nguy hiểm cho người, phương tiện khác. 
- Không được quay đầu xe ở phần đường dành cho người đi bộ qua đường, trên cầu, đầu cầu, gầm cầu vượt, ngầm, tại nơi đường bộ giao nhau cùng mức với đường sắt, đường hẹp, đường dốc, đoạn đường cong tầm nhìn bị che khuất, trên đường cao tốc, trong hầm đường bộ, trên đường một chiều, trừ khi có hiệu lệnh của người điều khiển giao thông hoặc chỉ dẫn của biển báo hiệu tạm thời.",https://datafiles.hanoi.gov.vn/gov-hni/7608/VanBan/2026/1/5/document%20(6).pdf,
378,Pháp luật quy định như thế nào đối với việc lùi xe?,"Theo Điều 16 Luật Trật tự, an toàn giao thông đường bộ việc lùi xe được quy định như sau:
- Khi lùi xe, người điều khiển phương tiện tham gia giao thông đường bộ phải quan sát hai bên và phía sau xe, có tín hiệu lùi và chỉ lùi xe khi bảo đảm an toàn.
- Không được lùi xe ở đường một chiều, khu vực cấm dừng, trên phần đường dành cho người đi bộ qua đường, nơi đường bộ giao nhau, đường bộ giao nhau cùng mức với đường sắt, nơi tầm nhìn bị che khuất, trong hầm đường bộ, trên đường cao tốc.",https://datafiles.hanoi.gov.vn/gov-hni/7608/VanBan/2026/1/5/document%20(6).pdf,
379,"Pháp luật quy định như thế nào đối với việc dừng xe, đỗ xe để 
bảo đảm an toàn giao thông?","Theo Điều 15 Luật Trật tự, an toàn giao thông đường bộ việc dừng xe, đỗ xe được quy định như sau:
- Dừng xe là trạng thái đứng yên tạm thời của xe trong một khoảng thời gian cần thiết đủ để cho người lên xe, xuống xe, xếp dỡ hàng hóa, kiểm tra kỹ thuật xe hoặc hoạt động khác. Khi dừng xe không được tắt máy và không được rời khỏi vị trí lái, trừ trường hợp rời khỏi vị trí lái để đóng, mở cửa xe, xếp dỡ hàng hóa, kiểm tra kỹ thuật xe nhưng phải sử dụng phanh đỗ xe hoặc thực hiện biện pháp an toàn khác.
- Đỗ xe là trạng thái đứng yên của xe không giới hạn thời gian. Khi đỗ xe, người điều khiển phương tiện tham gia giao thông đường bộ chỉ được rời khỏi xe khi đã sử dụng phanh đỗ xe hoặc thực hiện biện pháp an toàn khác. Xe đỗ trên đoạn đường dốc phải đánh lái về phía lề đường, chèn bánh.
- Người điều khiển phương tiện tham gia giao thông đường bộ khi dừng xe, đỗ xe trên đường phải thực hiện các quy định sau đây:
+ Có tín hiệu báo cho người điều khiển phương tiện tham gia giao thông đường bộ khác biết khi ra, vào vị trí dừng xe, đỗ xe;
+ Không làm ảnh hưởng đến người đi bộ và các phương tiện tham gia giao thông đường bộ.- Người điều khiển phương tiện tham gia giao thông đường bộ không được dừng xe, đỗ xe tại các vị trí sau đây:
+ Bên trái đường một chiều;
+ Trên đoạn đường cong hoặc gần đầu dốc mà tầm nhìn bị che khuất;
+ Trên cầu, trừ những trường hợp tổ chức giao thông cho phép;
+ Gầm cầu vượt, trừ những nơi cho phép dừng xe, đỗ xe;
+ Song song cùng chiều với một xe khác đang dừng, đỗ trên đường;
+ Cách xe ô tô đang đỗ ngược chiều dưới 20 mét trên đường phố hẹp,dưới 40 mét trên đường có một làn xe cơ giới trên một chiều đường;
+ Trên phần đường dành cho người đi bộ qua đường;- Nơi đường giao nhau và trong phạm vi 05 mét tính từ mép đường giao nhau;
+ Điểm đón, trả khách;
+ Trước cổng và trong phạm vi 05 mét hai bên cổng trụ sở cơ quan, tổ chức có bố trí đường cho xe ra, vào;
+ Tại nơi phần đường có chiều rộng chỉ đủ cho một làn xe cơ giới;
+ Trong phạm vi an toàn của đường sắt;
+ Che khuất biển báo hiệu đường bộ, đèn tín hiệu giao thông;
+ Trên đường dành riêng cho xe buýt, trên miệng cống thoát nước, miệng hầm của đường điện thoại, điện cao thế, chỗ dành riêng cho xe chữa cháy lấy nước; trên lòng đường, vỉa hè trái quy định của pháp luật.
- Trên đường bộ,người điều khiển phương tiện tham gia giao thông đường bộ chỉ được dừng xe, đỗ xe ở nơi có lề đường rộng hoặc khu đất ở bên ngoài phần đường xe chạy; trường hợp lề đường hẹp hoặc không có lề đường thì chỉ được dừng xe, đỗ xe sát mép đường phía bên phải theo chiều đi của mình.
- Trên đường phố, người điều khiển phương tiện tham gia giao thông đường bộ chỉ được dừng xe, đỗ xe sát theo lề đường, vỉa hè phía bên phải theo chiều đi của mình; bánh xe gần nhất không được cách xa lề đường, vỉa hè quá 0,25 mét và không gây cản trở, nguy hiểm cho người và phương tiện tham gia giao thông đường bộ.
- Trong trường hợp gặp sự cố kỹ thuật hoặc bất khả kháng khác buộc phải đỗ xe, khi đỗ xe chiếm một phần đường xe chạy hoặc tại nơi không được phép đỗ, phải có báo hiệu bằng đèn khẩn cấp hoặc đặt biển cảnh báo về phía sau xe để người điều khiển phương tiện tham gia giao thông đường bộ khác biết.",https://datafiles.hanoi.gov.vn/gov-hni/7608/VanBan/2026/1/5/document%20(6).pdf,
380,Việc mở cửa xe được pháp luật quy định như thế nào?,"Tại Điều 19 Luật Trật tự, an toàn giao thông đường bộ, việc mở cửa xe được quy định như sau:
- Chỉ được mở cửa xe khi xe đã dừng, đỗ.
- Trước khi mở cửa xe, người mở cửa phải quan sát phía trước, phía sau và bên phía mở cửa xe, khi thấy an toàn mới được mở cửa xe, ra khỏi xe; không để cửa xe mở nếu không bảo đảm an toàn.",https://datafiles.hanoi.gov.vn/gov-hni/7608/VanBan/2026/1/5/document%20(6).pdf,
381,Pháp luật quy định như thế nào đối với việc sử dụng đèn khi tham gia giao thông đường bộ?,"Theo Điều 20 Luật Trật tự, an toàn giao thông đường bộ việc sử dụng đèn được quy định như sau:- Người lái xe, người điều khiển xe máy chuyên dùng tham gia giao thông đường bộ phải bật đèn chiếu sáng phía trước trong thời gian từ 18 giờ ngày hôm trước đến 06 giờ ngày hôm sau hoặc khi có sương mù, khói, bụi, trời mưa, thời tiết xấu làm hạn chế tầm nhìn.
- Người lái xe, người điều khiển xe máy chuyên dùng phải tắt đèn chiếu xa, bật đèn chiếu gần trong các trường hợp sau đây:
+ Khi gặp người đi bộ qua đường;
+Khi đi trên các đoạn đường qua khu đông dân cư có hệ thống chiếu sáng đang hoạt động;
+ Khi gặp xe đi ngược chiều, trừ trường hợp dải phân cách có khả năng chống chói;
+ Khi chuyển hướng xe tại nơi đường giao nhau.
- Người lái xe, người điều khiển xe máy chuyên dùng khi thực hiện công việc trên đường bộ phải bật sáng đèn cảnh báo màu vàng.",https://datafiles.hanoi.gov.vn/gov-hni/7608/VanBan/2026/1/5/document%20(6).pdf,
382,Pháp luật quy định như thế nào đối với việc sử dụng tín hiệu còi khi tham gia giao thông?,"Tại Điều 21 Luật Trật tự, an toàn giao thông đường bộ quy định việc sử dụng tín hiệu còi như sau:- Chỉ được sử dụng tín hiệu còi của phương tiện tham gia giao thông đường bộ trong các trường hợp sau đây:
+ Báo hiệu cho người tham gia giao thông đường bộ khi xuất hiện tình huống có thể mất an toàn giao thông;
+ Báo hiệu chuẩn bị vượt xe.- Không sử dụng còi liên tục; không sử dụng còi có âm lượng không đúng quy định; không sử dụng còi trong thời gian từ 22 giờ ngày hôm trước đến 05 giờ ngày hôm sau trong khu đông dân cư, khu vực cơ sở khám bệnh, chữa bệnh, trừ xe ưu tiên.",https://datafiles.hanoi.gov.vn/gov-hni/7608/VanBan/2026/1/5/document%20(6).pdf,
383,"Pháp luật quy định như thế nào về việc nhường đường tại nơi 
đường giao nhau?","Theo quy định tại Điều 19 Luật Trật tự, an toàn giao thông đường bộ, khi đến gần đường giao nhau, người điều khiển phương tiện tham gia giao thông đường bộ phải quan sát, giảm tốc độ và nhường đường theo quy định sau:
- Tại nơi đường giao nhau giữa đường không ưu tiên với đường ưu tiên hoặc giữa đường nhánh với đường chính thì xe đi từ đường không ưu tiên hoặc đường nhánh phải nhường đường cho xe đi trên đường ưu tiên hoặc đường chính từ bất kỳ hướng nào tới;
- Tại nơi đường giao nhau không có báo hiệu đi theo vòng xuyến, phải nhường đường cho xe đi đến từ bên phải;
- Tại nơi đường giao nhau có báo hiệu đi theo vòng xuyến, phải nhường đường cho xe đi đến từ bên trái.",https://datafiles.hanoi.gov.vn/gov-hni/7608/VanBan/2026/1/5/document%20(6).pdf,
384,"Luật Trật tự, an toàn giao thông đường bộ quy định như thế nào 
đối với việc qua phà, qua cầu phao?","Theo Điều 23 Luật Trật tự, an toàn giao thông đường bộ việc qua phà, qua cầu phao được quy định như sau:- Khi đến bến phà, cầu phao, các xe phải xếp hàng theo quy định, không làm cản trở giao thông.- Các xe qua phà, qua cầu phao theo thứ tự ưu tiên từ trên xuống dưới như sau:
+ Xe ưu tiên;
+ Xe chở thư báo;
+ Xe chở thực phẩm tươi sống;
+ Xe chở khách công cộng.
Trong trường hợp các xe cùng thứ tự ưu tiên đến bến phà, cầu phao thì xe nào đến trước được qua trước.- Khi qua phà, phải chấp hành quy định sau đây:
+ Khi xe xuống phà, đang ở trên phà và khi lên bến, mọi người không được ở trên xe, trừ người lái xe, người điều khiển xe máy chuyên dùng, trẻ em, phụ nữ mang thai, người già yếu, người khuyết tật, người bệnh;
+ Khi xuống phà, xe cơ giới, xe máy chuyên dùng xuống trước, xe thô sơ, người đi bộ xuống sau; khi lên bến, người đi bộ lên trước, các phương tiện giao thông đường bộ lên sau theo hướng dẫn của người điều khiển giao thông.
- Khi qua cầu phao, phải chấp hành quy định sau đây:
+ Xe cơ giới, xe máy chuyên dùng phải đi theo một hàng theo chiều di chuyển, không gây cản trở người, phương tiện đi ngược chiều;
+ Xe thô sơ, người đi bộ phải đi sát về phía bên phải theo chiều đi của mình, không gây cản trở xe cơ giới, xe máy chuyên dùng;
+ Xe cơ giới, xe máy chuyên dùng, xe thô sơ, người đi bộ phải tuân thủ hướng dẫn của người điều khiển giao thông.",https://datafiles.hanoi.gov.vn/gov-hni/7608/VanBan/2026/1/5/document%20(6).pdf,
385,"Theo quy định của pháp luật, việc chấp hành giao thông tại 
đường ngang, cầu chung đường sắt được thực hiện như thế nào?","Theo Điều 24 Luật Trật tự, an toàn giao thông đường bộ, giao thông tại đường ngang, cầu chung đường sắt được thực hiện như sau:
- Khi có hiệu lệnh của nhân viên gác chắn, đèn đỏ sáng nhấp nháy, chuông kêu, chắn đường bộ đang dịch chuyển hoặc đã đóng, người tham gia giao thông đường bộ phải dừng lại về bên phải đường của mình, trước vạch dừng xe.
- Khi tới đường ngang không có người gác, chắn đường bộ, chuông, đèn tín hiệu, người tham gia giao thông đường bộ phải dừng lại về bên phải đường của mình, trước vạch dừng xe và quan sát hai phía, khi không có phương tiện giao thông đường sắt tới mới được đi qua.
- Khi phương tiện tham gia giao thông đường bộ bị hư hỏng, bị tai nạn hoặc hàng hóa rơi đổ trên đường ngang, cầu chung đường sắt mà không thể di chuyển ngay khỏi phạm vi an toàn đường sắt, người điều khiển phương tiện tham gia giao thông đường bộ và người có mặt phải ngay lập tức báo hiệu để dừng tàu, thực hiện các biện pháp bảo đảm an toàn.",https://datafiles.hanoi.gov.vn/gov-hni/7608/VanBan/2026/1/5/document%20(6).pdf,
386,"Khi tham gia giao thông trên đường cao tốc, người điều khiển phương tiện tham gia giao thông phải tuân thủ những quy tắc nào?","Theo Điều 25 Luật Trật tự, an toàn giao thông đường bộ, việc tham gia giao thông trên đường cao tốc được quy định như sau:
- Người lái xe, người điều khiển xe máy chuyên dùng trên đường cao tốc phải tuân thủ quy tắc giao thông đường bộ sau đây:
+ Trước khi nhập vào làn đường của đường cao tốc phải có tín hiệu xin vào và phải nhường đường cho xe đang chạy trên đường, quan sát xe phía sau bảo đảm khoảng cách an toàn mới cho xe nhập vào làn đường sát bên phải, nếu có làn đường tăng tốc thì phải cho xe chạy trên làn đường đó trước khi nhập vào làn đường của đường cao tốc;
+ Khi chuẩn bị ra khỏi đường cao tốc phải quan sát biển báo hiệu chỉ dẫn, thực hiện chuyển dần sang làn đường sát bên phải, nếu có làn đường giảm tốc thì phải cho xe di chuyển trên làn đường đó trước khi ra khỏi đường cao tốc;
+ Không được cho xe chạy ở làn dừng xe khẩn cấp và phần lề đường;
+ Các quy tắc giao thông đường bộ khác theo quy định.
- Chỉ được dừng xe, đỗ xe ở nơi quy định; trường hợp gặp sự cố kỹ thuật hoặc bất khả kháng khác buộc phải dừng xe, đỗ xe thì được dừng xe, đỗ xe ở làn dừng khẩn cấp cùng chiều xe chạy và phải có báo hiệu bằng đèn khẩn cấp; trường hợp xe không thể di chuyển được vào làn dừng khẩn cấp, phải có báo hiệu bằng đèn khẩn cấp và đặt biển hoặc đèn cảnh báo về phía sau xe khoảng cách tối thiểu 150 mét, nhanh chóng báo cho cơ quan Cảnh sát giao thông thực hiện nhiệm vụ bảo đảm trật tự, an toàn giao thông trên tuyến hoặc cơ quan quản lý đường cao tốc.
- Xe máy chuyên dùng có tốc độ thiết kế nhỏ hơn tốc độ tối thiểu quy định đối với đường cao tốc, xe chở người bốn bánh có gắn động cơ, xe chở hàng bốn bánh có gắn động cơ, xe mô tô, xe gắn máy, các loại xe tương tự xe mô tô, xe gắn máy, xe thô sơ, người đi bộ không được đi trên đường cao tốc, trừ người, phương tiện giao thông đường bộ và thiết bị phục vụ việc quản lý, bảo trì đường cao tốc.",https://datafiles.hanoi.gov.vn/gov-hni/7608/VanBan/2026/1/5/document%20(6).pdf,
387,"Khi tham gia giao thông trong hầm đường bộ, người điều khiển phương tiện tham gia giao thông phải tuân thủ những quy tắc nào?","Theo quy định tại Điều 26 Luật Trật tự, an toàn giao thông đường bộ, người điều khiển phương tiện tham gia giao thông đường bộ khi điều khiển phương tiện trong hầm đường bộ phải tuân thủ quy tắc giao thông đường bộ sau:
- Xe cơ giới, xe máy chuyên dùng phải bật đèn chiếu gần; xe thô sơ phải bật đèn hoặc có vật phát sáng báo hiệu;
- Không dừng xe, đỗ xe trong hầm đường bộ; trường hợp gặp sự cố kỹ thuật hoặc bất khả kháng khác buộc phải dừng xe, đỗ xe, người lái xe, người điều khiển xe máy chuyên dùng phải đưa xe vào vị trí dừng xe, đỗ xe khẩn cấp, nếu không di chuyển được, phải có báo hiệu bằng đèn khẩn cấp và đặt biển hoặc đèn cảnh báo về phía sau xe khoảng cách bảo đảm an toàn, nhanh chóng báo cho cơ quan Cảnh sát giao thông thực hiện nhiệm vụ bảo đảm trật tự, an toàn giao thông trên tuyến hoặc cơ quan quản lý hầm đường bộ;
- Các quy tắc giao thông đường bộ khác theo quy định.",https://datafiles.hanoi.gov.vn/gov-hni/7608/VanBan/2026/1/5/document%20(6).pdf,
388,Pháp luật quy định thế nào là xe ưu tiên? Thứ tự đi của xe ưu tiên?,"Theo khoản 1, 2 Điều 27 Luật Trật tự, an toàn giao thông đường bộ, xe ưu tiên được quy định như sau:- Xe ưu tiên gồm xe chữa cháy của Cảnh sát phòng cháy, chữa cháy và cứu nạn, cứu hộ và xe chữa cháy của các lực lượng khác được huy động đi làm nhiệm vụ chữa cháy; xe của lực lượng quân sự, công an và kiểm sát đi làm nhiệm vụ khẩn cấp; đoàn xe có xe Cảnh sát giao thông dẫn đường; xe cứu thương đi làm nhiệm vụ cấp cứu; xe hộ đê đi làm nhiệm vụ; xe đi làm nhiệm vụ cứu nạn, cứu hộ, khắc phục sự cố thiên tai, dịch bệnh hoặc xe đi làm nhiệm vụ trong tình trạng khẩn cấp theo quy định của pháp luật; đoàn xe tang.- Xe ưu tiên được quyền đi trước xe khác khi qua đường giao nhau từ bất kỳ hướng nào tới theo thứ tự ưu tiên từ trên xuống dưới như sau:
+ Xe chữa cháy của Cảnh sát phòng cháy, chữa cháy và cứu nạn, cứu hộ và xe chữa cháy của các lực lượng khác được huy động đi làm nhiệm vụ chữa cháy;
+ Xe của lực lượng quân sự, công an, kiểm sát đi làm nhiệm vụ khẩn cấp; đoàn xe có xe Cảnh sát giao thông dẫn đường;
+ Xe cứu thương đi làm nhiệm vụ cấp cứu;
+ Xe hộ đê đi làm nhiệm vụ; xe đi làm nhiệm vụ cứu nạn, cứu hộ, khắc phục sự cố thiên tai, dịch bệnh hoặc xe đi làm nhiệm vụ trong tình trạng khẩn cấp theo quy định của pháp luật;
+ Đoàn xe tang.",https://datafiles.hanoi.gov.vn/gov-hni/7608/VanBan/2026/1/5/document%20(6).pdf,
389,Pháp luật quy định xe ô tô chở hàng được chở người trên thùng xe trong trường hợp nào?,"Tại Điều 28 Luật Trật tự, an toàn giao thông đường bộ quy định chỉ được chở người trên thùng xe ô tô chở hàng trong trường hợp sau:
- Chở người đi làm nhiệm vụ cứu nạn, cứu hộ, phòng, chống thiên tai, dịch bệnh hoặc thực hiện nhiệm vụ khẩn cấp; chở người bị nạn đi cấp cứu; đưa người ra khỏi khu vực nguy hiểm hoặc trong trường hợp khẩn cấp khác theo quy định của pháp luật;
- Chở người thuộc lực lượng vũ trang nhân dân đi làm nhiệm vụ khẩn cấp;
-Chở người đi thực hành lái xe trên xe tập lái; chở người dự sát hạch lái xe trên xe sát hạch; chở công nhân đang làm nhiệm vụ duy tu, bảo dưỡng đường bộ;
- Chở người diễu hành theo đoàn khi được cơ quan có thẩm quyền cho phép. Xe ô tô chở hàng mà chở người trong các trường hợp trên phải bảo đảm an toàn khi tham gia giao thông đường bộ.",https://datafiles.hanoi.gov.vn/gov-hni/7608/VanBan/2026/1/5/document%20(6).pdf,
390,Pháp luật quy định như thế nào đối với người đi bộ tham gia giao thông đường bộ?,"Theo quy định tại Khoản 1 Điều 30 Luật Trật tự, an toàn giao thông đường bộ, người đi bộ phải tuân thủ các quy định sau:
- Phải đi trên vỉa hè, lề đường, đường dành riêng cho người đi bộ; trường hợp đường không có vỉa hè, lề đường, đường dành riêng cho người đi bộ thì người đi bộ phải đi sát mép đường bên phải theo chiều đi của mình;
- Chỉ được qua đường ở những nơi có đèn tín hiệu, có vạch kẻ đường hoặc có cầu vượt, hầm dành cho người đi bộ và phải tuân thủ tín hiệu chỉ dẫn, báo hiệu đường bộ. Trường hợp không có đèn tín hiệu, vạch kẻ đường, cầu vượt, hầm dành cho người đi bộ thì phải quan sát các xe đang đi tới, chỉ qua đường khi bảo đảm an toàn, khi qua đường phải có tín hiệu bằng tay;
- Không được vượt qua dải phân cách, đu, bám vào phương tiện giao thông đường bộ đang di chuyển; khi mang, vác vật cồng kềnh phải bảo đảm an toàn và không gây trở ngại cho người và phương tiện tham gia giao thông đường bộ.",https://datafiles.hanoi.gov.vn/gov-hni/7608/VanBan/2026/1/5/document%20(6).pdf,
391,"Pháp luật quy định như thế nào đối với trẻ em, phụ nữ mang thai, người già yếu, người khuyết tật, người mất năng lực hành vi dân sự tham gia giao thông đường bộ?","Theo Khoản 2 Điều 30 Luật Trật tự, an toàn giao thông đường bộ, trẻ em, phụ nữ mang thai, người già yếu, người khuyết tật, người mất năng lực hành vi dân sự tham gia giao thông đường bộ được quy định như sau:
- Trẻ em dưới 07 tuổi khi đi qua đường phải có người lớn dẫn dắt;
- Người khuyết tật sử dụng xe lăn có động cơ hoặc không có động cơ phải đi trên vỉa hè, lề đường và nơi có vạch kẻ đường dành cho người đi bộ và xe thô sơ;
- Người khiếm thị khi đi trên đường bộ phải có người dẫn dắt hoặc có công cụ để báo hiệu cho người khác nhận biết là người khiếm thị;
- Người mất năng lực hành vi dân sự khi đi trên đường bộ phải có người dẫn dắt;
- Mọi người có trách nhiệm giúp đỡ trẻ em dưới 07 tuổi, phụ nữ mang thai, người già yếu, người khuyết tật, người mất năng lực hành vi dân sự khi đi qua đường.",https://datafiles.hanoi.gov.vn/gov-hni/7608/VanBan/2026/1/5/document%20(6).pdf,
392,"Người điều khiển xe đạp, xe đạp máy khi tham gia giao thông đường bộ được chở mấy người? Người điều khiển, người được chở trên xe đạp máy có phải độ mũ bảo hiểm không?","Tại Khoản 1 Điều 31 Luật Trật tự, an toàn giao thông đường bộ quy định: Người điều khiển xe đạp, xe đạp máy chỉ được chở một người, trừ trường hợp chở thêm một trẻ em dưới 07 tuổi thì được chở tối đa hai người.Tại Khoản 3 Điều 31 Luật Trật tự, an toàn giao thông đường bộ quy định: Người điều khiển, người được chở trên xe đạp máy phải đội mũ bảo hiểm theo đúng quy chuẩn kỹ thuật quốc gia và cài quai đúng quy cách.",https://datafiles.hanoi.gov.vn/gov-hni/7608/VanBan/2026/1/5/document%20(6).pdf,
393,"Pháp luật quy định như thế nào đối với người điều khiển, dẫn dắt vật nuôi, điều khiển xe vật nuôi kéo đi trên đường bộ?","Tại Điều 32 Luật Trật tự, an toàn giao thông đường bộ quy định: Người điều khiển, dẫn dắt vật nuôi, điều khiển xe vật nuôi kéo đi trên đường bộ phải cho vật nuôi đi sát mép đường bên phải; trường hợp cần cho vật nuôi đi ngang qua đường thì phải quan sát và chỉ được đi qua đường khi có đủ điều kiện an toàn; không được gây cản trở cho người và phương tiện tham gia giao thông đường bộ khác. Không được điều khiển, dẫn dắt vật nuôi, điều khiển xe vật nuôi kéo đi vào làn đường dành cho xe cơ giới. Không được thả vật nuôi trên đường bộ.",https://datafiles.hanoi.gov.vn/gov-hni/7608/VanBan/2026/1/5/document%20(6).pdf,
394,"Pháp luật quy định như thế nào đối với người lái xe, người được chở, hàng hóa xếp trên xe mô tô, xe gắn máy tham gia giao thông đường bộ?","Theo Điều 33 Luật Trật tự, an toàn giao thông đường bộ, quy định như sau:- Người lái xe mô tô hai bánh, xe gắn máy chỉ được chở một người, trừ những trường hợp sau thì được chở tối đa hai người:
+ Chở người bệnh đi cấp cứu;
+ Áp giải người có hành vi vi phạm pháp luật;
+ Trẻ em dưới 12 tuổi;
+ Người già yếu hoặc người khuyết tật.- Người lái xe, người được chở trên xe mô tô hai bánh, xe mô tô ba bánh, xe gắn máy phải đội mũ bảo hiểm theo đúng quy chuẩn kỹ thuật quốc gia và cài quai đúng quy cách.- Người lái xe mô tô hai bánh, xe mô tô ba bánh, xe gắn máy không được thực hiện các hành vi sau đây:
+ Đi xe dàn hàng ngang;
+ Đi xe vào phần đường dành cho người đi bộ và phương tiện khác;
+ Sử dụng ô, thiết bị âm thanh, trừ thiết bị trợ thính;
+ Buông cả hai tay; đi xe bằng một bánh đối với xe mô tô, xe gắn máy hai bánh; đi xe bằng hai bánh đối với xe mô tô, xe gắn máy ba bánh;
+ Sử dụng xe để kéo, đẩy xe khác, vật khác, dẫn dắt vật nuôi, mang, vác và chở vật cồng kềnh; chở người đứng trên xe, giá đèo hàng hoặc ngồi trên tay lái; xếp hàng hóa trên xe quá giới hạn quy định;
+ Ngồi về một bên điều khiển xe; đứng, nằm trên xe điều khiển xe; thay người lái xe khi xe đang chạy; quay người về phía sau để điều khiển xe hoặc bịt mắt điều khiển xe; sử dụng chân chống hoặc vật khác quệt xuống đường khi xe đang chạy;
+ Hành vi khác gây mất trật tự, an toàn giao thông đường bộ.- Người được chở trên xe mô tô hai bánh, xe mô tô ba bánh, xe gắn máy khi tham gia giao thông đường bộ không được thực hiện các hành vi sau đây:
+ Mang, vác vật cồng kềnh;
+ Sử dụng ô;
+ Bám, kéo hoặc đẩy các phương tiện khác;
+ Đứng trên yên, giá đèo hàng hoặc ngồi trên tay lái;
+ Hành vi khác gây mất trật tự, an toàn giao thông đường bộ.- Xe mô tô, xe gắn máy không được xếp hàng hóa vượt quá chiều rộng giá đèo hàng về mỗi bên 0,3 mét, vượt quá về phía sau giá đèo hàng 0,5 mét theo thiết kế của nhà sản xuất; chiều cao xếp hàng hóa tính từ mặt đường xe chạy không vượt quá 02 mét.",https://datafiles.hanoi.gov.vn/gov-hni/7608/VanBan/2026/1/5/document%20(6).pdf,
395,"Theo Luật Trật tự, an toàn giao thông đường bộ, xe cơ giới gồm những loại xe nào?","Theo quy định tại Khoản 1 Điều 34 Luật Trật tự, an toàn giao thông đường bộ, xe cơ giới bao gồm:
- Xe ô tô gồm: xe có từ bốn bánh trở lên chạy bằng động cơ, được thiết kế, sản xuất để hoạt động trên đường bộ, không chạy trên đường ray, dùng để chở người, hàng hóa, kéo rơ moóc, kéo sơ mi rơ moóc hoặc được kết cấu để thực hiện chức năng, công dụng đặc biệt, có thể được nối với đường dây dẫn điện; xe ba bánh có khối lượng bản thân lớn hơn 400 kg; xe ô tô không bao gồm xe chở người bốn bánh có gắn động cơ và xe chở hàng bốn bánh có gắn động cơ;
- Rơ moóc là xe không có động cơ để di chuyển, được thiết kế, sản xuất để hoạt động trên đường bộ, được kéo bởi xe ô tô; phần chủ yếu của khối lượng toàn bộ rơ moóc không đặt lên xe kéo;
- Sơ mi rơ moóc là xe không có động cơ để di chuyển, được thiết kế, sản xuất để hoạt động trên đường bộ; được kéo bởi xe ô tô đầu kéo và có một phần đáng kể khối lượng toàn bộ đặt lên xe ô tô đầu kéo;
- Xe chở người bốn bánh có gắn động cơ là xe có từ bốn bánh trở lên, chạy bằng động cơ, được thiết kế, sản xuất để hoạt động trên đường bộ, có kết cấu để chở người, vận tốc thiết kế không lớn hơn 30 km/h, số người cho phép chở tối đa 15 người (không kể người lái xe);
- Xe chở hàng bốn bánh có gắn động cơ là xe có từ bốn bánh trở lên, chạy bằng động cơ, được thiết kế, sản xuất để hoạt động trên đường bộ, có kết cấu để chở hàng, có phần động cơ và thùng hàng lắp trên cùng một khung xe, có tối đa hai hàng ghế và chở tối đa 05 người (không kể người lái xe), vận tốc thiết kế không lớn hơn 60 km/h và khối lượng bản thân không lớn hơn 550 kg; trường hợp xe sử dụng động cơ điện thì có công suất động cơ không lớn hơn 15 kW;
- Xe mô tô gồm: xe có hai hoặc ba bánh chạy bằng động cơ, được thiết kế, sản xuất để hoạt động trên đường bộ, trừ xe gắn máy; đối với xe ba bánh thì khối lượng bản thân không lớn hơn 400 kg;
- Xe gắn máy là xe có hai hoặc ba bánh chạy bằng động cơ, được thiết kế, sản xuất để hoạt động trên đường bộ, có vận tốc thiết kế không lớn hơn 50 km/h; nếu động cơ dẫn động là động cơ nhiệt thì dung tích làm việc hoặc dung tích tương đương không lớn hơn 50 cm3; nếu động cơ dẫn động là động cơ điện thì công suất của động cơ không lớn hơn 04 kW; xe gắn máy không bao gồm xe đạp máy;
- Xe tương tự các loại xe quy định nêu trên.",https://datafiles.hanoi.gov.vn/gov-hni/7608/VanBan/2026/1/5/document%20(6).pdf,
396,"Theo Luật Trật tự, an toàn giao thông đường bộ, loại xe nào được gọi là xe thô sơ?","Theo quy định tại Khoản 2 Điều 34 Luật Trật tự, an toàn giao thông đường bộ, xe thô sơ bao gồm:
- Xe đạp là xe có ít nhất hai bánh và vận hành do sức người thông qua bàn đạp hoặc tay quay;
- Xe đạp máy, gồm cả xe đạp điện, là xe đạp có trợ lực từ động cơ, nguồn động lực từ động cơ bị ngắt khi người lái xe dừng đạp hoặc khi xe đạt tới tốc độ 25 km/h;
- Xe xích lô;- Xe lăn dùng cho người khuyết tật;
- Xe vật nuôi kéo;
- Xe tương tự các loại xe quy định nêu trên.",https://datafiles.hanoi.gov.vn/gov-hni/7608/VanBan/2026/1/5/document%20(6).pdf,
397,"Theo Luật Trật tự, an toàn giao thông đường bộ, xe máy chuyên dùng gồm những loại xe nào?","Theo quy định tại Khoản 3 Điều 34 Luật Trật tự, an toàn giao thông đường bộ, xe máy chuyên dùng bao gồm:
- Xe máy thi công;
- Xe máy nông nghiệp, lâm nghiệp;
- Máy kéo;
- Rơ moóc, sơ mi rơ moóc được kéo bởi máy kéo;
- Xe máy thực hiện chức năng, công dụng đặc biệt;
- Các loại xe đặc chủng sử dụng vào mục đích quốc phòng, an ninh có tham gia giao thông đường bộ.",https://datafiles.hanoi.gov.vn/gov-hni/7608/VanBan/2026/1/5/document%20(6).pdf,
398,Theo quy định của pháp luật thế nào là phương tiện giao thông thông minh?,"Tại Khoản 4 Điều 34 Luật Trật tự, an toàn giao thông đường bộ quy định: Phương tiện giao thông thông minh là xe cơ giới cho phép tự động hóa một phần hoặc toàn bộ hoạt động điều khiển phương tiện, xác định lộ trình và xử lý tình huống khi tham gia giao thông đường bộ.",https://datafiles.hanoi.gov.vn/gov-hni/7608/VanBan/2026/1/5/document%20(6).pdf,
399, Pháp luật quy định xe ô tô kinh doanh vận tải tham gia giao thông đường bộ phải đáp ứng những điều kiện gì?,"Tại Khoản 2 Điều 35 Luật Trật tự, an toàn giao thông đường bộ quy định: Xe ô tô kinh doanh vận tải phải lắp thiết bị giám sát hành trình. Xe ô tô chở người từ 08 chỗ trở lên (không kể chỗ của người lái xe) kinh doanh vận tải, xe ô tô đầu kéo, xe cứu thương phải lắp thiết bị giám sát hành trình và thiết bị ghi nhận hình ảnh người lái xe.",https://datafiles.hanoi.gov.vn/gov-hni/7608/VanBan/2026/1/5/document%20(6).pdf,
400,Người trúng đấu giá biển số xe có những quyền và nghĩa vụ gì?,"* Theo quy định tại Khoản 1 Điều 38 Luật Trật tự, an toàn giao thông đường bộ, người trúng đấu giá biển số xe có quyền sau:
- Được cấp quyết định xác nhận biển số xe trúng đấu giá sau khi nộp đủ số tiền trúng đấu giá;
- Được đăng ký biển số xe trúng đấu giá gắn với phương tiện thuộc sở hữu của mình tại cơ quan Công an nơi quản lý biển số xe trúng đấu giá hoặc nơi thường trú, tạm trú của cá nhân, trụ sở của tổ chức trúng đấu giá;
- Được chuyển nhượng, trao đổi, tặng cho, để thừa kế xe gắn với biển số xe trúng đấu giá;
- Trong thời hạn 30 ngày kể từ ngày có thông báo kết quả trúng đấu giá mà chưa được cấp quyết định xác nhận biển số xe trúng đấu giá, nếu người trúng đấu giá chết thì kết quả trúng đấu giá sẽ bị hủy, người thừa kế theo quy định của pháp luật về thừa kế được nhận đủ số tiền trúng đấu giá mà người trúng đấu giá đã nộp;
- Trong thời hạn 12 tháng kể từ ngày được cấp quyết định xác nhận biển số xe trúng đấu giá, nếu người trúng đấu giá chết nhưng chưa thực hiện thủ tục đăng ký xe để gắn biển số xe trúng đấu giá thì kết quả trúng đấu giá sẽ bị hủy, người thừa kế theo quy định của pháp luật về thừa kế được nhận đủ số tiền trúng đấu giá mà người trúng đấu giá đã nộp.
* Theo quy định tại Khoản 2 Điều 38 Luật Trật tự, an toàn giao thông đường bộ, người trúng đấu giá biển số xe có nghĩa vụ sau:
- Nộp đủ số tiền trúng đấu giá trong thời hạn 30 ngày kể từ ngày có thông báo kết quả trúng đấu giá; tiền trúng đấu giá không bao gồm lệ phí đăng ký, cấp biển số xe. Sau thời hạn quy định, người trúng đấu giá biển số xe không nộp hoặc nộp không đủ tiền trúng đấu giá thì biển số xe trúng đấu giá được đấu giá lại hoặc chuyển vào hệ thống đăng ký, quản lý xe và người trúng đấu giá không được hoàn trả số tiền đặt trước, số tiền đã nộp, không được tham gia đấu giá biển số xe trong thời hạn 12 tháng kể từ ngày có thông báo kết quả trúng đấu giá;
- Thực hiện thủ tục đăng ký xe để gắn biển số xe trúng đấu giá trong thời hạn 12 tháng kể từ ngày được cấp quyết định xác nhận biển số xe trúng đấu giá; trường hợp sự kiện bất khả kháng hoặc trở ngại khách quan thì thời hạn này được kéo dài thêm nhưng tối đa không quá 06 tháng. Sau thời hạn quy định, người trúng đấu giá biển số xe không thực hiện thủ tục đăng ký xe để gắn biển số xe trúng đấu giá thì biển số xe trúng đấu giá được đấu giá lại hoặc chuyển vào hệ thống đăng ký, quản lý xe và người trúng đấu giá không được hoàn trả số tiền trúng đấu giá đã nộp;
- Không được chuyển nhượng, trao đổi, tặng cho, để thừa kế biển số xe trúng đấu giá, trừ trường hợp xe gắn với biển số xe trúng đấu giá.",https://datafiles.hanoi.gov.vn/gov-hni/7608/VanBan/2026/1/5/document%20(6).pdf,
401,Pháp luật quy định như thế nào về niên hạn sử dụng của xe cơ giới?,"Tại Điều 40 Luật Trật tự, an toàn giao thông đường bộ quy định: Niên hạn sử dụng của xe cơ giới được tính bắt đầu từ năm sản xuất xe đến hết ngày 31 tháng 12 của năm hết niên hạn sử dụng.* Niên hạn sử dụng của xe cải tạo được quy định như sau:
- Xe có niên hạn sử dụng cải tạo thành xe không có niên hạn sử dụng thì áp dụng quy định về niên hạn của xe trước khi cải tạo;
- Xe không có niên hạn sử dụng cải tạo thành xe có niên hạn sử dụng thì áp dụng quy định về niên hạn của xe sau khi cải tạo;
- Xe ô tô chở người có số người cho phép chở từ 09 người trở lên (không kể người lái xe), xe ô tô chở người chuyên dùng cải tạo thành xe ô tô chở hàng (kể cả xe ô tô chở hàng chuyên dùng); xe chở người bốn bánh có gắn động cơ cải tạo thành xe chở hàng bốn bánh có gắn động cơ thì được áp dụng quy định về niên hạn của xe sau cải tạo.* Các trường hợp xe cơ giới không áp dụng niên hạn sử dụng bao gồm:
- Xe mô tô, xe gắn máy, xe ô tô chở người có số người cho phép chở đến 08 người (không kể người lái xe), xe ô tô chuyên dùng, rơ moóc, sơ mi rơ moóc;
- Xe cơ giới của quân đội, công an phục vụ mục đích quốc phòng, an ninh.",https://datafiles.hanoi.gov.vn/gov-hni/7608/VanBan/2026/1/5/document%20(6).pdf,
402,"Việc bảo đảm an toàn kỹ thuật và bảo vệ môi trường của xe cơ giới, xe máy chuyên dùng tham gia giao thông đường bộ được pháp luật quy định như thế nào?","Theo Khoản 1 Điều 42 Luật Trật tự, an toàn giao thông đường bộ, việc bảo đảm an toàn kỹ thuật và bảo vệ môi trường của xe cơ giới, xe máy chuyên dùng tham gia giao thông đường bộ được quy định như sau:
- Xe cơ giới, xe máy chuyên dùng tham gia giao thông đường bộ phải được kiểm định theo quy định của pháp luật.
- Việc kiểm định đối với xe mô tô, xe gắn máy chỉ thực hiện kiểm định khí thải. Việc kiểm định khí thải thực hiện theo quy định của pháp luật về bảo vệ môi trường được thực hiện tại các cơ sở kiểm định khí thải đáp ứng quy chuẩn kỹ thuật quốc gia.
- Xe cơ giới, xe máy chuyên dùng có chứng nhận về an toàn kỹ thuật và bảo vệ môi trường của cơ sở đăng kiểm phương tiện hoặc chứng nhận về kiểm tra xuất xưởng của nhà sản xuất thì không phải kiểm định trong trường hợp di chuyển từ cửa khẩu, nơi sản xuất, lắp ráp tới kho, cảng, cửa hàng hoặc ngược lại.
- Việc kiểm định an toàn kỹ thuật và bảo vệ môi trường của xe cơ giới, xe máy chuyên dùng do đăng kiểm viên của cơ sở đăng kiểm thực hiện và được cơ sở đăng kiểm cấp giấy chứng nhận kiểm định.",https://datafiles.hanoi.gov.vn/gov-hni/7608/VanBan/2026/1/5/document%20(6).pdf,
403,"Pháp luật quy định như thế nào đối với chủ xe cơ giới, xe máy chuyên dùng và người điều khiển xe cơ giới, xe máy chuyên dùng khi tham gia giao thông đường bộ?","Tại Khoản 2 Điều 43 Luật Trật tự, an toàn giao thông đường bộ quy định: 
Trách nhiệm của chủ xe cơ giới, xe máy chuyên dùng và người điều khiển xe cơ giới, xe máy chuyên dùng được quy định như sau:
- Chấp hành các quy định về cấp, thu hồi chứng nhận đăng ký xe, biển số xe, kiểm định an toàn kỹ thuật và bảo vệ môi trường của xe cơ giới, xe máy chuyên dùng;
- Phải bảo dưỡng, sửa chữa để bảo đảm duy trì tình trạng kỹ thuật của phương tiện; chịu trách nhiệm theo quy định của pháp luật đối với hành vi đưa phương tiện không bảo đảm an toàn kỹ thuật và bảo vệ môi trường tham gia giao thông đường bộ;
- Tổ chức, cá nhân đứng tên trong giấy chứng nhận đăng ký xe tiếp tục chịu trách nhiệm của chủ xe khi chưa thực hiện thu hồi chứng nhận đăng ký xe, biển số xe đối với trường hợp phải thu hồi theo quy định;
- Tổ chức, cá nhân vi phạm pháp luật về trật tự, an toàn giao thông đường bộ mà chưa thực hiện xong yêu cầu của cơ quan nhà nước có thẩm quyền về giải quyết vụ việc vi phạm hành chính trong lĩnh vực trật tự, an toàn giao thông đường bộ thì chưa được giải quyết việc đăng ký, đăng kiểm phương tiện vi phạm;- Chấp hành quy định khác của pháp luật khi tham gia giao thông đường bộ.",https://datafiles.hanoi.gov.vn/gov-hni/7608/VanBan/2026/1/5/document%20(6).pdf,
404,"Pháp luật quy định như thế nào về việc bảo đảm trật tự, an toàn giao thông đường bộ đối với phương tiện vận tải đường bộ trong đô thị?","Theo Điều 44 Luật Trật tự, an toàn giao thông đường bộ, việc bảo đảm trật tự, an toàn giao thông đường bộ đối với phương tiện vận tải đường bộ trong đô thị được quy định như sau:
- Xe buýt, xe chở người bốn bánh có gắn động cơ phải hoạt động đúng tuyến, đúng lịch trình, thời gian được phép hoạt động và dừng xe, đỗ xe đúng nơi quy định.- Xe taxi đón, trả hành khách theo thỏa thuận giữa hành khách và người lái xe nhưng phải chấp hành các quy định của pháp luật về trật tự, an toàn giao thông đường bộ khi đón, trả hành khách.
- Xe chở hàng phải hoạt động đúng tuyến, phạm vi và thời gian quy định đối với từng loại xe.
- Xe vệ sinh môi trường, xe ô tô chở vật liệu xây dựng, phế thải rời phải được che phủ kín, không để rơi vãi trên đường phố và có thời gian hoạt động theo quy định của Ủy ban nhân dân cấp tỉnh.
- Ủy ban nhân dân cấp tỉnh quy định về hoạt động vận tải đường bộ trong đô thị và tỷ lệ phương tiện vận chuyển hành khách công cộng có thiết bị hỗ trợ cho người khuyết tật trong đô thị.",https://datafiles.hanoi.gov.vn/gov-hni/7608/VanBan/2026/1/5/document%20(6).pdf,
405,"Pháp luật quy định như thế nào về việc bảo đảm trật tự, an toàn giao thông đường bộ đối với xe ô tô vận chuyển hành khách?","Theo Điều 45 Luật Trật tự, an toàn giao thông đường bộ, việc bảo đảm trật tự, an toàn giao thông đường bộ đối với xe ô tô vận chuyển hành khách được quy định như sau:
- Việc vận chuyển hành khách bằng xe ô tô phải tuân thủ các quy định sau đây:
+ Đón, trả hành khách đúng nơi quy định; hướng dẫn sử dụng trang thiết bị an toàn trên xe; có biện pháp giữ gìn vệ sinh trong xe;
+ Vận chuyển hành khách đúng lịch trình, lộ trình đã đăng ký, trừ trường hợp bất khả kháng;
+ Không chở hành khách trên nóc xe, trong khoang chở hành lý hoặc để hành khách đu, bám bên ngoài xe;
+ Không chở hàng hóa nguy hiểm, hàng hóa cấm lưu hành, hàng lậu, động vật hoang dã, hàng có mùi hôi thối hoặc động vật, hàng hóa khác có ảnh hưởng đến sức khỏe của hành khách, môi trường;
+ Không chở quá số người, chở hành lý, hàng hóa vượt quá khối lượng cho phép hoặc vi phạm quy định khác của pháp luật;
+ Không chở hàng hóa trong khoang chở hành khách.
- Người lái xe, nhân viên phục vụ trên xe ô tô vận chuyển hành khách có trách nhiệm sau đây:
+ Thực hiện quy định của pháp luật về việc vận chuyển hành khách bằng xe ô tô;
+ Trước khi cho xe khởi hành phải kiểm tra các điều kiện bảo đảm an toàn của xe, hướng dẫn cho hành khách về an toàn giao thông đường bộ và thoát hiểm khi gặp sự cố;
+ Hướng dẫn, yêu cầu, kiểm tra người trên xe ô tô phải thắt dây đai an toàn tại những chỗ có trang bị dây đai an toàn khi tham gia giao thông đường bộ.
+ Kiểm tra việc sắp xếp, chằng buộc hành lý, hàng hóa bảo đảm an toàn;
+ Giữ gìn trật tự, vệ sinh trong xe;
+ Phối hợp thực hiện các nhiệm vụ khác theo yêu cầu của cơ quan Công an trong công tác bảo vệ an ninh quốc gia, bảo đảm trật tự, an toàn xã hội;
+ Thực hiện các quy tắc giao thông đường bộ khác theo quy định.",https://datafiles.hanoi.gov.vn/gov-hni/7608/VanBan/2026/1/5/document%20(6).pdf,
406,"Pháp luật quy định như thế nào về việc bảo đảm trật tự, an toàn giao thông đường bộ đối với xe ô tô chở trẻ em mầm non, học sinh?","Theo Điều 46 Luật Trật tự, an toàn giao thông đường bộ, việc đảm trật tự, an toàn giao thông đường bộ đối với xe ô tô chở trẻ em mầm non, học sinh được quy định như sau:
- Xe ô tô kinh doanh vận tải chở trẻ em mầm non, học sinh phải đáp ứng các yêu cầu sau đây:
+ Bảo đảm các điều kiện quy theo định, cụ thể: Được cấp chứng nhận đăng ký xe và gắn biển số xe theo quy định của pháp luật; Bảo đảm chất lượng an toàn kỹ thuật và bảo vệ môi trường theo quy định của pháp luật; Phải lắp thiết bị giám sát hành trình. Xe ô tô chở người từ 08 chỗ trở lên (không kể chỗ của người lái xe) kinh doanh vận tải phải lắp thiết bị giám sát hành trình và thiết bị ghi nhận hình ảnh người lái xe; có thiết bị ghi nhận hình ảnh trẻ em mầm non, học sinh và thiết bị có chức năng cảnh báo, chống bỏ quên trẻ em trên xe; có niên hạn sử dụng không quá 20 năm; có màu sơn theo quy định của Chính phủ;
+ Xe ô tô chở trẻ em mầm non hoặc học sinh tiểu học phải có dây đai an toàn phù hợp với lứa tuổi hoặc sử dụng xe có ghế ngồi phù hợp với lứa tuổi theo quy định của pháp luật.
- Xe ô tô kinh doanh vận tải kết hợp với hoạt động đưa đón trẻ em mầm non, học sinh phải đáp ứng các yêu cầu theo quy định, cụ thể: Khi chở trẻ em dưới 10 tuổi và chiều cao dưới 1,35 mét trên xe ô tô không được cho trẻ em ngồi cùng hàng ghế với người lái xe, trừ loại xe ô tô chỉ có một hàng ghế; người lái xe phải sử dụng, hướng dẫn sử dụng thiết bị an toàn phù hợp cho trẻ em.Được cấp chứng nhận đăng ký xe và gắn biển số xe theo quy định của pháp luật; Bảo đảm chất lượng an toàn kỹ thuật và bảo vệ môi trường theo quy định của pháp luật; Phải lắp thiết bị giám sát hành trình. Xe ô tô chở người từ 08 chỗ trở lên (không kể chỗ của người lái xe) kinh doanh vận tải phải lắp thiết bị giám sát hành trình và thiết bị ghi nhận hình ảnh người lái xe; có thiết bị ghi nhận hình ảnh trẻ em mầm non, học sinh và thiết bị có chức năng cảnh báo, chống bỏ quên trẻ em trên xe đáp ứng yêu cầu theo quy định.
- Khi đưa đón trẻ em mầm non, học sinh tiểu học phải bố trí tối thiểu 01 người quản lý trên mỗi xe ô tô để hướng dẫn, giám sát, duy trì trật tự và bảo đảm an toàn cho trẻ em mầm non, học sinh tiểu học trong suốt chuyến đi. Trường hợp xe từ 29 chỗ trở lên (không kể chỗ của người lái xe) mà chở từ 27 trẻ em mầm non và học sinh tiểu học trở lên phải bố trí tối thiểu 02 người quản lý trên mỗi xe ô tô. Người quản lý, người lái xe có trách nhiệm kiểm tra trẻ em mầm non, học sinh tiểu học khi xuống xe; không được để trẻ em mầm non, học sinh tiểu học trên xe khi người quản lý và người lái xe đã rời xe.
- Người lái xe ô tô đưa đón trẻ em mầm non, học sinh phải có tối thiểu 02 năm kinh nghiệm lái xe vận tải hành khách.- Cơ sở giáo dục phải xây dựng quy trình bảo đảm an toàn khi đưa đón trẻ em mầm non, học sinh; hướng dẫn cho lái xe và người quản lý trẻ em mầm non, học sinh nắm vững và thực hiện đúng quy trình; chịu trách nhiệm bảo đảm trật tự, an toàn giao thông đường bộ khi tổ chức đưa đón trẻ em mầm non, học sinh của cơ sở giáo dục đó.- Xe đưa đón trẻ em mầm non, học sinh được ưu tiên trong tổ chức phân luồng, điều tiết giao thông, bố trí nơi dừng xe, đỗ xe tại khu vực trường học và tại các điểm 
trên lộ trình đưa đón trẻ em mầm non, học sinh.",https://datafiles.hanoi.gov.vn/gov-hni/7608/VanBan/2026/1/5/document%20(6).pdf,
407,"Để bảo đảm trật tự, an toàn giao thông đường bộ việc sử dụng xe mô tô, xe gắn máy, xe thô sơ để vận chuyển hành khách, hàng hóa được pháp luật quy định như thế nào?","Theo Khoản 1 Điều 47 Luật Trật tự, an toàn giao thông đường bộ, việc sử dụng xe mô tô, xe gắn máy, xe thô sơ để vận chuyển hành khách, hàng hóa phải thực hiện các quy định sau:
- Kiểm tra điều kiện bảo đảm an toàn của xe trước khi tham gia giao thông đường bộ;
- Khi vận chuyển hàng hóa, người lái xe phải mang đủ giấy tờ theo quy định của pháp luật;
- Kiểm tra việc sắp xếp hàng hóa bảo đảm an toàn; không chở quá số người, chở hành lý, hàng hoá vượt quá khối lượng cho phép hoặc vượt quá khổ giới hạn của xe;
- Hàng hóa vận chuyển trên xe phải được sắp xếp gọn gàng và chằng buộc chắc chắn, bảo đảm không gây nguy hiểm cho người và phương tiện tham gia giao thông đường bộ; không cản trở tầm nhìn của người lái xe; không được che khuất đèn, biển số xe;
- Khi vận chuyển hàng rời, vật liệu xây dựng, phế thải không để rơi vãi xuống đường hoặc gây ra tiếng ồn, bụi bẩn trong suốt quá trình vận chuyển trên đường;
- Khi vận chuyển hàng hoá xếp vượt phía trước và phía sau xe thì ban ngày phải có báo hiệu màu đỏ tại điểm đầu và điểm cuối cùng của hàng hoá, ban đêm hoặc khi trời tối phải có đèn hoặc báo hiệu cho người tham gia giao thông đường bộ để nhận biết.",https://datafiles.hanoi.gov.vn/gov-hni/7608/VanBan/2026/1/5/document%20(6).pdf,
408,"Để bảo đảm trật tự, an toàn giao thông đường bộ việc sử dụng xe bốn bánh có gắn động cơ vận chuyển hành khách, hàng hóa cần phải đáp ứng những yêu cầu nào?","Theo quy định tại Khoản 1 Điều 48 Luật Trật tự, an toàn giao thông đường bộ, xe bốn bánh có gắn động cơ vận chuyển hành khách, hàng hóa phải đáp ứng các yêu cầu sau:
- Được cấp chứng nhận đăng ký xe và gắn biển số xe; bảo đảm chất lượng an toàn kỹ thuật và bảo vệ môi trường theo quy định của pháp luật;
- Niêm yết tên và số điện thoại của tổ chức, cá nhân kinh doanh vận tải; niêm yết giá cước vận tải đối với vận chuyển hành khách;
- Bảo đảm đúng thời gian và phạm vi hoạt động.",https://datafiles.hanoi.gov.vn/gov-hni/7608/VanBan/2026/1/5/document%20(6).pdf,
409," Khi vận chuyển hàng hoá bằng xe ô tô, người lái xe cần phải thực hiện theo những quy định nào của pháp luật?","Theo quy định tại Khoản 1 Điều 49 Luật Trật tự, an toàn giao thông đường bộ, khi vận chuyển hàng hoá bằng xe ô tô, người lái xe phải thực hiện các quy định sau:
- Mang đủ giấy tờ theo quy định của pháp luật;- Kiểm tra các điều kiện bảo đảm an toàn của xe trước khi tham gia giao thông đường bộ;
- Kiểm tra việc sắp xếp hàng hóa bảo đảm an toàn; không chở hàng hoá vượt quá khối lượng cho phép hoặc vượt quá khổ giới hạn của xe;
- Hàng hóa vận chuyển trên xe phải được sắp xếp gọn gàng, chằng buộc chắc chắn, bảo đảm an toàn theo quy định của Bộ trưởng Bộ Giao thông vận tải;
- Khi vận chuyển hàng rời, vật liệu xây dựng, phế thải phải che đậy kín, không để rơi vãi xuống đường, gây ra tiếng ồn hoặc bụi bẩn trong suốt quá trình vận chuyển trên đường và chiều cao tối đa của hàng hóa phải thấp hơn mép trên thành thùng xe tối thiểu 10 cm;
- Khi vận chuyển hàng hoá xếp vượt phía trước và phía sau xe thì ban ngày phải có báo hiệu màu đỏ tại điểm đầu và điểm cuối cùng của hàng hoá, ban đêm hoặc khi trời tối phải có đèn hoặc báo hiệu cho người tham gia giao thông đường bộ để nhận biết.",https://datafiles.hanoi.gov.vn/gov-hni/7608/VanBan/2026/1/5/document%20(6).pdf,
410,"Pháp luật quy định như thế nào về việc bảo đảm trật tự, an toàn giao thông đường bộ đối với phương tiện giao thông đường bộ vận chuyển động vật sống, thực phẩm tươi sống?","Theo Điều 50 Luật Trật tự, an toàn giao thông đường bộ, việc bảo đảm trật tự, an toàn giao thông đường bộ đối với phương tiện giao thông đường bộ vận chuyển động vật sống, thực phẩm tươi sống được quy định như sau:
- Việc vận chuyển động vật sống phải bảo đảm các yêu cầu sau đây:
+ Người lái xe phải mang đủ giấy tờ theo quy định của pháp luật;
+ Phương tiện vận chuyển phải có kết cấu phù hợp với loại động vật chuyên chở;
+ Trong quá trình vận chuyển phải chấp hành các quy định của pháp luật về trật tự, an toàn giao thông đường bộ, vệ sinh dịch tễ, phòng dịch và bảo đảm vệ sinh môi trường.- Việc vận chuyển thực phẩm tươi sống phải bảo đảm các yêu cầu sau đây:
+ Người lái xe phải mang đủ giấy tờ theo quy định của pháp luật;
+ Trong quá trình vận chuyển phải chấp hành các quy định của pháp luật về trật tự, an toàn giao thông đường bộ, an toàn thực phẩm, vệ sinh dịch tễ, phòng dịch và bảo đảm vệ sinh môi trường.",https://datafiles.hanoi.gov.vn/gov-hni/7608/VanBan/2026/1/5/document%20(6).pdf,
411,"Pháp luật quy định như thế nào về việc bảo đảm trật tự, an toàn giao thông đường bộ đối với phương tiện giao thông đường bộ vận chuyển hàng hoá nguy hiểm?","Theo Điều 51 Luật Trật tự, an toàn giao thông đường bộ, việc bảo đảm trật tự, an toàn giao thông đường bộ đối với phương tiện giao thông đường bộ vận chuyển hàng hoá nguy hiểm được quy định như sau:
- Hàng hóa nguy hiểm là hàng hóa có chứa các chất hoặc vật phẩm nguy hiểm khi chở trên đường bộ có khả năng gây nguy hại tới tính mạng, sức khỏe con người, môi trường, an toàn và an ninh quốc gia.
- Việc vận chuyển hàng hoá nguy hiểm phải có giấy phép vận chuyển; trong trường hợp cần thiết, đơn vị vận chuyển hàng hoá nguy hiểm phải bố trí người áp tải để bảo đảm trật tự, an toàn giao thông đường bộ.
- Xe ô tô vận chuyển hàng hoá nguy hiểm phải dán biểu trưng nhận diện hàng hóa nguy hiểm; lắp đèn, tín hiệu cảnh báo.
- Người lái xe hoặc người áp tải vận chuyển hàng hóa nguy hiểm phải được tập huấn về vận chuyển hàng hóa nguy hiểm.
- Cơ quan cấp giấy phép vận chuyển hàng hóa nguy hiểm có trách nhiệm gửi thông báo ngay đến cơ quan Cảnh sát giao thông Bộ Công an và cơ quan Cảnh sát giao thông thực hiện nhiệm vụ bảo đảm trật tự, an toàn giao thông trên tuyến đường, đoạn đường mà phương tiện đi qua để chỉ huy, điều khiển giao thông đường bộ, kiểm tra, kiểm soát, xử lý vi phạm pháp luật, bảo đảm trật tự, an toàn giao thông đường bộ.",https://datafiles.hanoi.gov.vn/gov-hni/7608/VanBan/2026/1/5/document%20(6).pdf,
412,"Pháp luật quy định như thế nào về việc bảo đảm trật tự, an toàn giao thông đường bộ đối với xe vận chuyển hàng siêu trường, siêu trọng?","Theo Điều 53 Luật Trật tự, an toàn giao thông đường bộ, việc bảo đảm trật tự, an toàn giao thông đường bộ đối với xe vận chuyển hàng siêu trường, siêu trọng được quy định như sau:
- Hàng siêu trường, siêu trọng là hàng không thể chia nhỏ, tháo rời, khi vận chuyển trên đường bộ làm cho phương tiện hoặc tổ hợp phương tiện bị vượt quá giới hạn cho phép tham gia giao thông đường bộ về kích thước, khối lượng theo quy định của pháp luật.
- Xe vận chuyển hàng siêu trường, siêu trọng phải phù hợp với loại hàng, kích thước, khối lượng của hàng và phải có giấy phép lưu hành xe do cơ quan quản lý đường bộ có thẩm quyền cấp.
- Xe vận chuyển hàng siêu trường, siêu trọng được phép ghép, nối thành tổ hợp nhiều xe gồm xe ô tô đầu kéo, xe ô tô kéo rơ moóc để kéo hoặc vừa kéo vừa đẩy các rơ moóc, sơ mi rơ moóc chuyên dùng, rơ moóc kiểu mô đun, bao gồm cả trường hợp ghép nối thông qua hàng được chở.
- Xe vận chuyển hàng siêu trường, siêu trọng phải chạy với tốc độ quy định trong giấy phép và phải có báo hiệu kích thước của hàng; trường hợp cần thiết, phải có người, phương tiện hỗ trợ lái xe, cảnh báo cho người, phương tiện tham gia giao thông đường bộ khác và thực hiện các biện pháp bảo đảm an toàn giao thông đường bộ theo quy định của Chính phủ khi vận chuyển hàng siêu trường, siêu trọng trên đường bộ.
- Cơ quan cấp giấy phép lưu hành xe vận chuyển hàng siêu trường, siêu trọng có trách nhiệm gửi thông báo ngay cho cơ quan Cảnh sát giao thông Bộ Công an và cơ quan Cảnh sát giao thông thực hiện nhiệm vụ bảo đảm trật tự, an toàn giao thông trên tuyến đường, đoạn đường mà phương tiện đi qua để chỉ huy, điều khiển giao thông đường bộ, kiểm tra, kiểm soát, xử lý vi phạm pháp luật, bảo đảm trật tự, an toàn giao thông đường bộ.
- Lực lượng Cảnh sát giao thông chịu trách nhiệm tổ chức tuần tra, kiểm soát, xử lý vi phạm pháp luật về trật tự, an toàn giao thông đường bộ đối với xe vận chuyển hàng siêu trường, siêu trọng lưu hành trên đường bộ.
- Bộ trưởng Bộ Giao thông vận tải quy định cụ thể về hàng siêu trường, siêu trọng; quy định việc vận chuyển hàng siêu trường, siêu trọng và việc cấp giấy phép lưu hành xe vận chuyển hàng siêu trường, siêu trọng trên đường bộ.",https://datafiles.hanoi.gov.vn/gov-hni/7608/VanBan/2026/1/5/document%20(6).pdf,
413,Pháp luật quy định người điều khiển phương tiện tham gia giao thông đường bộ cần phải có điều kiện gì?,"Tại Điều 56 Luật Trật tự, an toàn giao thông đường bộ quy định điều kiện của người điều khiển phương tiện tham gia giao thông đường bộ như sau:
- Người lái xe tham gia giao thông đường bộ phải đủ tuổi, sức khỏe theo quy định của pháp luật; có giấy phép lái xe đang còn điểm, còn hiệu lực phù hợp với loại xe đang điều khiển do cơ quan có thẩm quyền cấp. Khi tham gia giao thông đường bộ, người lái xe phải mang theo các giấy tờ sau đây:
. Người lái xe gắn máy tham gia giao thông đường bộ phải hiểu biết quy tắc giao thông đường bộ, có kỹ năng điều khiển phương tiện; đủ điều kiện về độ tuổi, sức khỏe theo quy định
+ Chứng nhận đăng ký xe hoặc bản sao Chứng nhận đăng ký xe có chứng thực kèm bản gốc giấy tờ xác nhận của tổ chức tín dụng, chi nhánh ngân hàng nước ngoài còn hiệu lực trong trường hợp xe đang được thế chấp tại tổ chức tín dụng, chi nhánh ngân hàng nước ngoài;
+ Giấy phép lái xe phù hợp với loại xe đang điều khiển;
+ Chứng nhận kiểm định an toàn kỹ thuật và bảo vệ môi trường đối với xe cơ giới theo quy định của pháp luật;
+ Chứng nhận bảo hiểm bắt buộc trách nhiệm dân sự của chủ xe cơ giới.- Người điều khiển xe máy chuyên dùng tham gia giao thông đường bộ phải đủ tuổi, sức khỏe theo quy định của pháp luật; có bằng hoặc chứng chỉ điều khiển xe máy chuyên dùng phù hợp loại xe máy chuyên dùng đang điều khiển; có giấy phép lái xe đang còn điểm, còn hiệu lực hoặc chứng chỉ bồi dưỡng kiến thức pháp luật về giao thông đường bộ. Khi tham gia giao thông đường bộ, người điều khiển xe máy chuyên dùng phải mang theo các loại giấy tờ sau đây:
+ Chứng nhận đăng ký xe hoặc bản sao Chứng nhận đăng ký xe có chứng thực kèm bản gốc Giấy biên nhận còn hiệu lực của tổ chức tín dụng, chi nhánh ngân hàng nước ngoài trong trường hợp xe đang được thế chấp tại tổ chức tín dụng, chi nhánh ngân hàng nước ngoài;
+ Bằng hoặc chứng chỉ điều khiển xe máy chuyên dùng;
+ Giấy phép lái xe hoặc chứng chỉ bồi dưỡng kiến thức pháp luật về giao thông đường bộ;
+ Chứng nhận kiểm định an toàn kỹ thuật và bảo vệ môi trường đối với xe máy chuyên dùng theo quy định của pháp luật;
+ Chứng nhận bảo hiểm bắt buộc trách nhiệm dân sự theo quy định của pháp luật.
- Trường hợp giấy tờ theo quy định đã được tích hợp vào tài khoản định danh điện tử thì việc xuất trình, kiểm tra có thể thực hiện thông qua tài khoản định danh điện tử.
- Người lái xe gắn máy tham gia giao thông đường bộ phải hiểu biết quy tắc giao thông đường bộ, có kỹ năng điều khiển phương tiện; đủ điều kiện về độ tuổi, sức khỏe theo quy định.
- Người tập lái xe ô tô, người dự sát hạch lái xe ô tô khi tham gia giao thông đường bộ phải thực hành trên xe tập lái, xe sát hạch trên tuyến đường tập lái, tuyến đường sát hạch, có giáo viên dạy lái hoặc sát hạch viên bảo trợ tay lái. Giáo viên dạy lái, sát hạch viên phải mang theo các loại giấy tờ gồm: Chứng nhận đăng ký xe hoặc bản sao Chứng nhận đăng ký xe có chứng thực kèm bản gốc giấy tờ xác nhận của tổ chức tín dụng, chi nhánh ngân hàng nước ngoài còn hiệu lực trong trường hợp xe đang được thế chấp tại tổ chức tín dụng, chi nhánh ngân hàng nước ngoài; Giấy phép lái xe phù hợp với loại xe đang điều khiển; Chứng nhận kiểm định an toàn kỹ thuật và bảo vệ môi trường đối với xe cơ giới theo quy định của pháp luật; Chứng nhận bảo hiểm bắt buộc trách nhiệm dân sự của chủ xe cơ giới.",https://datafiles.hanoi.gov.vn/gov-hni/7608/VanBan/2026/1/5/document%20(6).pdf,
414,Pháp luật quy định như thế nào đối với giấy phép lái xe dùng cho người khuyết tật?,"Theo Khoản 2 Điều 57 Luật Trật tự, an toàn giao thông đường bộ quy định: Người khuyết tật điều khiển xe mô tô ba bánh dùng cho người khuyết tật được cấp giấy phép lái xe hạng A1.Người khuyết tật điều khiển xe ô tô số tự động có kết cấu phù hợp với tình trạng khuyết tật thì được cấp giấy phép lái xe hạng B.",https://datafiles.hanoi.gov.vn/gov-hni/7608/VanBan/2026/1/5/document%20(6).pdf,
415,Pháp luật quy định như thế nào về thời hạn của giấy phép lái xe?,"Theo Khoản 5 Điều 57 Luật Trật tự, an toàn giao thông đường bộ, thời hạn của giấy phép lái xe được quy định như sau:- Giấy phép lái xe các hạng A1, A, B1 không thời hạn;- Giấy phép lái xe hạng B và hạng C1 có thời hạn 10 năm kể từ ngày cấp;- Giấy phép lái xe các hạng C, D1, D2, D, BE, C1E, CE, D1E, D2E và DE có thời hạn 05 năm kể từ ngày cấp.",https://datafiles.hanoi.gov.vn/gov-hni/7608/VanBan/2026/1/5/document%20(6).pdf,
416,"Pháp luật quy định như thế nào về tuổi, sức khỏe của người điều khiển phương tiện tham gia giao thông đường bộ?","Theo Điều 59 Luật Trật tự, an toàn giao thông đường bộ, tuổi, sức khỏe của người điều khiển phương tiện tham gia giao thông đường bộ được quy định như sau:
- Độ tuổi của người lái xe, người điều khiển xe máy chuyên dùng được quy định như sau:
+ Người đủ 16 tuổi trở lên được điều khiển xe gắn máy;
+ Người đủ 18 tuổi trở lên được cấp giấy phép lái xe hạng A1, A, B1, B, C1, được cấp chứng chỉ bồi dưỡng kiến thức pháp luật về giao thông đường bộ để điều khiển xe máy chuyên dùng tham gia giao thông đường bộ;
+ Người đủ 21 tuổi trở lên được cấp giấy phép lái xe hạng C, BE;
+ Người đủ 24 tuổi trở lên được cấp giấy phép lái xe hạng D1, D2, C1E, CE;
+ Người đủ 27 tuổi trở lên được cấp giấy phép lái xe hạng D, D1E, D2E, DE;
+ Tuổi tối đa của người lái xe ô tô chở người (kể cả xe buýt) trên 29 chỗ (không kể chỗ của người lái xe), xe ô tô chở người giường nằm là đủ 57 tuổi đối với nam, đủ 55 tuổi đối với nữ.
- Người điều khiển phương tiện tham gia giao thông đường bộ phải bảo đảm điều kiện sức khỏe phù hợp với từng loại phương tiện được phép điều khiển. Bộ trưởng Bộ Y tế quy định về tiêu chuẩn sức khỏe, việc khám sức khỏe đối với người lái xe, người điều khiển xe máy chuyên dùng; việc khám sức khỏe định kỳ đối với người hành nghề lái xe ô tô; xây dựng cơ sở dữ liệu về sức khỏe của người lái xe, người điều khiển xe máy chuyên dùng.
- Bộ trưởng Bộ Quốc phòng, Bộ trưởng Bộ Công an quy định độ tuổi của người lái xe trong lực lượng quân đội, công an làm nhiệm vụ quốc phòng, an ninh.",https://datafiles.hanoi.gov.vn/gov-hni/7608/VanBan/2026/1/5/document%20(6).pdf,
417,"Theo Luật Trật tự, an toàn giao thông đường bộ việc đào tạo lái xe được quy định như thế nào?","Tại Điều 60 Luật Trật tự, an toàn giao thông đường bộ, việc đào tạo lái xe được quy định như sau:
- Người có nhu cầu được cấp giấy phép lái xe phải được đào tạo nội dung lý thuyết và thực hành theo chương trình đào tạo quy định cho từng hạng giấy phép lái xe.
- Người học lái xe phải được đào tạo tại các cơ sở đào tạo lái xe hoặc các hình thức đào tạo lái xe khác để cấp mới hoặc nâng hạng giấy phép lái xe.
- Việc đào tạo để nâng hạng giấy phép lái xe thực hiện đối với những đối tượng sau đây:
+ Nâng hạng giấy phép lái xe từ hạng B lên hạng C1 hoặc lên hạng C hoặc lên hạng D1 hoặc lên hạng D2;
+ Nâng hạng giấy phép lái xe từ hạng C1 lên hạng C hoặc lên hạng D1 hoặc lên hạng D2;
+ Nâng hạng giấy phép lái xe từ hạng C lên hạng D1 hoặc lên hạng D2 hoặc lên hạng D;
+ Nâng hạng giấy phép lái xe từ hạng D1 lên hạng D2 hoặc lên hạng D;
+ Nâng hạng giấy phép lái xe từ hạng D2 lên hạng D;
+ Nâng hạng giấy phép lái xe từ hạng B lên hạng BE, từ hạng C1 lên hạng C1E, từ hạng C lên hạng CE, từ hạng D1 lên hạng D1E, từ hạng D2 lên hạng D2E, từ hạng D lên hạng DE.
- Người có nhu cầu được đào tạo nâng hạng giấy phép lái xe khi giấy phép lái xe còn hiệu lực, phải có đủ thời gian lái xe an toàn quy định cho từng hạng giấy phép lái xe; đối với việc nâng hạng giấy phép lái xe lên hạng D1, D2, D thì người có nhu cầu được đào tạo còn phải có trình độ từ trung học cơ sở trở lên.
- Giấy phép lái xe các hạng C, D1, D2, D, BE, C1E, CE, D1E, D2E, DE phải được đào tạo bằng hình thức đào tạo nâng hạng theo quy định.- Cơ sở đào tạo lái xe ô tô phải đáp ứng các điều kiện do Chính phủ quy định; có giáo trình, giáo án; thực hiện đào tạo theo đúng hình thức, nội dung và chương trình quy định cho từng hạng giấy phép lái xe.
- Chính phủ quy định chi tiết các hình thức đào tạo lái xe khác; quy định trình tự, thủ tục kiểm tra, đánh giá để cấp, cấp lại và thu hồi giấy phép xe tập lái; quy định tiêu chuẩn của giáo viên dạy lái xe; quy định việc cấp, cấp lại và thu hồi giấy chứng nhận giáo viên dạy lái xe; quy định việc cấp, cấp lại và thu hồi giấy phép đào tạo lái xe.
- Bộ trưởng Bộ Giao thông vận tải quy định hình thức, nội dung, chương trình đào tạo lái xe, thời gian lái xe an toàn cho từng hạng giấy phép lái xe theo quy định và quy định tiêu chuẩn của cơ sở đào tạo lái xe mô tô; đối với cơ sở đào tạo, tổ chức đào tạo lái xe cho lực lượng quân đội, công an làm nhiệm vụ quốc phòng, an ninh do Bộ trưởng Bộ Quốc phòng, Bộ trưởng Bộ Công an quy định.",https://datafiles.hanoi.gov.vn/gov-hni/7608/VanBan/2026/1/5/document%20(6).pdf,
418,Pháp luật quy định như thế nào đối với việc sát hạch lái xe?,"Tại Điều 61 Luật Trật tự, an toàn giao thông đường bộ, việc sát hạch lái xe được quy định như sau:
- Người đã hoàn thành chương trình đào tạo lái xe, có độ tuổi, sức khỏe đảm bảo theo quy định được đăng ký để tham dự kỳ sát hạch lái xe.
- Nội dung sát hạch lái xe phải phù hợp với hạng giấy phép lái xe và chương trình đào tạo lái xe.-Hoạt động sát hạch lái xe ô tô phải thực hiện tại các trung tâm sát hạch lái xe; hoạt động sát hạch lái xe mô tô thực hiện tại các trung tâm sát hạch lái xe hoặc tại sân tập lái đáp ứng điều kiện, tiêu chuẩn về cơ sở vật chất, kỹ thuật. Hoạt động sát hạch lái xe do cơ quan nhà nước có thẩm quyền thực hiện.
- Trung tâm sát hạch lái xe là đơn vị cung cấp dịch vụ sát hạch lái xe; phải đáp ứng các điều kiện do Chính phủ quy định và đáp ứng yêu cầu kỹ thuật theo quy chuẩn kỹ thuật quốc gia về trung tâm sát hạch lái xe cơ giới đường bộ; phải sử dụng thiết bị ứng dụng công nghệ thông tin và phải chia sẻ ngay kết quả và dữ liệu giám sát quá trình sát hạch đến cơ quan quản lý đào tạo, sát hạch, cấp giấy phép lái xe, cơ quan quản lý về trật tự, an toàn giao thông đườngbộ để giám sát.- Việc sát hạch lái xe do sát hạch viên thực hiện. Sát hạch viên phải có đủ điều kiện, tiêu chuẩn, được cấp thẻ sát hạch viên và phải chịu trách nhiệm về kết quả sát hạch của mình.
- Chính phủ quy định điều kiện, trình tự, thủ tục kiểm tra, đánh giá để cấp, cấp lại và thu hồi giấy phép sát hạch cho trung tâm sát hạch lái xe; điều kiện sân tập lái để sát hạch lái xe mô tô.
- Bộ trưởng Bộ Giao thông vận tải quy định hình thức, nội dung, quy trình sát hạch để cấp giấy phép lái xe; điều kiện, tiêu chuẩn sát hạch viên, tổ chức tập huấn, cấp thẻ sát hạch viên; tiêu chuẩn kỹ thuật sân tập lái để sát hạch lái xe mô tô, quy chuẩn kỹ thuật quốc gia về trung tâm sát hạch lái xe cơ giới đường bộ; đối với sát hạch lái xe cho lực lượng quân đội, công an làm nhiệm vụ quốc phòng, an ninh do Bộ trưởng Bộ Quốc phòng, Bộ trưởng Bộ Công an quy định.",https://datafiles.hanoi.gov.vn/gov-hni/7608/VanBan/2026/1/5/document%20(6).pdf,
419," Theo Luật Trật tự, an toàn giao thông đường bộ thì người có giấy phép lái xe được đổi, cấp lại giấy phép lái xe trong những trường hợp nào?","Theo quy định tại khoản 2 Điều 62 Luật Trật tự, an toàn giao thông đường bộ, người có giấy phép lái xe được đổi, cấp lại giấy phép lái xe trong các trường hợp sau:
- Giấy phép lái xe bị mất;
- Giấy phép lái xe bị hỏng không còn sử dụng được;
- Trước thời hạn ghi trên giấy phép lái xe;
- Thay đổi thông tin ghi trên giấy phép lái xe;
- Giấy phép lái xe nước ngoài do cơ quan có thẩm quyền của nước ngoài cấp còn giá trị sử dụng;
- Giấy phép lái xe do Bộ Quốc phòng, Bộ Công an cấp khi có yêu cầu hoặc người được cấp không còn làm nhiệm vụ quốc phòng, an ninh.",https://datafiles.hanoi.gov.vn/gov-hni/7608/VanBan/2026/1/5/document%20(6).pdf,
420,"Luật Trật tự, an toàn giao thông đường bộ quy định những trường hợp nào bị thu hồi giấy phép lái xe?","Theo quy định tại khoản 5 Điều 62 Luật Trật tự, an toàn giao thông đường bộ, giấy phép lái xe bị thu hồi khi thuộc một trong các trường hợp sau:
- Người được cấp giấy phép lái xe không đủ điều kiện sức khỏe theo kết luận của cơ sở khám bệnh, chữa bệnh đối với từng hạng giấy phép lái xe;
- Giấy phép lái xe được cấp sai quy định;
- Giấy phép lái xe đã quá thời hạn tạm giữ hoặc hết thời hiệu thi hành quyết định xử phạt vi phạm hành chính theo quy định của pháp luật về xử lý vi phạm hành chính nếu người vi phạm không đến nhận mà không có lý do chính đáng.",https://datafiles.hanoi.gov.vn/gov-hni/7608/VanBan/2026/1/5/document%20(6).pdf,
421,Pháp luật quy định như thế nào về thời gian làm việc của người lái xe ô tô kinh doanh vận tải và vận tải nội bộ?,"Theo Điều 64 Luật Trật tự, an toàn giao thông đường bộ, thời gian làm việc của người lái xe ô tô kinh doanh vận tải và vận tải nội bộ được quy định như sau:
- Thời gian lái xe của người lái xe ô tô không quá 10 giờ trong một ngày và không quá 48 giờ trong một tuần; lái xe liên tục không quá 04 giờ và bảo đảm các quy định có liên quan của Bộ luật Lao động.
- Đơn vị kinh doanh vận tải, đơn vị hoạt động vận tải nội bộ và người lái xe ô tô kinh doanh vận tải và vận tải nội bộ chịu trách nhiệm thực hiện các quy định nêu trên.",https://datafiles.hanoi.gov.vn/gov-hni/7608/VanBan/2026/1/5/document%20(6).pdf,
422,"Trong những trường hợp nào Cảnh sát giao thông được dừng phương tiện tham gia giao thông đường bộ để kiểm tra, kiểm soát?","Theo quy định tại Điều 66 Luật Trật tự, an toàn giao thông đường bộ, Cảnh sát giao thông được dừng phương tiện tham gia giao thông đường bộ để kiểm tra, kiểm soát khi có một trong các căn cứ sau:
- Khi phát hiện hành vi vi phạm pháp luật hoặc có căn cứ xác định có hành vi vi phạm pháp luật về trật tự, an toàn giao thông đường bộ hoặc vi phạm pháp luật khác;
- Thực hiện theo mệnh lệnh, kế hoạch tuần tra, kiểm soát của cấp có thẩm quyền để phát hiện hành vi vi phạm pháp luật về trật tự, an toàn giao thông đường bộ mà buộc phải dừng phương tiện để kiểm tra, kiểm soát mới phát hiện được;
- Phục vụ bảo vệ an ninh quốc gia, bảo đảm trật tự, an toàn xã hội và đấu tranh phòng, chống tội phạm; phòng, chống thiên tai; phòng cháy, chữa cháy và cứu nạn, cứu hộ; phòng, chống dịch bệnh;
- Có tin báo, tố giác, phản ánh, kiến nghị, đề nghị của cơ quan, tổ chức, cá nhân về tội phạm, hành vi vi phạm pháp luật khác.",https://datafiles.hanoi.gov.vn/gov-hni/7608/VanBan/2026/1/5/document%20(6).pdf,
423,"Để phát hiện hành vi vi phạm pháp luật về trật tự, an toàn giao thông đường bộ, cảnh sát giao thông thường sử dụng những biện pháp nào?","Tại Điều 67 Luật Trật tự, an toàn giao thông đường bộ quy định những biện pháp phát hiện vi phạm pháp luật về trật tự, an toàn giao thông đường bộ gồm:
- Vận hành, sử dụng hệ thống giám sát bảo đảm an ninh, trật tự, an toàn giao thông đường bộ; hệ thống camera trên tuyến giao thông, trong đô thị; công trình, hệ thống thiết bị kỹ thuật nghiệp vụ kiểm tra, kiểm soát tải trọng xe cơ giới.
- Sử dụng phương tiện, thiết bị kỹ thuật nghiệp vụ, thiết bị thông minh hỗ trợ chỉ huy, điều khiển giao thông đường bộ.
- Khai thác dữ liệu từ thiết bị giám sát hành trình, thiết bị ghi nhận hình ảnh người lái xe; tiếp nhận dữ liệu thu thập từ công trình kiểm soát tải trọng xe.
- Khai thác, sử dụng thông tin trong Cơ sở dữ liệu về trật tự, an toàn giao thông đường bộ.
- Quan sát, kiểm tra, kiểm soát, đối chiếu trực tiếp của người thực thi công vụ.
- Tiếp nhận, xử lý tin báo, tố giác, phản ánh, kiến nghị, đề nghị, dữ liệu thu thập được từ phương tiện, thiết bị kỹ thuật của cơ quan, tổ chức, cá nhân theo quy định của Chính phủ.
- Biện pháp khác theo quy định của pháp luật.",https://datafiles.hanoi.gov.vn/gov-hni/7608/VanBan/2026/1/5/document%20(6).pdf,
424," Việc huy động người, phương tiện, thiết bị dân sự trong trường hợp cấp bách được pháp luật quy định như thế nào?","Tại Điều 68 Luật Trật tự, an toàn giao thông đường bộ việc huy động người, phương tiện, thiết bị dân sự trong trường hợp cấp bách được quy định như sau:
- Khi thực hiện nhiệm vụ tuần tra, kiểm soát, chỉ huy, điều khiển giao thông đường bộ, giải quyết tai nạn giao thông đường bộ, trong trường hợp cấp bách để bảo vệ an ninh quốc gia, bảo đảm trật tự, an toàn xã hội hoặc để ngăn chặn hậu quả thiệt hại cho xã hội đang xảy ra hoặc có nguy cơ xảy ra, người chỉ huy trực tiếp của Cảnh sát giao thông tại hiện trường được huy động người, phương tiện, thiết bị dân sự và người đang sử dụng, điều khiển phương tiện, thiết bị đó.
- Người chỉ huy trực tiếp của Cảnh sát giao thông tại hiện trường huy động người, phương tiện, thiết bị dân sự có trách nhiệm hoàn trả ngay sau khi trường hợp cấp bách chấm dứt. Trường hợp người, phương tiện, thiết bị dân sự được huy động làm nhiệm vụ bị thiệt hại thì được hưởng chế độ, chính sách, đền bù; đơn vị có người huy động có trách nhiệm giải quyết việc đền bù theo quy định của pháp luật.
- Cơ quan, tổ chức, cá nhân được huy động có trách nhiệm chấp hành quyết định, yêu cầu của Cảnh sát giao thông theo quy định nêu trên.Trong trường hợp cấp bách theo quy định nêu trên, người chỉ huy trực tiếp của Cảnh sát giao thông tại hiện trường đề nghị tổ chức, cá nhân nước ngoài hỗ trợ, giúp đỡ để thực hiện nhiệm vụ theo quy định của pháp luật Việt Nam và điều ước quốc tế mà nước Cộng hòa xã hội chủ nghĩa Việt Nam là thành viên.",https://datafiles.hanoi.gov.vn/gov-hni/7608/VanBan/2026/1/5/document%20(6).pdf,
425,"Luật Trật tự, an toàn giao thông đường bộ quy định như thế nào đối với việc di chuyển phương tiện vi phạm dừng, đỗ trên đường bộ gây cản trở, ùn tắc giao thông hoặc nguy cơ dẫn đến tai nạn giao thông đường bộ?","Theo Điều 69 Luật Trật tự, an toàn giao thông đường bộ việc di chuyển phương tiện vi phạm dừng, đỗ trên đường bộ gây cản trở, ùn tắc giao thông hoặc nguy cơ dẫn đến tai nạn giao thông đường bộ được quy định như sau:
- Khi phát hiện phương tiện giao thông đường bộ vi phạm quy định dừng, đỗ trên đường bộ gây cản trở, ùn tắc giao thông hoặc nguy cơ dẫn đến tai nạn giao thông đường bộ nhưng người điều khiển phương tiện tham gia giao thông đường bộ, chủ phương tiện giao thông đường bộ không có mặt tại nơi xảy ra vi phạm hoặc có mặt nhưng không chấp hành yêu cầu của Cảnh sát giao thông thì Cảnh sát giao thông thực hiện việc di chuyển phương tiện vi phạm ra khỏi vị trí dừng, đỗ trên.Trường hợp không đủ điều kiện thực hiện thì Cảnh sát giao thông được thuê tổ chức, cá nhân thực hiện việc di chuyển phương tiện đó.
- Khi người điều khiển phương tiện tham gia giao thông đường bộ hoặc chủ phương tiện giao thông đường bộ có hành vi cản trở, chống đối việc di chuyển phương tiện vi phạm ra khỏi vị trí dừng, đỗ thì Cảnh sát giao thông thực hiện các biện pháp: Giải thích cho người vi phạm biết rõ về hành vi vi phạm; quyền và trách nhiệm của người vi phạm; thuyết phục, yêu cầu chấm dứt ngay hành vi vi phạm; Áp dụng các biện pháp ngăn chặn theo quy định của pháp luật trong trường hợp người vi phạm cản trở, không chấp hành yêu cầu của người thi hành công vụ; Trường hợp người vi phạm có hành vi chống người thi hành công vụ thì tùy theo tình huống, tính chất, mức độ nguy hiểm của hành vi, người thi hành công vụ được sử dụng vũ lực, công cụ hỗ trợ hoặc vũ khí theo quy định của pháp luật để ngăn chặn hành vi vi phạm và phòng vệ chính đáng; Nếu người đó vẫn tiếp tục cản trở, chống đối thì Cảnh sát giao thông được cưỡng chế thi hành.
- Người điều khiển phương tiện tham gia giao thông đường bộ hoặc chủ phương tiện giao thông đường bộ vi phạm phải trả chi phí cho việc di chuyển hoặc thuê di chuyển phương tiện đó.
- Trong quá trình thực hiện việc di chuyển phương tiện theo quy định nêu trên, Cảnh sát giao thông, tổ chức, cá nhân được thuê thực hiện việc di chuyển phương tiện phải có trách nhiệm bảo đảm an toàn cho phương tiện được di chuyển.",https://datafiles.hanoi.gov.vn/gov-hni/7608/VanBan/2026/1/5/document%20(6).pdf,
426,Người điều khiển phương tiện tham gia giao thông đường bộ có những quyền gì?,"Theo quy định tại khoản 1 Điều 72 Luật Trật tự, an toàn giao thông đường bộ người điều khiển phương tiện tham gia giao thông đường bộ có quyền sau:
- Được điều khiển phương tiện tham gia giao thông đường bộ theo quy định của Luật này;
- Được thông báo về căn cứ dừng phương tiện tham gia giao thông đường bộ để kiểm tra, kiểm soát; nội dung và kết quả kiểm tra, kiểm soát; hành vi vi phạm pháp luật và biện pháp xử lý;
- Giải trình, khiếu nại, khởi kiện quyết định hành chính, hành vi hành chính liên quan đến quyền và lợi ích hợp pháp của mình theo quy định của pháp luật;
- Tố cáo hành vi vi phạm pháp luật trong hoạt động tuần tra, kiểm soát về trật tự, an toàn giao thông đường bộ theo quy định của pháp luật về tố cáo;
- Báo tin, tố giác, phản ánh những trường hợp vi phạm pháp luật.",https://datafiles.hanoi.gov.vn/gov-hni/7608/VanBan/2026/1/5/document%20(6).pdf,
427,Người điều khiển phương tiện tham gia giao thông đường bộ có trách nhiệm gì?,"Theo quy định tại khoản 2 Điều 72 Luật Trật tự, an toàn giao thông đường bộ người điều khiển phương tiện tham gia giao thông đường bộ có trách nhiệm sau:
- Chấp hành quy định của pháp luật về trật tự, an toàn giao thông đường bộ;
- Chấp hành hiệu lệnh dừng phương tiện tham gia giao thông đường bộ, yêu cầu kiểm tra, kiểm soát của lực lượng thực hiện tuần tra, kiểm soát;
- Hỗ trợ, hợp tác với lực lượng bảo đảm trật tự, an toàn giao thông đường bộ trong quá trình phát hiện, ngăn chặn và xử lý vi phạm pháp luật về trật tự, an toàn giao thông đường bộ và vi phạm pháp luật khác.",https://datafiles.hanoi.gov.vn/gov-hni/7608/VanBan/2026/1/5/document%20(6).pdf,
428,"Để ngăn chặn hành vi không chấp hành yêu cầu kiểm tra, kiểm soát, cản trở, chống người thi hành công vụ của người tham gia giao thông đường bộ thì người thi hành công vụ cần có những biện pháp nào?","Theo quy định tại Điều 73 Luật Trật tự, an toàn giao thông đường bộ, khi người tham gia giao thông đường bộ không chấp hành yêu cầu kiểm tra, kiểm soát, có hành vi cản trở, chống người thi hành công vụ thì người thi hành công vụ thực hiện các biện pháp sau:
- Giải thích cho người vi phạm biết rõ về hành vi không chấp hành yêu cầu kiểm tra, kiểm soát, có hành vi cản trở, chống người thi hành công vụ; quyền và trách nhiệm của người vi phạm; thuyết phục, yêu cầu chấm dứt ngay hành vi vi phạm, chấp hành yêu cầu kiểm tra, kiểm soát;
- Áp dụng các biện pháp ngăn chặn theo quy định của pháp luật trong trường hợp người vi phạm cản trở, không chấp hành yêu cầu kiểm tra, kiểm soát của người thi hành công vụ;
- Trường hợp người vi phạm có hành vi chống người thi hành công vụ thì tùy theo tình huống, tính chất, mức độ nguy hiểm của hành vi, người thi hành công vụ được sử dụng vũ lực, công cụ hỗ trợ hoặc vũ khí theo quy định của pháp luật để ngăn chặn hành vi vi phạm và phòng vệ chính đáng.Trường hợp người điều khiển phương tiện tham gia giao thông đường bộ không chấp hành tín hiệu, hiệu lệnh dừng phương tiện và bỏ chạy thì người thi hành công vụ được thực hiện quyền truy đuổi để ngăn chặn và xử lý hành vi vi phạm.",https://datafiles.hanoi.gov.vn/gov-hni/7608/VanBan/2026/1/5/document%20(6).pdf,
429," Khi có tình huống đột xuất gây mất trật tự, an toàn giao thông trên đường bộ, cảnh sát giao thông thực hiện giải quyết như thế nào?","Tại Điều 76 Luật Trật tự, an toàn giao thông đường bộ quy định như sau:
- Tình huống đột xuất gây mất trật tự, an toàn giao thông trên đường bộ bao gồm: ùn tắc giao thông; tai nạn giao thông đường bộ; hư hỏng kết cấu hạ tầng giao thông đường bộ; thiên tai, cháy, nổ gây mất an toàn giao thông đường bộ; tình huống phức tạp về an ninh, trật tự trên đường bộ.
- Cơ quan, tổ chức, cá nhân khi phát hiện tình huống đột xuất gây mất trật tự, an toàn giao thông trên đường bộ như: ùn tắc giao thông; tai nạn giao thông đường bộ; hư hỏng kết cấu hạ tầng giao thông đường bộ; thiên tai, cháy, nổ gây mất an toàn giao thông đường bộ; tình huống phức tạp về an ninh, trật tự trên đường bộ thì kịp thời báo cho cơ quan Công an nơi gần nhất hoặc cơ quan quản lý đường bộ; trường hợp phát hiện vụ tai nạn giao thông đường bộ phải báo ngay cho cơ quan Công an, cơ sở khám bệnh, chữa bệnh hoặc Ủy ban nhân dân nơi gần nhất; trường hợp tình huống đột xuất có thể gây mất an toàn cho người, phương tiện tham gia giao thông đường bộ phải thực hiện biện pháp cảnh báo an toàn ngay cho người tham gia giao thông đường bộ biết.
- Cơ quan Công an, cơ quan quản lý đường bộ khi phát hiện hoặc tiếp nhận thông tin về tình huống ùn tắc giao thông; tai nạn giao thông đường bộ; hư hỏng kết cấu hạ tầng giao thông đường bộ; thiên tai, cháy, nổ gây mất an toàn giao thông đường bộ; tình huống phức tạp về an ninh, trật tự trên đường bộ thì theo chức năng, nhiệm vụ của mình, có trách nhiệm sau đây:
+ Tổ chức ngay lực lượng đến nơi xảy ra tình huống đột xuất để bảo đảm trật tự, an toàn giao thông đường bộ tại nơi xảy ra tình huống;
+ Thực hiện các biện pháp trực tiếp hướng dẫn giao thông đường bộ bảo đảm trật tự, an toàn, thông suốt, được thực hiện thông qua người điều khiển giao thông; thông báo, thực hiện phương án phân luồng giao thông tạm thời; quản lý vận hành, khai thác hệ thống đèn tín hiệu giao thông, các báo hiệu đường bộ khác, thiết bị thông minh hỗ trợ chỉ huy, điều khiển giao thông đường bộ.
+ Khắc phục kịp thời các hư hỏng về kết cấu hạ tầng giao thông đường bộ gây mất trật tự, an toàn giao thông đường bộ;
+ Trường hợp vượt quá khả năng, thẩm quyền, chức năng, nhiệm vụ phải kịp thời thông báo cho cơ quan có thẩm quyền để giải quyết;
+ Thực hiện các biện pháp khác theo quy định của pháp luật.",https://datafiles.hanoi.gov.vn/gov-hni/7608/VanBan/2026/1/5/document%20(6).pdf,
430,"Khi cần sử dụng tạm thời lòng đường, vỉa hè vào mục đích khác thì việc bảo đảm trật tự, an toàn giao thông đường bộ được pháp luật quy định như thế nào?","Theo Điều 77 Luật Trật tự, an toàn giao thông đường bộ việc bảo đảm trật tự, an toàn giao thông đường bộ đối với trường hợp sử dụng tạm thời lòng đường, vỉa hè vào mục đích khác được quy định như sau:
- Lòng đường được sử dụng cho mục đích giao thông; vỉa hè được sử dụng cho người đi bộ. Trường hợp cần thiết sử dụng tạm thời lòng đường, vỉa hè phục vụ sự kiện chính trị, hoạt động văn hoá, thể thao và mục đích khác, cơ quan, tổ chức, cá nhân có nhu cầu sử dụng tạm thời lòng đường, vỉa hè phải có phương án sử dụng tạm thời lòng đường, vỉa hè và được cơ quan có thẩm quyền cho phép; cơ quan cho phép sử dụng tạm thời lòng đường, vỉa hè gửi thông báo ngay cho cơ quan Cảnh sát giao thông.
- Cơ quan, tổ chức, cá nhân sử dụng tạm thời lòng đường, vỉa hè chỉ được sử dụng đúng mục đích do cơ quan có thẩm quyền cho phép; chấp hành các yêu cầu của Cảnh sát giao thông; không làm mất trật tự, an toàn giao thông đường bộ; hoàn trả nguyên trạng lòng đường, vỉa hè sau khi kết thúc việc sử dụng.
- Cơ quan Cảnh sát giao thông có trách nhiệm sau đây:
+ Xây dựng, tổ chức thực hiện phương án bảo đảm trật tự, an toàn giao thông đường bộ;
+ Thông báo, thực hiện phương án phân luồng giao thông tạm thời;
+ Giải quyết các tình huống gây mất an ninh, trật tự, an toàn giao thông đường bộ; trường hợp sử dụng tạm thời lòng đường, vỉa hè không bảo đảm yêu cầu về an ninh, trật tự, an toàn giao thông đường bộ thì tạm thời đình chỉ hoạt động, kiến nghị cơ quan có thẩm quyền điều chỉnh phương án sử dụng cho phù hợp.",https://datafiles.hanoi.gov.vn/gov-hni/7608/VanBan/2026/1/5/document%20(6).pdf,
431,Trong trường hợp đột xuất xảy ra ùn tắc giao thông thì Cảnh sát giao thông cần phải giải quyết như thế nào?,"Theo khoản 1 Điều 78 Luật Trật tự, an toàn giao thông đường bộ quy định, khi xảy ra tình huống đột xuất ùn tắc giao thông, Cảnh sát giao thông phải tiến hành các biện pháp giải quyết như sau:
 - Tổ chức ngay lực lượng đến nơi xảy ra tình huống đột xuất để bảo đảm trật tự, an toàn giao thông đường bộ tại nơi xảy ra tình huống;
- Thực hiện các biện pháp trực tiếp hướng dẫn giao thông đường bộ bảo đảm trật tự, an toàn, thông suốt, được thực hiện thông qua người điều khiển giao thông; thông báo, thực hiện phương án phân luồng giao thông tạm thời; quản lý vận hành, khai thác hệ thống đèn tín hiệu giao thông, các báo hiệu đường bộ khác, thiết bị thông minh hỗ trợ chỉ huy, điều khiển giao thông đường bộ;
- Khắc phục kịp thời các hư hỏng về kết cấu hạ tầng giao thông đường bộ gây mất trật tự, an toàn giao thông đường bộ;
- Trường hợp vượt quá khả năng, thẩm quyền, chức năng, nhiệm vụ phải kịp thời thông báo cho cơ quan có thẩm quyền để giải quyết;
- Thực hiện các biện pháp khác theo quy định của pháp luật.",https://datafiles.hanoi.gov.vn/gov-hni/7608/VanBan/2026/1/5/document%20(6).pdf,
432,Khi xuất hiện ùn tắc giao thông thì cơ quan Cảnh sát giao thông cần phải khắc phục như thế nào?,"Theo khoản 2 Điều 77 Luật Trật tự, an toàn giao thông đường bộ quy định khi xuất hiện ùn tắc giao thông, phải tiến hành các biện pháp sau:
- Cơ quan Cảnh sát giao thông có phương án chỉ huy, điều khiển giao thông đường bộ; xử lý vi phạm pháp luật về trật tự, an toàn giao thông đường bộ; kiến nghị cơ quan có thẩm quyền giải quyết, phòng ngừa ùn tắc giao thông;
- Cơ quan quản lý đường bộ chủ trì, phối hợp với cơ quan, tổ chức, cá nhân có liên quan xác định nguyên nhân của ùn tắc giao thông; có biện pháp giải quyết theo thẩm quyền hoặc kiến nghị cấp có thẩm quyền giải quyết;
- Cơ quan, tổ chức, cá nhân có liên quan có trách nhiệm phối hợp với cơ quan Cảnh sát giao thông, cơ quan quản lý đường bộ thực hiện các biện pháp phòng ngừa, giải quyết, khắc phục ùn tắc giao thông.",https://datafiles.hanoi.gov.vn/gov-hni/7608/VanBan/2026/1/5/document%20(6).pdf,
433,"Theo quy định của pháp luật khi xảy ra tai nạn giao thông đường bộ thì trách nhiệm của người điều khiển phương tiện tham gia giao thông đường bộ gây ra tai nạn, người liên quan và người có mặt tại hiện trường vụ tai nạn có trách nhiệm gì?","Tại Điều 80 Luật Trật tự, an toàn giao thông đường bộ quy định:
- Người điều khiển phương tiện tham gia giao thông đường bộ gây ra tai nạn giao thông đường bộ, người liên quan đến vụ tai nạn giao thông đường bộ có trách nhiệm sau:
+ Dừng ngay phương tiện, cảnh báo nguy hiểm, giữ nguyên hiện trường, trợ giúp người bị nạn và báo tin cho cơ quan Công an, cơ sở khám bệnh, chữa bệnh hoặc Ủy ban nhân dân nơi gần nhất;
+ Ở lại hiện trường vụ tai nạn giao thông đường bộ cho đến khi người của cơ quan Công an đến, trừ trường hợp phải đi cấp cứu, đưa người bị nạn đi cấp cứu hoặc xét thấy bị đe dọa đến tính mạng, sức khỏe nhưng phải đến trình báo ngay cơ quan Công an, Ủy ban nhân dân nơi gần nhất;
+ Cung cấp thông tin xác định danh tính về bản thân, người liên quan đến vụ tai nạn giao thông đường bộ và thông tin liên quan của vụ tai nạn giao thông đường bộ cho cơ quan có thẩm quyền.
- Người có mặt tại nơi xảy ra vụ tai nạn giao thông đường bộ có trách nhiệm sau đây:
+ Giúp đỡ, cứu chữa kịp thời người bị nạn;
+ Báo tin ngay cho cơ quan Công an, cơ sở khám bệnh, chữa bệnh hoặc Ủy ban nhân dân nơi gần nhất;
+ Tham gia bảo vệ hiện trường;
+ Tham gia bảo vệ tài sản của người bị nạn;
+ Cung cấp thông tin liên quan về vụ tai nạn theo yêu cầu của cơ quan có thẩm quyền.
- Người điều khiển phương tiện tham gia giao thông đường bộ gây ra tai nạn, người liên quan và người có mặt tại hiện trường vụ tai nạn giao thông đường bộ chỉ được sử dụng phương tiện liên quan đến vụ tai nạn giao thông đường bộ để đưa nạn nhân đi cấp cứu trong trường hợp không có phương tiện nào khác nhưng phải xác định vị trí phương tiện, vị trí nạn nhân tại hiện trường, không được làm thay đổi, mất dấu vết liên quan đến vụ tai nạn giao thông đường bộ. Trường hợp có người chết phải giữ nguyên hiện trường và che đậy thi thể.
- Người điều khiển phương tiện tham gia giao thông đường bộ khác khi đi qua nơi xảy ra vụ tai nạn giao thông đường bộ có trách nhiệm chở người bị thương đi cấp cứu. Xe ưu tiên, xe chở người được hưởng quyền ưu đãi, miễn trừ ngoại giao không bắt buộc thực hiện quy định tại khoản này.",https://datafiles.hanoi.gov.vn/gov-hni/7608/VanBan/2026/1/5/document%20(6).pdf,
434,"Pháp luật quy định như thế nào đối với việc phát hiện, tiếp nhận, xử lý tin báo tai nạn giao thông đường bộ?","Tại Điều 81 Luật Trật tự, an toàn giao thông đường bộ quy định:
- Cơ quan, tổ chức, cá nhân khi phát hiện vụ tai nạn giao thông đường bộ phải báo ngay cho cơ quan Công an, cơ sở khám bệnh, chữa bệnh hoặc Ủy ban nhân dân nơi gần nhất.
- Cơ quan Công an khi nhận được tin báo vụ tai nạn giao thông đường bộ phải tổ chức ngay lực lượng đến hiện trường thực hiện các biện pháp bảo đảm trật tự, an toàn giao thông đường bộ tại nơi xảy ra tình huống;
+ Thực hiện các biện pháp trực tiếp hướng dẫn giao thông đường bộ bảo đảm trật tự, an toàn, thông suốt, được thực hiện thông qua người điều khiển giao thông; thông báo, thực hiện phương án phân luồng giao thông tạm thời; quản lý vận hành, khai thác hệ thống đèn tín hiệu giao thông, các báo hiệu đường bộ khác, thiết bị thông minh hỗ trợ chỉ huy, điều khiển giao thông đường bộ.
+ Khắc phục kịp thời các hư hỏng về kết cấu hạ tầng giao thông đường bộ gây mất trật tự, an toàn giao thông đường bộ;
+ Trường hợp vượt quá khả năng, thẩm quyền, chức năng, nhiệm vụ phải kịp thời thông báo cho cơ quan có thẩm quyền để giải quyết;
+ Thực hiện các biện pháp khác theo quy định của pháp luật.
- Cơ sở khám bệnh, chữa bệnh cấp cứu ban đầu người bị tai nạn do tai nạn giao thông đường bộ có trách nhiệm báo ngay cho cơ quan Công an nơi gần nhất; thực hiện xét nghiệm nồng độ cồn, chất ma túy hoặc các chất kích thích khác trong máu của người điều khiển phương tiện tham gia giao thông đường bộ. Đối với cơ sở khám bệnh, chữa bệnh không đủ điều kiện xét nghiệm, phải lấy mẫu máu bảo quản và chuyển mẫu máu theo đúng quy định đến cơ sở xét nghiệm.
- Ủy ban nhân dân nơi gần nhất khi nhận được tin báo vụ tai nạn giao thông đường bộ phải thông tin cho cơ quan Công an có thẩm quyền để giải quyết.
- Doanh nghiệp bảo hiểm đối với người, phương tiện, tài sản liên quan đến tai nạn giao thông đường bộ khi nhận được tin báo về vụ tai nạn giao thông đường bộ phải cử người trực tiếp hoặc ủy quyền cho người đại diện của doanh nghiệp đến hiện trường phối hợp với đơn vị giải quyết vụ tai nạn giao thông đường bộ.",https://datafiles.hanoi.gov.vn/gov-hni/7608/VanBan/2026/1/5/document%20(6).pdf,
435,"Pháp luật quy định như thế nào về việc cứu nạn, cứu hộ khi xảy ra vụ tai nạn giao thông đường bộ?","Theo quy định tại Điều 82 Luật Trật tự, an toàn giao thông đường bộ việc cứu nạn, cứu hộ khi xảy ra vụ tai nạn giao thông đường bộ được thực hiện như sau:
- Cơ quan Công an chủ trì, phối hợp với các cơ quan, tổ chức, cá nhân có liên quan tổ chức lực lượng và công cụ, phương tiện nhanh chóng có mặt tại hiện trường để cứu nạn, cứu hộ. Căn cứ vào tính chất, mức độ, hậu quả vụ tai nạn giao thông đường bộ, cơ quan Công an có trách nhiệm báo cáo cơ quan có thẩm quyền để huy động lực lượng, phương tiện giải quyết vụ tai nạn giao thông đường bộ trong trường hợp cần thiết.
- Cơ sở khám bệnh, chữa bệnh phải bố trí, phân công người, phương tiện sẵn sàng và nhanh chóng có mặt tại hiện trường để sơ cứu, vận chuyển, cấp cứu nạn nhân sau khi tiếp nhận tin báo vụ tai nạn giao thông đường bộ; hỗ trợ, cứu chữa nạn nhân bị tai nạn giao thông đường bộ trong mọi trường hợp.
- Doanh nghiệp bảo hiểm có trách nhiệm phối hợp với cơ quan Công an bố trí phương tiện cứu hộ phương tiện bị tai nạn giao thông đường bộ trong trường hợp cần thiết.
- Ủy ban nhân dân cấp xã nơi xảy ra vụ tai nạn giao thông đường bộ có người chết mà không rõ tung tích, không có thân nhân hoặc thân nhân không có khả năng chôn cất có trách nhiệm tổ chức chôn cất sau khi cơ quan nhà nước có thẩm quyền điều tra, giải quyết vụ tai nạn giao thông đường bộ đồng ý cho chôn cất.
- Trường hợp tai nạn giao thông đường bộ liên quan đến phương tiện giao thông đường bộ chở hàng hóa nguy hiểm, cơ quan Công an chủ trì giải quyết vụ việc phải thông báo ngay cho đơn vị chức năng về giải quyết hóa chất độc hại, vật liệu cháy, nổ; phong tỏa hiện trường nơi xảy ra tai nạn giao thông đường bộ; tổ chức phân luồng giao thông, cấm người, phương tiện đi vào khu vực tai nạn.",https://datafiles.hanoi.gov.vn/gov-hni/7608/VanBan/2026/1/5/document%20(6).pdf,
436,"Khi xảy ra tai nạn giao thông đường bộ việc điều tra, giải quyết được pháp luật quy định như thế nào","Theo Điều 83 Luật Trật tự, an toàn giao thông đường bộ quy định việc điều tra, giải quyết tai nạn giao thông đường bộ như sau:
- Nguyên tắc điều tra, giải quyết tai nạn giao thông đường bộ:
+ Tất cả các vụ tai nạn giao thông đường bộ xảy ra phải được điều tra, giải quyết nhanh chóng, kịp thời, chính xác, khách quan, đúng quy định của pháp luật;
+ Người gây tai nạn giao thông đường bộ thì tùy theo tính chất, mức độ vi phạm có thể bị xử lý vi phạm hành chính hoặc bị truy cứu trách nhiệm hình sự, nếu gây thiệt hại thì phải bồi thường theo quy định của pháp luật;
+ Các tổ chức, cá nhân liên quan đến vụ tai nạn giao thông đường bộ có trách nhiệm phối hợp giải quyết;
+ Không được lợi dụng, lạm dụng công tác điều tra, giải quyết tai nạn giao thông đường bộ để xâm phạm lợi ích của Nhà nước, quyền, lợi ích hợp pháp của tổ chức, cá nhân;
+ Đối với vụ tai nạn giao thông đường bộ liên quan đến người và phương tiện của cơ quan đại diện ngoại giao, cơ quan lãnh sự, cơ quan đại diện của tổ chức quốc tế tại Việt Nam thì thực hiện theo quy định của Luật này, pháp luật về quyền ưu đãi, miễn trừ ngoại giao và điều ước quốc tế có liên quan mà nước Cộng hòa xã hội chủ nghĩa Việt Nam là thành viên.
- Đối với tai nạn giao thông đường bộ có dấu hiệu tội phạm, việc điều tra, giải quyết thực hiện theo quy định của pháp luật về hình sự và pháp luật về tố tụng hình sự. Đối với tai nạn giao thông đường bộ chưa xác định có dấu hiệu tội phạm, nội dung điều tra, giải quyết tai nạn giao thông đường bộ bao gồm:
+ Kiểm tra nồng độ cồn, chất ma túy, các chất kích thích khác mà pháp luật cấm sử dụng đối với người điều khiển phương tiện tham gia giao thông đường bộ liên quan đến tai nạn giao thông đường bộ;
+ Khám nghiệm hiện trường, phương tiện, tử thi, công trình đường bộ liên quan trực tiếp đến vụ tai nạn giao thông đường bộ; thu thập thông tin, dữ liệu; xác định hậu quả thiệt hại về người và tài sản do tai nạn giao thông đường bộ gây ra;
+ Tạm giữ phương tiện, đồ vật, tài liệu, giấy phép, chứng chỉ hành nghề của người điều khiển, phương tiện tham gia giao thông đường bộ;
+ Ghi lời khai của những người điều khiển phương tiện tham gia giao thông đường bộ, người bị nạn, người làm chứng và những người có liên quan khác trong vụ tai nạn giao thông đường bộ;
+ Xem xét dấu vết trên thân thể người bị nạn; kiểm tra, xác minh điều kiện của phương tiện, người điều khiển phương tiện khi tham gia giao thông đường bộ; kiểm tra hành khách, hàng hóa vận chuyển và các loại giấy tờ khác có liên quan;
+ Truy tìm phương tiện, người điều khiển phương tiện tham gia giao thông đường bộ gây tai nạn;
+ Giám định chuyên môn; dựng lại hiện trường;
+ Các hoạt động khác theo quy định của pháp luật.- Kết luận vụ tai nạn giao thông đường bộ phải xác định diễn biến, hậu quả thiệt hại, nguyên nhân, lỗi và điều kiện liên quan trực tiếp đến vụ tai nạn giao thông đường bộ; đề xuất xử lý vụ tai nạn giao thông đường bộ; kiến nghị cơ quan, tổ chức, cá nhân khắc phục khi phát hiện sơ hở, thiếu sót nhằm bảo đảm trật tự, an toàn giao thông đường bộ.",https://datafiles.hanoi.gov.vn/gov-hni/7608/VanBan/2026/1/5/document%20(6).pdf,
437,"Tôi dự lớp đào tạo cấp Giấy phép lái xe (GPLX) mô tô và đã trải qua kỳ thi sát hạch, tuy nhiên tôi chưa nhận được GPLX ngay mà chỉ được cấp giấy hẹn. Bộ Công an cho tôi hỏi, khi tôi tham gia giao thông trong thời gian đợi lấy GPLX, Cảnh sát giao thông có quyền phạt tôi lỗi không có GPLX hay không?","Giấy hẹn trả kết quả Giấy phép lái xe không có giá trị thay thế Giấy phép lái xe khi tham gia giao thông. Cảnh sát giao thông có quyền xử phạt hành vi điều khiển phương tiện không có Giấy phép lái xe tại thời điểm kiểm tra.
Căn cứ pháp lý: Điều 56 Luật Trật tự, an toàn giao thông đường bộ 2024 (Luật số 36/2024/QH15); Khoản 5 Điều 18 Nghị định 168/2024/NĐ-CP
Mức xử phạt cụ thể đối với hành vi không có Giấy phép lái xe:
- Điều khiển xe mô tô có dung tích xi-lanh dưới 125 cm3 (hoặc công suất động cơ điện đến 11 kW): Phạt tiền từ 2.000.000 đồng đến 4.000.000 đồng.
- Điều khiển xe mô tô có dung tích xi-lanh từ 125 cm3 trở lên: Phạt tiền từ 6.000.000 đồng đến 8.000.000 đồng.",https://bocongan.gov.vn/chinh-sach-phap-luat/chi-tiet-cau-hoi/46b6fe1f-1b4b-400c-a713-16c2032ca54c,
438,"Gần đây, nhiều vụ tai nạn giao thông nghiêm trọng liên quan đến tài xế uống rượu, bia. Bộ Công an cho tôi hỏi, mức xử phạt đối với tài xế uống rượu, bia điều khiển phương tiện tham gia giao thông là như thế nào? Và Bộ Công an có kế hoạch, chế tài như thế nào đối với người vi phạm? ","Người điều khiển phương tiện tham gia giao thông mà trong máu hoặc hơi thở có nồng độ cồn sẽ bị xử phạt tiền rất nặng và bị trừ toàn bộ 12 điểm Giấy phép lái xe ở mức vi phạm cao nhất.
Căn cứ pháp lý: Điều 6, Điều 7 Nghị định số 168/2024/NĐ-CP (được sửa đổi, bổ sung bởi Nghị định số 238/2026/NĐ-CP); Luật Trật tự, an toàn giao thông đường bộ 2024.
Mức xử phạt cụ thể đối với vi phạm nồng độ cồn:
- Đối với người điều khiển xe ô tô: Phạt tiền từ 6.000.000 - 8.000.000 đồng (mức 1, trừ 3 điểm GPLX); từ 16.000.000 - 18.000.000 đồng (mức 2, trừ 10 điểm GPLX); từ 30.000.000 - 40.000.000 đồng (mức 3, trừ 12 điểm GPLX).
- Đối với người điều khiển xe mô tô: Phạt tiền từ 2.000.000 - 3.000.000 đồng (mức 1, trừ 3 điểm GPLX); từ 4.000.000 - 5.000.000 đồng (mức 2, trừ 10 điểm GPLX); từ 8.000.000 - 10.000.000 đồng (mức 3, trừ 12 điểm GPLX).",https://bocongan.gov.vn/chinh-sach-phap-luat/chi-tiet-cau-hoi/cce9380a-31c7-4812-b83b-5c7c0863145c,
439,"Trong khi tham gia giao thông, tôi dừng xe khi tín hiệu đèn giao thông đang báo đèn xanh thì bị Cảnh sát giao thông phạt. Bộ Công an cho tôi hỏi, có quy định nào phạt lỗi dừng phương tiện khi đèn giao thông có tín hiệu xanh hay không?","Trường hợp dừng xe khi tín hiệu đèn giao thông đang báo đèn xanh mà không có lý do hợp lệ (như đường phía trước bị ùn tắc, nhường đường cho xe ưu tiên hoặc gặp sự cố bất khả kháng) gây cản trở giao thông là hành vi vi phạm pháp luật và bị xử phạt.
Căn cứ pháp lý: Điều 11 Luật Trật tự, an toàn giao thông đường bộ 2024; Điểm đ Khoản 3 Điều 6 Nghị định số 168/2024/NĐ-CP.
Mức xử phạt cụ thể:
- Phạt tiền từ 800.000 đồng đến 1.000.000 đồng đối với người điều khiển xe ô tô dừng xe không đúng quy định gây cản trở giao thông.
- Trường hợp cố tình dừng xe gây ùn tắc giao thông nghiêm trọng: Phạt tiền từ 12.000.000 đồng đến 14.000.000 đồng và bị trừ 04 điểm Giấy phép lái xe.",https://bocongan.gov.vn/chinh-sach-phap-luat/chi-tiet-cau-hoi/0d44b2fb-b726-47c9-b8c9-43887c5fb063,
440,"Tôi có giấy phép lái xe hạng B2, quy định được điều khiển xe chuyên dùng có trọng tải dưới 3.500kg. Tôi được biết, trong phần lái xe hạng A4 quy định được điều khiển xe có trọng tải đến 1.000kg. Như vậy, tôi có giấy phép lái xe hạng B2 thì có được phép lái xe hạng A4 không và quy định cụ thể tại văn bản nào? ","Người có Giấy phép lái xe hạng B (hoặc B2 cũ) không được phép điều khiển máy kéo (xe hạng A4 cũ). Để điều khiển các loại xe máy nông nghiệp, máy kéo, người lái xe phải có Giấy phép lái xe hạng phù hợp.
Căn cứ pháp lý: Điều 57 Luật Trật tự, an toàn giao thông đường bộ 2024 (Luật số 36/2024/QH15); Thông tư số 108/2026/TT-BCA của Bộ Công an.
Chi tiết phân hạng Giấy phép lái xe:
- Giấy phép lái xe hạng B cấp cho người điều khiển xe ô tô chở người đến 08 chỗ (không kể chỗ của người lái xe), xe ô tô tải có khối lượng toàn bộ theo thiết kế đến 3.500 kg.
- Giấy phép lái xe hạng B không bao hàm quyền điều khiển máy kéo, xe máy chuyên dùng. Nếu điều khiển máy kéo sẽ bị xử phạt lỗi không có Giấy phép lái xe phù hợp.",https://bocongan.gov.vn/chinh-sach-phap-luat/chi-tiet-cau-hoi/c4b911ee-0031-4347-8a60-dc4a13d0d264,
441,"Bộ Công an cho tôi hỏi, trường hợp đã tích hợp Giấy phép lái xe vào tài khoản VNeID thì lái xe có bắt buộc phải xuất trình Giấy phép lái xe trong các trường hợp kiểm soát giao thông nữa hay không?","Khi Giấy phép lái xe đã được tích hợp và hiển thị hợp lệ trên tài khoản căn cước điện tử VNeID, người lái xe không bắt buộc phải xuất trình Giấy phép lái xe bản cứng khi lực lượng Cảnh sát giao thông kiểm tra.
Căn cứ pháp lý: Khoản 3 Điều 56 Luật Trật tự, an toàn giao thông đường bộ 2024; Thông tư số 32/2023/TT-BCA (được sửa đổi, bổ sung bởi Thông tư số 28/2024/TT-BCA).
Chi tiết quy định kiểm tra giấy tờ:
- Việc xuất trình thông tin các giấy tờ đã được tích hợp, cập nhật trên tài khoản VNeID có giá trị tương đương như kiểm tra trực tiếp giấy tờ bản cứng.
- Lực lượng CSGT thực hiện kiểm tra, đối chiếu thông tin trên hệ thống VNeID để xác nhận tính hợp lệ của giấy phép lái xe.",https://bocongan.gov.vn/chinh-sach-phap-luat/chi-tiet-cau-hoi/4dfed5c6-2baa-4536-9a2f-7869eaee06a8,
442,"Hiện nay, nạn đua xe trái phép có dấu hiệu xuất hiện trở lại và hậu quả của hành vi đua xe trái phép đang là một vấn đề gây bức xúc đối với người dân. Bộ Công an cho tôi hỏi, mức xử phạt đối với hành vi đua xe trái phép và người cổ vũ đua xe trái phép là như thế nào và 02 hành vi nêu trên được quy định xử phạt cụ thể tại văn bản nào?","Hành vi đua xe trái phép và cổ vũ đua xe trái phép là các hành vi vi phạm pháp luật nghiêm trọng, bị xử phạt tiền rất cao, tịch thu phương tiện và bị truy cứu trách nhiệm hình sự.
Căn cứ pháp lý: Điều 265, Điều 266 Bộ luật Hình sự 2015 (sửa đổi, bổ sung 2017).
Mức xử phạt cụ thể:
- Hành vi cổ vũ đua xe trái phép: Phạt tiền từ 1.000.000 đồng đến 2.000.000 đồng.
- Hành vi đua xe ô tô, xe mô tô trái phép:  Phạt tiền từ 10.000.000 đồng đến 50.000.000 đồng, cải tạo không giam giữ đến 02 năm hoặc phạt tù từ 06 tháng đến 03 năm đối với hành vi đua xe gây tổn thương cơ thể người khác từ 31% đến 60%, gây thiệt hại tài sản từ 50.000.000 đồng đến dưới 100.000.000 đồng hoặc đã bị xử phạt vi phạm hành chính/chưa được xóa án tích mà còn vi phạm.
- Trách nhiệm hình sự: Người đua xe trái phép bị xử lý hình sự theo Điều 265 Bộ luật Hình sự với khung hình phạt tù từ 03 năm đến 20 năm hoặc tù chung thân.",https://bocongan.gov.vn/chinh-sach-phap-luat/chi-tiet-cau-hoi/a5405c0a-ec08-43d0-b731-3a5cbe5a9fcd,
443,"Tình trạng xe quá tải, quá khổ với trọng tải hàng trăm tấn đi qua nhiều trạm kiểm tra, kiểm soát của lực lượng Cảnh sát giao thông, Thanh tra giao thông và các trạm cân lưu động của các tỉnh, thành phố dọc tuyến Quốc lộ 1A (như ngày 20/4/2014, xe 51C-178.99 kéo romooc chở hơn 100 tấn hàng từ Hà Nội vào đến Bình Thuận mới bị phát hiện và lập biên bản) nhưng không bị phát hiện, xử lý. Cử tri đề nghị Bộ Công an kiểm tra, xử lý nghiêm những cán bộ, công chức ngành thiếu trách nhiệm trong vụ việc nêu trên.","Thực hiện chỉ đạo của Chính phủ, Ủy ban An toàn giao thông Quốc gia về tăng cường kiểm soát tải trọng xe ô tô trên đường bộ, Kế hoạch số 12593/KHPH/BGTVT-BCA, ngày 21/11/2013 của Bộ Giao thông vận tải:
- Bộ Công an phối hợp thực hiện tuần tra, kiểm soát, xử lý hành vi vi phạm chở hàng vượt quá trọng tải của xe ô tô vận chuyển hàng hóa trên đường bộ; trong 6 tháng đầu năm 2014, lực lượng Cảnh sát giao thông đã phối hợp với lực lượng Thanh tra giao thông kiểm tra tại các trạm cân, phát hiện, lập biên bản 25.000 trường hợp vi phạm chở hàng quá trọng tải, xử phạt nộp kho bạc Nhà nước 77 tỷ đồng, tạm giữ 563 phương tiện, tước 14.000 giấy phép lái xe, xử lý hạ tải đối với 7.236 phương tiện vi phạm, 33.000 tấn hàng. Thông qua công tác tuần tra, kiểm soát, lực lượng Cảnh sát giao thông đã chủ động kiểm tra, phát hiện, lập biên bản 47.000 trường hợp vi phạm chở hàng quá trọng tải, xử phạt nộp kho bạc Nhà nước 106 tỷ đồng, tạm giữ 1.845 phương tiện, tước 23.000 giấy phép lái xe, xử lý hạ tải đối với 8.792 phương tiện vi phạm, với 27.000 tấn hàng. Việc đồng loạt ra quân xử lý xe ô tô chở quá trọng tải trong toàn quốc đã tác động mạnh đến các doanh nghiệp vận tải, chủ hàng, chủ xe, lái xe trong việc chấp hành quy định về vận tải đường bộ và đã có chuyển biến tích cực, được dư luận xã hội đồng thuận, ủng hộ.

Tuy nhiên, vẫn còn tình trạng xe quá tải tránh né các trạm cân và lưu thông khi trạm cân dừng hoạt động, nguyên nhân là do thời gian đầu thực hiện việc kiểm soát trọng tải phương tiện, một số địa phương chưa thực hiện tốt việc kiểm tra liên tục 24h trong ngày, mà chỉ thực hiện vào giờ hành chính hoặc 01 ngày chỉ làm 8h; mặt khác, mỗi địa phương chỉ được trang bị 01 trạm cân lưu động, trong khi đó địa bàn rộng có nhiều tuyến đường đi qua nên không quán xuyến, kiểm soát triệt để được xe quá trọng tải qua địa bàn quản lý (khi cân ở khu vực này thì lái xe, chủ xe tìm cách né, tránh đi qua khu vực khác). Sau khi phát hiện những bất cập tồn tại này, Bộ Giao thông vận tải đã chủ trì báo cáo Chính phủ yêu cầu Ủy ban nhân dân các địa phương chỉ đạo các đơn vị chức năng thực hiện nghiêm túc việc kiểm soát tải trọng xe 24h trong ngày và 07 ngày trong tuần, do vậy, đã giảm hẳn việc xe ô tô dừng đỗ ở đầu trạm cân cũng như né tránh trạm cân.

Về vụ việc chiếc xe 51C-17899 kéo rơmoóc chở hơn 100 tấn hàng từ Hà Nội vào đến Bình Thuận mới bị phát hiện và lập biên bản: Ngày 25/4/2014, Bộ Công an đã có Điện chỉ đạo Công an các địa phương dọc tuyến quốc lộ 1A từ Hà Nội đến Đồng Nai khẩn trương kiểm tra, xác minh, báo cáo việc kiểm tra, xử lý đối với chiếc xe ô tô trên. Đây là thời gian đầu mới triển khai các trạm cân lưu động, công tác phối hợp chưa chặt chẽ, nên lái xe ô tô biển kiểm soát
51C – 17899 chở hàng quá tải trọng, di chuyển từ Hà Nội đến Bình Thuận, quá trình lưu thông trên đường lái xe đã tìm mọi cách để né, tránh các tổ tuần tra kiểm soát và các trạm cân, khi đến tỉnh Bình Thuận mới bị phát hiện, lập biên bản; do lực lượng Thanh tra giao thông tỉnh Bình Thuận không bố trí đủ thiết bị hạ tải, bãi hạ tải nên mới chỉ lập biên bản vi phạm mà chưa buộc hạ tải, cho xe tiếp tục lưu hành; sau đó chiếc xe này đi đến địa phận tỉnh Long An thì lực lượng Cảnh sát giao thông tỉnh Long An phát hiện, lập biên bản tạm giữ, yêu cầu lái xe, chủ xe phải chuyển tải bằng đường thủy về Thành phố Cần Thơ.

Thời gian tới, thực hiện chỉ đạo của Chính phủ và Ủy ban An toàn giao thông quốc gia và Kế hoạch số 12593/KHPH/BGTVT-BCA, nhằm góp phần đảm bảo trật tự, an toàn giao thông, Bộ Công an đang chỉ đạo:

- Công an các đơn vị, địa phương tiếp tục thực hiện nghiêm túc chỉ đạo của Chính phủ và Ủy ban An toàn giao thông quốc gia, xác định công tác kiểm soát tải trọng xe là nhiệm vụ trọng tâm trong năm 2014; tiếp tục phối hợp chặt chẽ với các đơn vị chức năng của ngành Giao thông vận tải triển khai đồng bộ, quyết liệt, thường xuyên liên tục, lâu dài, đúng chức năng, nhiệm vụ được giao trong Kế hoạch số 12593/KHPH/BGTVT-BCA. Chủ động tổ chức lực lượng kiểm tra, xử lý hành vi vi phạm của xe ôtô chở hàng quá trọng tải.

- Tiếp tục duy trì và phát huy hiệu quả mô hình các tổ công tác phối hợp giữa Cảnh sát giao thông, Cảnh sát hình sự, Cảnh sát cơ động, Cảnh sát 113... để tăng cường tuần tra, kiểm soát, đấu tranh phòng chống các loại tội phạm, nhất là phòng, chống tình trạng “cò”, “môi giới dẫn xe”chở hàng quá tải trọng đi qua các trạm cân, trốn tránh việc kiểm soát của các lực lượng chức năng.

- Tham mưu cấp uỷ, chính quyền các cấp chỉ đạo đẩy mạnh phong trào quần chúng bảo vệ an ninh, trật tự nói chung, công tác bảo đảm trật tự, an toàn giao thông nói riêng; chỉ đạo các cơ quan ban, ngành địa phương phối hợp
thống nhất thực hiện có hiệu quả Thông tư liên ngành về xử lý xe quá trọng tải, góp phần đảm bảo, trật tự an toàn giao thông.Tăng cường thanh tra, kiểm tra, giám sát phát hiện cán bộ, chiến sĩ thực hiện nhiệm vụ tuần tra kiểm soát giao thông vi phạm quy trình công tác, thiếu trách nhiệm trong thực thi nhiệm vụ hoặc tiêu cực (dừng xe không kiểm soát, kiểm soát qua loa, bỏ qua vi phạm...), tùy theo mức độ sai phạm để có hình thức xử lý nghiêm minh, đồng thời xử lý trách nhiệm đối với lãnh đạo chỉ huy để cán bộ, chiến sĩ vi phạm theo quy định.",https://bocongan.gov.vn/chinh-sach-phap-luat/chi-tiet-cau-hoi/3fb66fa5-6004-4974-be8d-1b0bd56d5e55,
444,"Trong thành phố có những tuyến đường hạn chế xe có tải trọng lớn nhưng xe tải của tôi thường phải trả hàng hóa thường xuyên và tôi đã xin được giấy cấp phép vào đường cấm đầy đủ. Tuy nhiên, có nhiều tuyến đường lại có biển cấm đỗ cấm dừng rất bất tiện cho tôi trong việc trả hàng hóa. Bộ Công an cho tôi hỏi, tôi có thể xin giấy phép được đi vào tuyến đường cấm đỗ, cấm dừng không? Nếu được thì thủ tục xin cấp phép như thế nào?","Cơ quan nhà nước không cấp giấy phép cho phép phương tiện được đi vào hoặc dừng, đỗ trên các tuyến đường có biển cấm dừng, cấm đỗ xe (trừ các phương tiện ưu tiên đang làm nhiệm vụ theo quy định).
Căn cứ pháp lý: Điều 18, Điều 27 Luật Trật tự, an toàn giao thông đường bộ 2024; Quy chuẩn kỹ thuật quốc gia QCVN 41:2024/BGTVT.
Hướng dẫn xử lý đối với việc trả hàng hóa:
- Người điều khiển phương tiện phải tìm vị trí dừng đỗ xe hợp pháp (bãi đỗ xe, điểm dừng đỗ được phép) hoặc thực hiện việc giao nhận hàng vào các khung giờ không cấm đỗ.
- Việc xin cấp phép chỉ áp dụng đối với giấy phép lưu hành xe quá khổ, quá tải hoặc giấy phép đi vào đường cấm tải trọng/cấm giờ theo quy định của Ủy ban nhân dân cấp tỉnh.",https://bocongan.gov.vn/chinh-sach-phap-luat/chi-tiet-cau-hoi/0ba4bb82-9555-49b2-ac10-7cf665c6d82e,
445,"Tôi đang lái xe ô tô trên đường, không sử dụng rượu bia, đi đúng làn đường, không vi phạm gì nhưng rất nhiều lần bị Cảnh sát giao thông yêu cầu dừng xe để thổi nồng độ cồn, làm mất thời gian của tôi. Về vấn đề này, Bộ Công an cho tôi hỏi một số nội dung sau: 
- Cảnh sát giao thông được quyền yêu cầu dừng phương tiện để kiểm tra trong trường hợp nào?
- Trường hợp người lái xe không vi phạm gì thì Cảnh sát giao thông có được dừng xe để kiểm tra nồng độ cồn không? Nếu được thì theo quy định tại văn bản nào? 
- Trường hợp người lái xe thấy mình không vi phạm gì nên không chấp hành hiệu lệnh của Cảnh sát giao thông thì có bị xử phạt không?     ","Cảnh sát giao thông được quyền dừng phương tiện để kiểm tra nồng độ cồn theo kế hoạch chuyên đề đã được cấp có thẩm quyền phê duyệt mà không cần người lái xe có dấu hiệu vi phạm trước đó. Trường hợp không chấp hành hiệu lệnh dừng xe sẽ bị xử phạt vi phạm hành chính.
Căn cứ pháp lý: Điều 12, Điều 16 Thông tư số 32/2023/TT-BCA (được sửa đổi, bổ sung bởi Thông tư số 28/2024/TT-BCA); Điều 6, Điều 7 Nghị định số 168/2024/NĐ-CP.
Chi tiết giải đáp các thắc mắc:
- Trường hợp dừng xe: CSGT thực hiện mệnh lệnh, kế hoạch tuần tra, kiểm soát chuyên đề nồng độ cồn được Trưởng phòng CSGT hoặc Trưởng Công an cấp huyện trở lên phê duyệt.
- Xử phạt không chấp hành: Người lái xe thấy mình không vi phạm nhưng không chấp hành hiệu lệnh dừng xe sẽ bị phạt tiền từ 4.000.000 - 6.000.000đ (ô tô) / 800.000 - 1.000.000đ (mô tô) và bị trừ điểm GPLX.",https://bocongan.gov.vn/chinh-sach-phap-luat/chi-tiet-cau-hoi/a17189ed-3d32-4305-abe4-a2c470e1b2b1,
446,"Tôi điều khiển ô tô chở khách từ Hưng Yên về Thanh Hóa, trên địa phận Thanh Hóa tôi bị Cảnh sát giao thông xử phạt về lỗi điều khiển xe chạy quá tốc độ. Tuy nhiên, tôi lại không cư trú ở Thanh Hóa thì có cách nào để nộp phạt mà không cần phải quay về Thanh Hóa hay không?","Ngày 15/6/2016, Cục Cảnh sát giao thông và Tổng Công ty Bưu điện Việt Nam ký kết Thỏa thuận hợp tác số 69/TTHT-C67-BĐVN về thu, nộp hộ tiền xử phạt và chuyển trả giấy tờ tạm giữ trong lĩnh vực giao thông đường bộ tới tay công dân theo yêu cầu. Theo đó, kể từ ngày 01/7/2016, người vi phạm có thể nộp tiền phạt và đăng ký chuyển trả giấy tờ tạm giữ trong lĩnh vực giao thông đường bộ tại bất kỳ bưu cục nào trên cả nước. Việc cung cấp dịch vụ được thực hiện trên cơ sở đăng ký tự nguyện của người vi phạm. Người vi phạm có thể đăng ký sử dụng dịch vụ trực tiếp với cơ quan Công an hoặc đăng ký với bưu điện. Tuy nhiên, đối với các trường hợp: Đang xác minh (có hay không có hành vi vi phạm; tình tiết tăng nặng, giảm nhẹ); có dấu hiệu hình sự; có áp dụng hình thức xử phạt bổ sung tước quyền sử dụng giấy phép lái xe, chứng chỉ hành nghề và tạm giữ tang vật, phương tiện vi phạm thì không thực hiện dịch vụ thu, nộp tiền xử phạt và chuyển trả giấy tờ tạm giữ trong lĩnh vực giao thông đường bộ (Điều 2 Thỏa thuận hợp tác số 69/TTHT-C67-BĐVN).",https://bocongan.gov.vn/chinh-sach-phap-luat/chi-tiet-cau-hoi/2dd3ac43-6f8f-45a8-aaa7-43698c85345d,
447,"Bộ Công an cho tôi hỏi, người điều khiển xe gắn máy uống rượu bia khi thấy Cảnh sát giao thông hoặc chốt kiểm tra nồng độ cồn thì xuống dắt xe đi bộ nhằm tránh việc kiểm tra của lực lượng Cảnh sát giao thông thì có thể coi là hành vi đối phó với lực lượng chức năng hay không? Và việc uống rượu bia dắt xe máy qua chốt kiểm tra nồng độ cồn có bị xử phạt không?","Trường hợp người uống rượu bia điều khiển xe máy tham gia giao thông, khi thấy chốt CSGT liền xuống dắt xe đi bộ để né tránh kiểm tra, nếu lực lượng chức năng có căn cứ/hình ảnh chứng minh người đó đã điều khiển xe trước đó thì vẫn bị xử phạt vi phạm nồng độ cồn.
Căn cứ pháp lý: Khoản 2 Điều 9 Luật Trật tự, an toàn giao thông đường bộ 2024; Điều 7 Nghị định số 168/2024/NĐ-CP.
Chi tiết quy định xử lý:
- Hành vi vi phạm tính từ thời điểm người điều khiển phương tiện cho xe di chuyển trên đường giao thông.
- Nếu không chấp hành yêu cầu kiểm tra nồng độ cồn của người thi hành công vụ: Phạt tiền ở mức tối đa từ 8.000.000 đồng đến 10.000.000 đồng đối với xe mô tô và bị trừ 12 điểm Giấy phép lái xe.",https://bocongan.gov.vn/chinh-sach-phap-luat/chi-tiet-cau-hoi/175d9f7a-3541-401d-9bd6-8c4f4642a44e,
448,"Tôi được biết, theo quy định thì người đủ 16 tuổi trở lên được lái xe gắn máy có dung tích xi-lanh dưới 50 cm3. Tôi muốn hỏi Bộ Công an, trường hợp người chưa đủ 16 tuổi lái xe gắn máy có dung tích xi-lanh dưới 50 cm3 mà không đội mũ bảo hiểm, lạng lách đánh võng gây va chạm với phương tiện tham gia giao thông khác thì bị xử phạt như thế nào? Ngoài ra, chủ của xe gắn máy cho người chưa đủ 16 tuổi mượn xe có bị xử phạt không?","Người chưa đủ 16 tuổi điều khiển xe gắn máy không bị xử phạt tiền nhưng bị xử phạt cảnh cáo và tạm giữ phương tiện. Chủ xe cho người chưa đủ 16 tuổi mượn xe sẽ bị xử phạt vi phạm hành chính.
Căn cứ pháp lý: Điều 21, Điều 134 Luật Xử lý vi phạm hành chính 2012 (sửa đổi 2020)
Mức xử phạt cụ thể:
- Đối với người chưa đủ 16 tuổi: Áp dụng hình thức xử phạt Cảnh cáo (nếu từ đủ 14 tuổi đến dưới 16 tuổi) và tạm giữ phương tiện đến 07 ngày.
- Đối với chủ xe giao xe gắn máy cho người chưa đủ 16 tuổi điều khiển: Phạt tiền từ 8.000.000 đồng đến 10.000.000 đồng đối với cá nhân; từ 16.000.000 đồng đến 20.000.000 đồng đối với tổ chức.",https://bocongan.gov.vn/chinh-sach-phap-luat/chi-tiet-cau-hoi/568b62fd-39e4-4645-8b77-7288b1749413,
449,Tôi bị mất giấy đăng ký xe máy nhưng vẫn còn đủ các giấy tờ khi mua xe tại hãng. Tôi muốn được cấp lại giấy đăng ký xe máy thì cần làm những thủ tục gì?,"Trường hợp bị mất Giấy đăng ký xe máy, chủ xe nộp hồ sơ xin cấp lại Giấy đăng ký xe trực tuyến trên Cổng dịch vụ công hoặc trực tiếp tại cơ quan đăng ký xe (Công an cấp xã/huyện).
Căn cứ pháp lý: Điều 17 Thông tư số 79/2024/TT-BCA của Bộ Công an quy định về cấp, thu hồi chứng nhận đăng ký xe, biển số xe cơ giới.
Hồ sơ và thủ tục xin cấp lại Giấy đăng ký xe gồm:
- Giấy khai đăng ký xe (kê khai trên Cổng dịch vụ công).
- Giấy tờ của chủ xe: Xuất trình Căn cước công dân hoặc tài khoản VNeID mức độ 2.
- Kiểm tra xe: Trường hợp cấp lại Giấy đăng ký xe không bắt buộc phải mang xe đến kiểm tra (trừ trường hợp xe biển 3-4 số nâng cấp sang biển định danh). Thời gian giải quyết không quá 30 ngày kể từ khi nhận đủ hồ sơ hợp lệ.",https://bocongan.gov.vn/chinh-sach-phap-luat/chi-tiet-cau-hoi/733a2437-2d9d-4564-8f93-c9f0dad52ddc,
450,"  Vừa qua, tôi rút hồ sơ gốc xe ô tô từ Tây Ninh về Khánh Hòa, Cảnh sát giao thông (CSGT) Khánh Hòa báo hồ sơ xe tôi thiếu ủy quyền mua bán của chủ xe thứ 2. Trước đó, xe tôi đã mua qua 3 đời chủ, tôi mua lại của chủ thứ 3 và có hợp đồng mua bán hợp lệ, CSGT Tây Ninh đã thu biển số, cấp biển số tạm và giao hồ sơ gốc chuyển về Khánh Hòa để đăng ký mới. Tôi muốn hỏi, tôi phải làm thế nào khi CSGT Khánh Hòa yêu cầu tôi bổ sung hợp đồng ủy quyền bị thiếu hoặc xin xác nhận của CSGT Tây Ninh bổ sung thì mới cho đăng ký xe. Hiện tại tôi bị trả lại hồ sơ mà không có văn bản hướng dẫn nào. Tôi xin cảm ơn!","Trường hợp sang tên xe ô tô mua qua nhiều đời chủ bị thiếu hợp đồng ủy quyền của chủ cũ, chủ xe được thực hiện giải quyết đăng ký sang tên xe theo quy trình sang tên xe qua nhiều tổ chức, cá nhân thiếu chứng từ chuyển quyền sở hữu.
Căn cứ pháp lý: Điều 31 Thông tư số 79/2024/TT-BCA của Bộ Công an.
Quy trình và thủ tục thực hiện:
- Kê khai Giấy khai đăng ký xe và làm bản cam kết chịu trách nhiệm về nguồn gốc hợp pháp của xe.
- Cơ quan đăng ký xe (CSGT Khánh Hòa) sẽ phát hành thông báo, niêm yết công khai và tra cứu dữ liệu xe mất cắp. Sau 30 ngày nếu không có tranh chấp sẽ giải quyết cấp đăng ký, biển số xe theo quy định.",https://bocongan.gov.vn/chinh-sach-phap-luat/chi-tiet-cau-hoi/a9160a6e-0e59-49ed-b055-7d55759d387d,
451,"Tôi cần rút hồ sơ thu hồi biển số xe để sang tên nhưng hiện tại tôi không biết chủ cũ ở đâu và tôi chỉ có hợp đồng mua bán đã công chứng thì tôi có rút được hồ sơ thu hồi biển số hay không? Bộ Công an cho tôi hỏi, trường hợp của tôi muốn rút hồ sơ thu hồi biển số xe gồm những quy trình như thế nào?","Trường hợp không tìm được chủ cũ, người đang sử dụng xe có hợp đồng mua bán công chứng được trực tiếp làm thủ tục thu hồi đăng ký, biển số xe và đăng ký sang tên xe theo quy định đối với xe qua nhiều đời chủ.
Căn cứ pháp lý: Điều 31 Thông tư số 79/2024/TT-BCA của Bộ Công an.
Quy trình giải quyết gồm các bước:
- Bước 1: Người đang sử dụng xe làm thủ tục thu hồi đăng ký, biển số xe tại cơ quan quản lý hồ sơ xe (nộp chứng nhận đăng ký, biển số xe, hợp đồng mua bán, bản cam kết).
- Bước 2: Cơ quan đăng ký xe kiểm tra, tra cứu dữ liệu xe mất cắp, niêm yết công khai tại trụ sở 30 ngày.
- Bước 3: Sau 30 ngày không có tranh chấp, cơ quan đăng ký xe giải quyết sang tên, cấp biển số định danh cho người đang sử dụng xe.",https://bocongan.gov.vn/chinh-sach-phap-luat/chi-tiet-cau-hoi/8f4d8096-1019-4507-8159-270876782016,
452,"Hiện nay, tôi đang có nhu cầu bán 01 xe ô tô tải. Tôi được biết, theo quy định mới, nếu bán xe ô tô, biển số xe sẽ là biển số định danh, lưu vào kho (trong thời hạn 5 năm) để dùng cho xe sau. Bộ Công an cho tôi hỏi, nếu sau khi bán xe ô tô tải, tôi mua xe ô tô con thì tôi có được sử dụng biển số xe cũ làm biển số định danh không? Nếu được thì tôi phải làm những thủ tục gì? ","Hiện tại biển số xe ô tô con và xe ô tô tải đang được cấp theo các sêri khác nhau. Do đó, biển số định danh của loại xe nào chỉ được cấp cho loại xe đó. Khi bạn bán xe ô tô tải, bạn sẽ được giữ lại số của biển số đó (nếu biển số gồm 5 số) cho xe ô tô tải khác của mình trong thời hạn 05 năm kể từ ngày làm thủ tục thu hồi. Khi bạn mua xe ô tô con mới bạn sẽ được đăng ký, cấp biển định danh khác cho xe ô tô con mà bạn mua.",https://bocongan.gov.vn/chinh-sach-phap-luat/chi-tiet-cau-hoi/8c09cd49-5577-4e77-939f-68278a101b23,
453,"Tôi được biết, theo quy định, biển số xe định danh không áp dụng đối với biển 3 số và 4 số mà chỉ áp dụng với biển 5 số. Tôi muốn hỏi Bộ Công an, trường hợp biển số xe 5 số đã đăng ký trước ngày 15/8/2023 thì được xử lý như thế nào? Trường hợp chủ xe đang sử dụng xe mang biển 3 và 4 số có được tham gia giao thông không?","Biển số xe 5 số đã đăng ký trước ngày 15/8/2023 mà chưa làm thủ tục thu hồi được mặc định xác định là biển số định danh của chủ xe. Xe mang biển 3 số, 4 số vẫn được tiếp tục tham gia giao thông bình thường.
Căn cứ pháp lý: Điều 39 Thông tư số 79/2024/TT-BCA của Bộ Công an.
Chi tiết quy định áp dụng:
- Xe biển 5 số đã đăng ký trước 15/8/2023: Được tự động quản lý là biển số định danh của người đứng tên trên đăng ký xe.
- Xe biển 3 số, 4 số: Được tiếp tục tham gia giao thông. Nếu chủ xe có nhu cầu hoặc khi làm thủ tục sang tên, di chuyển, cấp đổi/cấp lại đăng ký xe thì cơ quan Công an sẽ thu hồi biển 3, 4 số và cấp biển số định danh 5 số mới.",https://bocongan.gov.vn/chinh-sach-phap-luat/chi-tiet-cau-hoi/9307a15f-e886-4d8f-b6a0-11b06775fc11,
454,"Chồng tôi hiện đang lái xe 46 chỗ cho 1 công ty ở TP Hồ Chí Minh, chiếc xe chồng tôi đang lái để đưa đón nhân viên tới công ty (xe biển trắng), không có mục đích kinh doanh khác. Bộ Công an cho tôi hỏi, đối với loại xe này, ngoài giấy đăng ký xe, giấy đăng kiểm xe, bảo hiểm xe thì còn cần các giấy tờ nào khác khi lưu thông trên đường hay không?","Xe ô tô 46 chỗ biển trắng đưa đón nhân viên nội bộ (không kinh doanh vận tải) khi lưu thông trên đường phải mang theo: Đăng ký xe, Giấy chứng nhận kiểm định, Bảo hiểm TNDS, GPLX của tài xế (hạng D2/D) và Danh sách vận chuyển nhân viên.
Căn cứ pháp lý: Điều 56, Điều 58 Luật Trật tự, an toàn giao thông đường bộ 2024; Nghị định số 168/2024/NĐ-CP.
Các giấy tờ tài xế phải mang theo khi lưu thông:
- Giấy chứng nhận đăng ký xe (hoặc bản sao có xác nhận của ngân hàng khi xe đang thế chấp).
- Giấy chứng nhận kiểm định an toàn kỹ thuật và bảo vệ môi trường.
- Giấy chứng nhận bảo hiểm trách nhiệm dân sự của chủ xe cơ giới.
- Giấy phép lái xe hạng D2 hoặc D còn hiệu lực và Danh sách nhân viên được đưa đón.",https://bocongan.gov.vn/chinh-sach-phap-luat/hoi-dap-phap-luat/danh-sach,
455,"Sau một thời gian chìm lắng hiện nay tình trạng cấp biển vượt số đang diễn ra. Cử tri đề nghị Bộ Công an có những giải pháp cụ thể chỉ đạo Công an các tỉnh, thành phố thanh tra, kiểm tra quyết liệt vấn đề cấp biển số xe, nhất là biển số xe ô tô nhằm phát hiện, xử lý nghiêm đơn vị, cá nhân cấp sai quy định.","Bộ Công an thực hiện việc quản lý, cấp biển số xe hoàn toàn tự động bấm số ngẫu nhiên trên Hệ thống đăng ký xe của Cục Cảnh sát giao thông, tăng cường thanh tra, kiểm tra và xử lý nghiêm các cá nhân vi phạm cấp sai quy định.
Căn cứ pháp lý: Thông tư số 79/2024/TT-BCA của Bộ Công an.
Chi tiết giải pháp quản lý của Bộ Công an:
- Cấp biển số tự động: Mọi trường hợp bấm biển số xe đều được thực hiện ngẫu nhiên trên phần mềm hệ thống đăng ký xe thống nhất toàn quốc.
- Thanh tra, kiểm tra: Công an các đơn vị, địa phương thường xuyên kiểm tra, giám sát dữ liệu đăng ký xe để phát hiện, xử lý nghiêm cán bộ vi phạm hoặc can thiệp vào quy trình cấp biển số.",https://bocongan.gov.vn/chinh-sach-phap-luat/chi-tiet-cau-hoi/e131f2b1-fa69-46ab-bc1c-2916359ab872,
456,"Tôi muốn hỏi, trường hợp xe ô tô đứng tên bố tôi, không may bố tôi đã mất không để lại di chúc. Tôi là con, muốn làm thủ tục sang tên, đổi chủ xe ô tô cần chuẩn bị những thủ tục như thế nào và quy định cụ thể tại văn bản nào?","Trường hợp sang tên xe ô tô do bố mất không để lại di chúc, người con phải lập Văn bản thỏa thuận phân chia di sản thừa kế (hoặc Văn bản khai nhận di sản thừa kế) có công chứng/chứng thực để làm thủ tục sang tên xe.
Căn cứ pháp lý: Điều 13, Điều 14 Thông tư số 79/2024/TT-BCA; Bộ luật Dân sự 2015.
Thủ tục và hồ sơ cần chuẩn bị:
- Văn bản phân chia/khai nhận di sản thừa kế có công chứng (tất cả những người thuộc hàng thừa kế thứ nhất đồng ý giao xe cho người con).
- Giấy chứng tử của người bố.
- Giấy khai đăng ký xe, Chứng nhận thu hồi đăng ký, biển số xe và Giấy tờ nhân thân của người con để làm thủ tục đăng ký sang tên tại Phòng CSGT.",https://bocongan.gov.vn/chinh-sach-phap-luat/chi-tiet-cau-hoi/19a984e4-79db-4584-a179-b97e7d81f4ad,
457,"Tôi có chiếc xe ô tô 5 chỗ, khi tham gia giao thông, tôi bị mất biển số xe. Bộ Công an cho tôi hỏi, thủ tục để được cấp lại biển số xe như thế nào?","Trường hợp ô tô bị mất biển số xe, chủ xe thực hiện nộp hồ sơ xin cấp lại biển số xe trực tuyến trên Cổng dịch vụ công hoặc nộp trực tiếp tại Phòng Cảnh sát giao thông Công an cấp tỉnh.
Căn cứ pháp lý: Điều 17 Thông tư số 79/2024/TT-BCA của Bộ Công an.
Quy trình thủ tục xin cấp lại biển số ô tô:
- Bước 1: Kê khai Giấy khai đăng ký xe trên Cổng dịch vụ công và lấy mã hồ sơ.
- Bước 2: Nộp hồ sơ tại Phòng CSGT gồm: Giấy khai đăng ký xe, Giấy tờ của chủ xe (CCCD/VNeID).
- Bước 3: Cơ quan Công an kiểm tra hồ sơ và cấp lại biển số xe định danh theo đúng quy định.",https://bocongan.gov.vn/chinh-sach-phap-luat/chi-tiet-cau-hoi/09feab32-3e35-4faf-89f6-830a93ea3270,
458,"Khi tham gia giao thông, tôi thấy có hiện tượng đèn tín giao thông “đang xanh bỗng dưng chuyển sang đỏ” khiến người tham gia giao thông có thể bị phạt oan. Tôi muốn hỏi Bộ Công an, trường hợp người dân lái xe qua đoạn đường có đèn tín hiệu ""đang xanh bỗng dưng chuyển sang đỏ” thì có bị xử phạt không? Ngoài ra, trường hợp người dân không chấp hành đèn tín hiệu giao thông để nhường đường cho xe ưu tiên, xe cấp cứu thì có bị xử phạt không?","1. Nguyên nhân của tình trạng trên là do một số đèn tín hiệu giao thông thế hệ cũ, phải điều khiển thủ công nên có độ trễ khi điều chỉnh chu kỳ đèn trong ngày. Theo đó, một cột đèn tín hiệu giao thông sẽ chuyển chu kỳ từ khung giờ cao điểm sang thấp điểm hoặc ngược lại. Để khắc phục tình trạng này, Cục Cảnh sát giao thông (CSGT) 
- Bộ Công an đã có văn bản chỉ đạo công an các địa phương, phối hợp với các cơ quan chức năng rà soát sửa chữa đèn tín hiệu, kiến nghị đơn vị vận hành, quản lý đèn tín hiệu giao thông sớm nâng cấp các đèn đã cũ. Những nút giao có hiện tượng ""nhảy đèn"", CSGT sẽ không xử phạt, ngoài ra, hiện tượng đèn có độ trễ đó cũng không nhiều. ""Người dân yên tâm sẽ không bị CSGT phạt oan, phạt sai trong các trường hợp này. Khi lập biên bản xử phạt, lực lượng phụ trách đèn tín hiệu sẽ phối hợp với CSGT tại chốt, trích xuất camera, hình ảnh vi phạm của người điều khiển xe, cho xem trực tiếp diễn biến hành vi vi phạm và tín hiệu đèn thời điểm đó"". Đối với việc phạt nguội, CSGT sẽ cho người vi phạm xem lại clip diễn biến toàn trình của vi phạm vượt đèn đỏ trước khi lập biên bản, đảm bảo người dân ""tâm phục, khẩu phục"", tránh oan sai.
2. Đối với trường hợp lái xe không chấp hành tín hiệu đèn để nhường đường cho xe ưu tiên, xe cấp cứu… sẽ không bị xử phạt do Luật Xử lý vi phạm hành chính quy định không xử phạt vi phạm hành chính đối với trường hợp thực hiện hành vi vi phạm hành chính trong tình thế cấp thiết.",https://bocongan.gov.vn/chinh-sach-phap-luat/chi-tiet-cau-hoi/3bdfcd82-6f23-4665-aac1-f930ad1477de,
459,"Bộ Công an cho tôi hỏi, tôi đang điều khiển xe ô tô tải chạy trên đường cao tốc thì bị Công an lập biên bản, xử phạt điều khiển xe ô tô tải không gắn phù hiệu. Tôi không phải chủ xe thì trong trường hợp này tôi bị phạt như thế nào?","Trường hợp lái xe ô tô tải không gắn phù hiệu bị Cảnh sát giao thông phát hiện, cả người điều khiển phương tiện và chủ xe (nếu không phải là một người) đều bị xử phạt vi phạm hành chính.
Căn cứ pháp lý: Điểm đ Khoản 6, Điểm a Khoản 9 (hoặc tương ứng theo điều khoản xử phạt người điều khiển xe vận chuyển hàng hóa) tại Nghị định 168/2024/NĐ-CP.
Mức xử phạt cụ thể đối với từng đối tượng:
- Đối với người điều khiển xe (lái xe): Phạt tiền từ 5.000.000 đồng đến 7.000.000 đồng và bị trừ 02 điểm Giấy phép lái xe.
- Đối với chủ phương tiện (giao xe không có phù hiệu): Phạt tiền từ 6.000.000 đồng đến 8.000.000 đồng đối với cá nhân; từ 12.000.000 đồng đến 16.000.000 đồng đối với tổ chức.",https://bocongan.gov.vn/chinh-sach-phap-luat/chi-tiet-cau-hoi/2a038b42-aa3c-4dd1-9945-d3fc296c8ace,
460,"Tôi bị mất Giấy phép lái mô tô và đang trong thời gian làm thủ tục xin cấp lại. Mới đây, tôi có điều khiển xe mô tô và vượt đèn đỏ nên Cảnh sát giao thông yêu cầu dừng xe để kiểm tra. Tôi bị xử phạt với 2 lỗi là vượt đèn đỏ và không có Giấy phép lái xe. Vậy Bộ Công an cho tôi hỏi Cảnh sát giao thông xử phạt tôi lỗi không có Giấy phép lái xe trong trường hợp này có đúng không?","Cảnh sát giao thông xử phạt vi phạm lỗi không có Giấy phép lái xe tại thời điểm kiểm tra là đúng quy định pháp luật, dù người điều khiển đang trong thời gian xin cấp lại GPLX bị mất.
Căn cứ pháp lý: Điều 56 Luật Trật tự, an toàn giao thông đường bộ 2024; Điều 21 Nghị định số 168/2024/NĐ-CP.
Chi tiết xử lý vi phạm:
- Người điều khiển phương tiện bắt buộc phải có Giấy phép lái xe mang theo khi tham gia giao thông.
- Việc đang làm thủ tục cấp lại GPLX không thay thế cho GPLX. Do đó, người lái xe bị xử phạt lỗi không có GPLX (xe mô tô dưới 125cm3 phạt từ 1.000.000 - 2.000.000đ; trên 125cm3 phạt từ 4.000.000 - 6.000.000đ).",https://bocongan.gov.vn/chinh-sach-phap-luat/chi-tiet-cau-hoi/76df22ca-0a2d-4c0c-b54f-0535511d2875,
461,"Tôi là nhân viên lái xe cho một công ty vận tải, tôi đỗ xe ở lề đường bên phải để vào quán ăn cơm thì có một chiếc xe máy đâm vào đuôi xe của tôi. Người điều khiển xe máy đó bị thương và đã được đưa vào bệnh viện cấp cứu nhưng vẫn chưa bình phục. Bộ Công an cho tôi hỏi, trong trường hợp này người đi xe máy tự đâm vào đuôi xe của tôi thì tôi có phải chịu trách nhiệm bồi thường cho người đó không? ","Thông tin do bạn Hải cung cấp chưa đủ để trả lời bạn có phải chịu trách nhiệm bồi thường cho người đi xe máy không, vì thông tin do bạn cung cấp chưa thể xác định được lỗi của từng bên, để giải quyết cụ thể cần căn cứ kết quả điều tra, xác minh của đơn vị thụ lý vụ tai nạn giao thông (mức độ, hậu quả, lỗi các bên liên quan đến vụ tai nạn giao thông…) để xác định. Vụ việc này có thể chia ra làm 3 trường hợp như sau: 
- Trường hợp bạn Hải là người có lỗi còn người đi xe máy không có lỗi (ví dụ bạn Hải đỗ xe ở điểm có biển báo “cấm đỗ xe” hoặc “cấm dừng và đỗ xe”, đỗ xe nhưng không có biển cảnh báo; người đi xe máy do trời tối và không có biển cảnh báo nên đã không nhìn thấy và đâm vào đuôi xe ô tô), trường hợp này bạn Hải phải chịu trách nhiệm bồi thường thiệt hại cho người đi xe máy. 
- Trường hợp cả bạn Hải và người đi xe máy cùng có lỗi (ví dụ bạn Hải đỗ xe nhưng không có biển cảnh báo cho người điều khiển phương tiện khác biết; người đi xe máy không làm chủ tốc độ nên đã đâm vào đuôi xe ô tô), trường hợp này phải căn cứ vào mức độ thiệt hại của từng bên để xác định bồi thường. 
- Trường hợp bạn Hải không có lỗi, người đi xe máy có lỗi (ví dụ bạn Hải đỗ xe đúng quy định; người đi xe máy do không làm chủ tốc độ nên đã đâm vào đuôi xe ô tô), trường hợp này bạn Hải không phải bồi thường thiệt hại cho người đi xe máy mà người đi xe máy phải bồi thường thiệt hại cho bạn Hải (nếu xe ô tô bị hư hỏng do vụ tai nạn giao thông gây ra).",https://bocongan.gov.vn/chinh-sach-phap-luat/chi-tiet-cau-hoi/a99f82af-3e7a-4a68-81b0-352a07dfaa85,
462,"Vừa qua, báo chí phản ánh lực lượng chức năng phát hiện nhiều trường hợp xe ô tô quá niên hạn sử dụng, quá hạn đăng kiểm vẫn tham gia giao thông. Tôi muốn hỏi Bộ Công an, trường hợp điều khiển ô tô quá niên hạn sử dụng hoặc quá hạn đăng kiểm nếu bị phát hiện sẽ bị xử lý như thế nào?","Người điều khiển xe ô tô quá niên hạn sử dụng hoặc quá hạn đăng kiểm tham gia giao thông sẽ bị xử phạt tiền rất nặng, bị tước/trừ điểm Giấy phép lái xe và bị tịch thu phương tiện (đối với xe quá niên hạn).
Căn cứ pháp lý: Điều 13, Khoản 7, Điểm c, Điều 13, Khoản 6, Điểm b Nghị định 168/2024/NĐ-CP; 
Mức xử phạt cụ thể:
- Xe ô tô quá hạn đăng kiểm dưới 01 tháng: Phạt tiền từ 3.000.000 - 4.000.000 đồng, trừ 02 điểm GPLX.
- Xe ô tô quá hạn đăng kiểm từ 01 tháng trở lên: Phạt tiền từ 4.000.000 - 6.000.000 đồng, trừ 02 điểm GPLX.
- Điều khiển xe quá niên hạn sử dụng: Phạt tiền từ 10.000.000 - 12.000.000 đồng, bị trừ 06 điểm GPLX và tịch thu phương tiện.",https://bocongan.gov.vn/chinh-sach-phap-luat/chi-tiet-cau-hoi/3b05884d-2ba6-4b01-b415-1ed4b2bf85df,
463,"Hiện nay trên mạng rao bán rất nhiều các loại máy đo nồng độ cồn giá rẻ, nhiều người dân đã tự ý mua về sử dụng. Bộ Công an cho tôi hỏi, người dân có được sử dụng máy đo nồng độ cồn không rõ nguồn gốc để đối chứng kết quả với máy đo nồng độ cồn của lực lượng chức năng không? Việc sử dụng máy đo nồng độ cồn được căn cứ theo quy định nào?","Việc sử dụng phương tiện, thiết bị kỹ thuật nghiệp vụ (trong đó có phương tiện đo nồng độ cồn trong hơi thở) để phát hiện vi phạm hành chính được quy định tại Điều 64 Luật Xử lý vi phạm hành chính năm 2012 (sửa đổi, bổ sung năm 2020) và Nghị định số 135/2021/NĐ-CP ngày 31/12/2021 của Chính phủ quy định về danh mục, việc quản lý, sử dụng phương tiện, thiết bị kỹ thuật nghiệp vụ và quy trình thu thập, sử dụng dữ liệu thu được từ phương tiện, thiết bị kỹ thuật do cá nhân, tổ chức cung cấp để phát hiện vi phạm hành chính.
- Điều 16 Nghị định 135/2021/NĐ-CP quy định cá nhân, tổ chức có thể cung cấp dữ liệu từ phương tiện, thiết bị kỹ thuật do mình thu được cho cơ quan, đơn vị, người có thẩm quyền xử phạt. Nếu dữ liệu đáp ứng được các yêu cầu quy định tại Điều 17 Nghị định số 135/2021/NĐ-CP thì được sử dụng làm căn cứ xác minh, phát hiện vi phạm và xử phạt vi phạm hành chính theo quy định của pháp luật. Cá nhân, tổ chức cung cấp dữ liệu phải chịu trách nhiệm trước pháp luật về tính xác thực, nguyên vẹn của dữ liệu đã cung cấp và hợp tác với người có thẩm quyền giải quyết khi được yêu cầu.",https://bocongan.gov.vn/chinh-sach-phap-luat/chi-tiet-cau-hoi/121d40a8-489b-4591-b21e-40168f2b00e0,
464,"Xe tôi hiệu Ford Ranger XLS, số người cho phép chở: 05 người; khối lượng xe: 1.948 kg; khối lượng tổng thể vận hành: 3.200 kg; khối lượng hàng hóa cho phép chở: 927 kg. Bộ Công an cho tôi hỏi, với các thông số như trên thì xe tôi thuộc loại xe ô tô con hay xe ô tô bán tải và khi tham gia giao thông tôi sẽ được chạy làn xe nào?","Xe Ford Ranger XLS có khối lượng hàng hóa cho phép chở 927 kg (dưới 950 kg) và 05 chỗ ngồi thuộc loại xe ô tô con trong hiệu lệnh báo hiệu đường bộ. Khi tham gia giao thông, xe được phép di chuyển trên các làn đường dành cho xe ô tô con.
Căn cứ pháp lý: Mục 3.23 Quy chuẩn kỹ thuật quốc gia QCVN 41:2024/BGTVT ban hành kèm theo Thông tư số 51/2024/TT-BGTVT.
Chi tiết quy định áp dụng:
- Xe bán tải có khối lượng chuyên chở dưới 950 kg được áp dụng quy tắc giao thông như ô tô con.
- Xe được chạy trên các làn đường dành cho ô tô con và chấp hành các biển báo hiệu đường bộ áp dụng đối với ô tô con.",https://bocongan.gov.vn/chinh-sach-phap-luat/chi-tiet-cau-hoi/fce99b91-5a9e-4714-9df1-2150057fce3e,
465,"Khối lượng thân xe tải của tôi là 3,4 tấn, khối lượng hàng hóa được phép chuyên chở ghi trong giấy kiểm định của xe là 4,1 tấn, nhưng tôi không chở hàng vậy tôi có được phép đi vào đường có biển cấm P.106b (cấm xe 4 tấn) hay không?","Xe tải có khối lượng chuyên chở ghi trong Giấy kiểm định là 4,1 tấn không được phép đi vào đường có đặt biển P.106b (cấm xe 4 tấn), kể cả khi xe không chở hàng. Nguyên nhân vì biển P.106b căn cứ theo khối lượng chuyên chở cho phép của xe.
Căn cứ pháp lý: Mục B.6 Phụ lục B Quy chuẩn kỹ thuật quốc gia QCVN 41:2024/BGTVT ban hành kèm theo Thông tư số 51/2024/TT-BGTVT.
Chi tiết xác định vi phạm:
- Biển P.106b căn cứ vào ""Khối lượng chuyên chở cho phép"" ghi trên sổ kiểm định, không căn cứ vào khối lượng hàng thực tế đang chở.
- Do chỉ số 4,1 tấn > 4,0 tấn ghi trên biển báo nên phương tiện vi phạm lỗi không chấp hành hiệu lệnh của biển báo giao thông nếu cố tình đi vào.",https://bocongan.gov.vn/chinh-sach-phap-luat/chi-tiet-cau-hoi/0a318258-eff1-43a1-8deb-3bca57c2885b,
466,"Trong khi tham gia giao thông tại đường Cổ Nhuế, quận Bắc Từ Liêm, TP Hà Nội, tôi đã chạy xe quá tốc độ quy định và bị Cảnh sát giao thông lập biên bản xử phạt vi phạm hành chính, giữ Giấy phép lái xe. Nhưng sau đó, tôi đã làm mất biên bản xử phạt, Bộ Công an cho tôi hỏi, tôi phải làm thế nào để nộp phạt và lấy lại Giấy phép lái xe? Và số tiền phạt quá hạn nộp là bao nhiêu?","Trường hợp làm mất biên bản xử phạt vi phạm hành chính, người vi phạm làm đơn cam đoan giải trình nộp cho cơ quan CSGT để làm thủ tục nộp phạt. Trường hợp chậm nộp phạt quá hạn thì mỗi ngày chậm nộp phải nộp thêm 0,05% trên tổng số tiền phạt chưa nộp.
Căn cứ pháp lý: Khoản 1 Điều 78 Luật Xử lý vi phạm hành chính 2012 (sửa đổi, bổ sung 2020); Thông tư số 32/2023/TT-BCA.
Thủ tục nộp phạt và tính tiền quá hạn:
- Thủ tục: Người vi phạm đến đơn vị CSGT lập biên bản làm đơn cam đoan mất biên bản, xác nhận nhân thân để nhận Quyết định xử phạt và nộp phạt tại Kho bạc/Cổng dịch vụ công để nhận lại GPLX.
- Tiền chậm nộp: Số tiền nộp phạt chậm = Số tiền phạt gốc + (Số tiền phạt gốc x 0,05% x Số ngày chậm nộp).",https://bocongan.gov.vn/chinh-sach-phap-luat/chi-tiet-cau-hoi/902f119c-94ea-487f-87c3-00f2bbd651eb,
467,"Tôi thấy một số trường hợp người dân cung cấp thông tin, hình ảnh về hành vi vi phạm trên mạng xã hội đã được Cảnh sát giao thông ghi nhận, xác minh, xử lý. Vậy xin Bộ Công an cho biết, lực lượng Công an có đầu mối tiếp nhận các loại thông tin này để người dân cung cấp trực tiếp không? Xin được hướng dẫn cụ thể? ","Khoản 1 Điều 29 Thông tư số 32/2023/TT-BCA ngày 01/8/2023 của Bộ Công an quy định nhiệm vụ, quyền hạn, hình thức, nội dung và quy trình tuần tra, kiểm soát, xử lý vi phạm hành chính về giao thông đường bộ của Cảnh sát giao thông quy định đơn vị Cảnh sát giao thông thực hiện tiếp nhận, thu thập dữ liệu (thông tin, hình ảnh), gồm:
- Phòng Hướng dẫn tuần tra, kiểm soát giao thông đường bộ, đường sắt thuộc Cục Cảnh sát giao thông, Bộ Công an;
- Phòng Cảnh sát giao thông thuộc Công an các tỉnh, thành phố trực thuộc Trung ương;
- Đội Cảnh sát giao thông, trật tự thuộc Công an cấp huyện.",https://bocongan.gov.vn/chinh-sach-phap-luat/chi-tiet-cau-hoi/34dd1c82-59c9-43e5-8a87-653306d83e99,
468,"Hiện nay, tình trạng xe gây tai nạn mà xe đó không thuộc sở hữu của người lái xe khá nhiều; chủ yếu là xe của các công ty kinh doanh vận tải thuê người lái. Bộ Công an cho tôi hỏi, theo quy định hiện hành, chủ phương tiện, người đứng đầu đơn vị kinh doanh vận tải có lái xe và phương tiện gây tai nạn giao thông nghiêm trọng sẽ phải chịu trách nhiệm gì? Trường hợp như thế nào thì bị truy cứu trách nhiệm hình sự?","Căn cứ Điều 601 Bộ luật Dân sự năm 2015, phương tiện giao thông là nguồn nguy hiểm cao độ, theo đó chủ sở hữu nguồn nguy hiểm cao độ đang chiếm hữu, sử dụng nguồn nguy hiểm cao độ phải bồi thường thiệt hại do nguồn nguy hiểm cao độ gây ra; nếu chủ sở hữu đã giao cho người khác chiếm hữu, sử dụng thì người này phải bồi thường, trừ trường hợp có thỏa thuận khác. Chủ sở hữu, người chiếm hữu, sử dụng nguồn nguy hiểm cao độ phải bồi thường thiệt hại cả khi không có lỗi, trừ trường hợp thiệt hại xảy ra hoàn toàn do lỗi cố ý của người bị thiệt hại hoặc thiệt hại xảy ra trong trường hợp bất khả kháng hoặc tình thế cấp thiết, trừ trường hợp pháp luật có quy định khác.

Tùy từng trường hợp cụ thể, chủ phương tiện, người đứng đầu đơn vị kinh doanh vận tải có lái xe và phương tiện gây tai nạn giao thông sẽ bị truy cứu trách nhiệm hình sự theo quy định tại Điều 263, 264 Bộ luật Hình sự năm 2015.",https://bocongan.gov.vn/chinh-sach-phap-luat/chi-tiet-cau-hoi/55a02637-b34d-45e4-bb38-22d9f8a9ad0e,
469,Xe bán tải có được đi vào làn đường dành cho xe ô tô con không?,"Xe ô tô bán tải có khối lượng chuyên chở cho phép dưới 950 kg và có từ 5 chỗ ngồi trở xuống hoàn toàn được phép đi vào làn đường dành cho xe ô tô con.
Căn cứ pháp lý: Mục 3.23 Quy chuẩn kỹ thuật quốc gia QCVN 41:2024/BGTVT ban hành kèm theo Thông tư số 51/2024/TT-BGTVT của Bộ Giao thông vận tải.
Chi tiết quy định áp dụng:
- Quy chuẩn QCVN 41:2024/BGTVT xác định xe bán tải có khối lượng chuyên chở cho phép dưới 950 kg được xem là xe ô tô con trong hiệu lệnh của hệ thống biển báo hiệu đường bộ.
- Do đó, xe bán tải dưới 950kg được phép di chuyển trên các làn đường dành cho ô tô con mà không bị xử phạt lỗi đi sai làn đường.",https://bocongan.gov.vn/chinh-sach-phap-luat/chi-tiet-cau-hoi/9662d75a-e617-4665-b630-6b2b2a03436b,
470,Chấp hành báo hiệu đường bộ được quy định như thế nào?,"Theo Điều 11 Luật Trật tự, an toàn giao thông đường bộ quy định về chấp hành báo hiệu đường bộ như sau: 
1. Báo hiệu đường bộ bao gồm: hiệu lệnh của người điều khiển giao thông; đèn tín hiệu giao thông; biển báo hiệu đường bộ; vạch kẻ đường và các dấu hiệu khác trên mặt đường; cọc tiêu, tường bảo vệ, rào chắn, đinh phản quang, tiêu phản quang, cột Km, cọc H; thiết bị âm thanh báo hiệu đường bộ. 
2. Người tham gia giao thông đường bộ phải chấp hành báo hiệu đường bộ theo thứ tự ưu tiên từ trên xuống dưới như sau: 
a) Hiệu lệnh của người điều khiển giao thông; 
b) Tín hiệu đèn giao thông; 
c) Biển báo hiệu đường bộ; 
d) Vạch kẻ đường và các dấu hiệu khác trên mặt đường; 
đ) Cọc tiêu, tường bảo vệ, rào chắn, đinh phản quang, tiêu phản quang, cột Km, cọc H; 
e) Thiết bị âm thanh báo hiệu đường bộ. 
3. Hiệu lệnh của người điều khiển giao thông được quy định như sau: 
a) Tay bên phải giơ thẳng đứng để báo hiệu cho người tham gia giao thông đường bộ ở tất cả các hướng phải dừng lại; 
b) Hai tay hoặc một tay dang ngang để báo hiệu cho người tham gia giao thông đường bộ ở phía trước và ở phía sau người điều khiển giao thông phải dừng lại; người tham gia giao thông đường bộ ở phía bên phải và bên trái người điều khiển giao thông được đi; 
c) Tay bên phải giơ về phía trước để báo hiệu cho người tham gia giao thông đường bộ ở phía sau và bên phải người điều khiển giao thông phải dừng lại; người tham gia giao thông đường bộ ở phía trước người điều khiển giao thông được rẽ phải; người tham gia giao thông đường bộ ở phía bên trái người điều khiển giao thông được đi tất cả các hướng; người đi bộ qua đường phải đi sau lưng người điều khiển giao thông. 
4. Tín hiệu đèn giao thông có 03 màu, gồm: màu xanh, màu vàng, màu đỏ; có hiển thị thời gian hoặc không hiển thị thời gian. Người tham gia giao thông đường bộ phải chấp hành như sau: 
a) Tín hiệu đèn màu xanh là được đi; trường hợp người đi bộ, xe lăn của người khuyết tật đang đi ở lòng đường, người điều khiển phương tiện tham gia giao thông đường bộ phải giảm tốc độ hoặc dừng lại nhường đường cho người đi 
bộ, xe lăn của người khuyết tật qua đường; 
b) Tín hiệu đèn màu vàng phải dừng lại trước vạch dừng; trường hợp đang đi trên vạch dừng hoặc đã đi qua vạch dừng mà tín hiệu đèn màu vàng thì được đi tiếp; trường hợp tín hiệu đèn màu vàng nhấp nháy, người điều khiển phương tiện tham gia giao thông đường bộ được đi nhưng phải quan sát, giảm tốc độ hoặc dừng lại nhường đường cho người đi bộ, xe lăn của người khuyết tật qua đường hoặc các phương tiện khác; 
c) Tín hiệu đèn màu đỏ là cấm đi. 
5. Báo hiệu của biển báo hiệu đường bộ được quy định như sau: 
a) Biển báo cấm để biểu thị các điều cấm; 
b) Biển báo nguy hiểm để cảnh báo các tình huống nguy hiểm có thể xảy ra; 
c) Biển hiệu lệnh để báo hiệu lệnh phải thi hành; 
d) Biển chỉ dẫn để chỉ dẫn hướng đi hoặc các điều cần biết; 
đ) Biển phụ để thuyết minh bổ sung cho biển báo cấm, biển báo nguy hiểm, biển hiệu lệnh và biển chỉ dẫn. 
6. Vạch kẻ đường là vạch chỉ sự phân chia làn đường, vị trí hoặc hướng đi, vị trí dừng lại. 
7. Cọc tiêu, tường bảo vệ để hướng dẫn cho người tham gia giao thông đường bộ biết phạm vi an toàn của nền đường và hướng đi của đường. 
8. Rào chắn để ngăn không cho người, phương tiện qua lại. 
9. Đinh phản quang, tiêu phản quang để thông tin, cảnh báo về phần đường, làn đường. 
10. Cột Km, cọc H để báo hiệu cho người tham gia giao thông đường bộ về các thông tin của đường bộ. 
11. Thiết bị âm thanh báo hiệu đường bộ để hỗ trợ cảnh báo nguy hiểm cho người tham gia giao thông đường bộ. 
12. Khi ở một vị trí vừa có biển báo hiệu đặt cố định vừa có biển báo hiệu tạm thời mà hai biển có ý nghĩa khác nhau, người tham gia giao thông đường bộ phải chấp hành hiệu lệnh của biển báo hiệu tạm thời. 
13. Bộ trưởng Bộ Giao thông vận tải ban hành quy chuẩn kỹ thuật quốc gia về báo hiệu đường bộ, trừ hiệu lệnh của người điều khiển giao thông. 
14. Bộ trưởng Bộ Công an quy định chi tiết khoản 3 Điều này.",https://cole.ninhbinh.gov.vn/pho-bien-giao-duc-phap-luat/tai-lieu-hoi-dap-luat-trat-tu-an-toan-giao-thong-duong-bo-392177,
471,Chuyển hướng xe được quy định như thế nào?,"Theo Điều 15 Luật Trật tự, an toàn giao thông đường bộ quy định về chuyển hướng xe như sau: 
1. Chuyển hướng xe là tình huống giao thông mà xe rẽ trái hoặc rẽ phải hoặc quay đầu xe. 
2. Trước khi chuyển hướng, người điều khiển phương tiện tham gia giao thông đường bộ phải quan sát, bảo đảm khoảng cách an toàn với xe phía sau, giảm tốc độ và có tín hiệu báo hướng rẽ hoặc có tín hiệu bằng tay theo hướng rẽ đối với xe thô sơ không có đèn báo hướng rẽ, chuyển dần sang làn gần nhất với hướng rẽ. Tín hiệu báo hướng rẽ hoặc tín hiệu bằng tay phải sử dụng liên tục trong quá trình chuyển hướng. Khi bảo đảm an toàn, không gây trở ngại cho người và phương tiện khác mới được chuyển hướng. 
3. Khi chuyển hướng, người lái xe, người điều khiển xe máy chuyên dùng phải nhường đường cho người đi bộ, xe thô sơ, xe đi ngược chiều và chỉ chuyển hướng khi không gây trở ngại hoặc nguy hiểm cho người, phương tiện khác. 
4. Không được quay đầu xe ở phần đường dành cho người đi bộ qua đường, trên cầu, đầu cầu, gầm cầu vượt, ngầm, tại nơi đường bộ giao nhau cùng mức với đường sắt, đường hẹp, đường dốc, đoạn đường cong tầm nhìn bị che khuất, trên đường cao tốc, trong hầm đường bộ, trên đường một chiều, trừ khi có hiệu lệnh của người điều khiển giao thông hoặc chỉ dẫn của biển báo hiệu tạm thời. ",https://cole.ninhbinh.gov.vn/pho-bien-giao-duc-phap-luat/tai-lieu-hoi-dap-luat-trat-tu-an-toan-giao-thong-duong-bo-392177,
472,Tránh xe đi ngược chiều được quy định như thế nào?,"Theo Điều 17 Luật Trật tự, an toàn giao thông đường bộ quy định tránh xe đi ngược chiều như sau: 
1. Trên đường không phân chia thành hai chiều xe chạy riêng biệt, hai xe đi ngược chiều tránh nhau, người điều khiển phương tiện tham gia giao thông đường bộ phải giảm tốc độ và cho xe đi về bên phải theo chiều xe chạy của mình. 
2. Các trường hợp nhường đường khi tránh nhau bao gồm: 
a) Nơi đường hẹp chỉ đủ cho một xe chạy và có chỗ tránh xe thì xe nào ở gần chỗ tránh hơn phải vào vị trí tránh, nhường đường cho xe đi ngược chiều; 
b) Xe xuống dốc phải nhường đường cho xe lên dốc; 
c) Xe có chướng ngại vật phía trước phải nhường đường cho xe không có chướng ngại vật phía trước.",https://cole.ninhbinh.gov.vn/pho-bien-giao-duc-phap-luat/tai-lieu-hoi-dap-luat-trat-tu-an-toan-giao-thong-duong-bo-392177,
473," Các vị trí không được dừng xe, đỗ xe được quy định như thế nào? ","Theo Khoản 4 Điều 18 Luật Trật tự, an toàn giao thông đường bộ quy định người điều khiển phương tiện tham gia giao thông đường bộ không được dừng xe, đỗ xe tại các vị trí sau: 
a) Bên trái đường một chiều; 
b) Trên đoạn đường cong hoặc gần đầu dốc mà tầm nhìn bị che khuất; 
c) Trên cầu, trừ những trường hợp tổ chức giao thông cho phép; 
d) Gầm cầu vượt, trừ những nơi cho phép dừng xe, đỗ xe; 
đ) Song song cùng chiều với một xe khác đang dừng, đỗ trên đường; 
e) Cách xe ô tô đang đỗ ngược chiều dưới 20 mét trên đường phố hẹp, 
dưới 40 mét trên đường có một làn xe cơ giới trên một chiều đường; 
g) Trên phần đường dành cho người đi bộ qua đường; 
h) Nơi đường giao nhau và trong phạm vi 05 mét tính từ mép đường giao nhau; 
i) Điểm đón, trả khách;  
k) Trước cổng và trong phạm vi 05 mét hai bên cổng trụ sở cơ quan, tổ chức có bố trí đường cho xe ra, vào; 
l) Tại nơi phần đường có chiều rộng chỉ đủ cho một làn xe cơ giới; 
m) Trong phạm vi an toàn của đường sắt; 
n) Che khuất biển báo hiệu đường bộ, đèn tín hiệu giao thông; 
o) Trên đường dành riêng cho xe buýt, trên miệng cống thoát nước, miệng hầm của đường điện thoại, điện cao thế, chỗ dành riêng cho xe chữa cháy lấy nước; trên lòng đường, vỉa hè trái quy định của pháp luật. ",https://cole.ninhbinh.gov.vn/pho-bien-giao-duc-phap-luat/tai-lieu-hoi-dap-luat-trat-tu-an-toan-giao-thong-duong-bo-392177,
474,Sử dụng đèn được quy định như thế nào?,"Theo Điều 20 Luật Trật tự, an toàn giao thông đường bộ quy định về sử dụng đèn như sau: 
1. Người lái xe, người điều khiển xe máy chuyên dùng tham gia giao thông đường bộ phải bật đèn chiếu sáng phía trước trong thời gian từ 18 giờ ngày hôm trước đến 06 giờ ngày hôm sau hoặc khi có sương mù, khói, bụi, trời mưa, thời tiết xấu làm hạn chế tầm nhìn. 
2. Người lái xe, người điều khiển xe máy chuyên dùng phải tắt đèn chiếu xa, bật đèn chiếu gần trong các trường hợp sau đây: 
a) Khi gặp người đi bộ qua đường; 
b) Khi đi trên các đoạn đường qua khu đông dân cư có hệ thống chiếu sáng đang hoạt động; 
c) Khi gặp xe đi ngược chiều, trừ trường hợp dải phân cách có khả năng chống chói; 
d) Khi chuyển hướng xe tại nơi đường giao nhau. 
3. Người lái xe, người điều khiển xe máy chuyên dùng khi thực hiện công việc trên đường bộ phải bật sáng đèn cảnh báo màu vàng. ",https://cole.ninhbinh.gov.vn/pho-bien-giao-duc-phap-luat/tai-lieu-hoi-dap-luat-trat-tu-an-toan-giao-thong-duong-bo-392177,
475,Sử dụng tín hiệu còi được quy định như thế nào?,"Theo Điều 21 Luật Trật tự, an toàn giao thông đường bộ quy định về sử dụng tín hiệu còi như sau: 
1. Chỉ được sử dụng tín hiệu còi của phương tiện tham gia giao thông đường bộ trong các trường hợp sau đây: 
a) Báo hiệu cho người tham gia giao thông đường bộ khi xuất hiện tình huống có thể mất an toàn giao thông; 
b) Báo hiệu chuẩn bị vượt xe. 
2. Không sử dụng còi liên tục; không sử dụng còi có âm lượng không đúng quy định; không sử dụng còi trong thời gian từ 22 giờ ngày hôm trước đến 05 giờ ngày hôm sau trong khu đông dân cư, khu vực cơ sở khám bệnh, chữa bệnh, trừ xe ưu tiên.",https://cole.ninhbinh.gov.vn/pho-bien-giao-duc-phap-luat/tai-lieu-hoi-dap-luat-trat-tu-an-toan-giao-thong-duong-bo-392177,
476,Nhường đường tại nơi đường giao nhau được quy định như thế nào?,"Theo Điều 22 Luật Trật tự, an toàn giao thông đường bộ quy định về nhường đường tại nơi đường giao nhau như sau: Khi đến gần đường giao nhau, người điều khiển phương tiện tham gia giao thông đường bộ phải quan sát, giảm tốc độ và nhường đường theo quy định sau đây: 
1. Tại nơi đường giao nhau giữa đường không ưu tiên với đường ưu tiên hoặc giữa đường nhánh với đường chính thì xe đi từ đường không ưu tiên hoặc đường nhánh phải nhường đường cho xe đi trên đường ưu tiên hoặc đường chính 
từ bất kỳ hướng nào tới; 
2. Tại nơi đường giao nhau không có báo hiệu đi theo vòng xuyến, phải nhường đường cho xe đi đến từ bên phải; 
3. Tại nơi đường giao nhau có báo hiệu đi theo vòng xuyến, phải nhường đường cho xe đi đến từ bên trái.",https://cole.ninhbinh.gov.vn/pho-bien-giao-duc-phap-luat/tai-lieu-hoi-dap-luat-trat-tu-an-toan-giao-thong-duong-bo-392177,
477,"Giao thông tại đường ngang, cầu chung đường sắt được quy định như thế nào?","Theo Điều 24 Luật Trật tự, an toàn giao thông đường bộ quy định về giao thông tại đường ngang, cầu chung đường sắt như sau: 
1. Khi có hiệu lệnh của nhân viên gác chắn, đèn đỏ sáng nhấp nháy, chuông kêu, chắn đường bộ đang dịch chuyển hoặc đã đóng, người tham gia giao thông đường bộ phải dừng lại về bên phải đường của mình, trước vạch dừng xe. 
2. Khi tới đường ngang không có người gác, chắn đường bộ, chuông, đèn tín hiệu, người tham gia giao thông đường bộ phải dừng lại về bên phải đường của mình, trước vạch dừng xe và quan sát hai phía, khi không có phương tiện giao thông đường sắt tới mới được đi qua. 
3. Khi phương tiện tham gia giao thông đường bộ bị hư hỏng, bị tai nạn hoặc hàng hóa rơi đổ trên đường ngang, cầu chung đường sắt mà không thể di chuyển ngay khỏi phạm vi an toàn đường sắt, người điều khiển phương tiện tham gia giao thông đường bộ và người có mặt phải ngay lập tức báo hiệu để dừng tàu, thực hiện các biện pháp bảo đảm an toàn. ",https://cole.ninhbinh.gov.vn/pho-bien-giao-duc-phap-luat/tai-lieu-hoi-dap-luat-trat-tu-an-toan-giao-thong-duong-bo-392177,
478,Giao thông trên đường cao tốc được quy định như thế nào?,"Theo Điều 25 Luật Trật tự, an toàn giao thông đường bộ quy định về giao thông trên đường cao tốc như sau: 
1. Người lái xe, người điều khiển xe máy chuyên dùng trên đường cao tốc phải tuân thủ quy tắc giao thông đường bộ sau đây: 
a) Trước khi nhập vào làn đường của đường cao tốc phải có tín hiệu xin vào và phải nhường đường cho xe đang chạy trên đường, quan sát xe phía sau bảo đảm khoảng cách an toàn mới cho xe nhập vào làn đường sát bên phải, nếu có làn đường tăng tốc thì phải cho xe chạy trên làn đường đó trước khi nhập vào làn đường của đường cao tốc; 
b) Khi chuẩn bị ra khỏi đường cao tốc phải quan sát biển báo hiệu chỉ dẫn, thực hiện chuyển dần sang làn đường sát bên phải, nếu có làn đường giảm tốc thì phải cho xe di chuyển trên làn đường đó trước khi ra khỏi đường cao tốc; 
c) Không được cho xe chạy ở làn dừng xe khẩn cấp và phần lề đường; 
d) Các quy tắc giao thông đường bộ khác quy định tại Chương này. 
2. Chỉ được dừng xe, đỗ xe ở nơi quy định; trường hợp gặp sự cố kỹ thuật hoặc bất khả kháng khác buộc phải dừng xe, đỗ xe thì được dừng xe, đỗ xe ở làn dừng khẩn cấp cùng chiều xe chạy và phải có báo hiệu bằng đèn khẩn cấp; trường hợp xe không thể di chuyển được vào làn dừng khẩn cấp, phải có báo hiệu bằng đèn khẩn cấp và đặt biển hoặc đèn cảnh báo về phía sau xe khoảng cách tối thiểu 150 mét, nhanh chóng báo cho cơ quan Cảnh sát giao thông thực hiện nhiệm vụ bảo đảm trật tự, an toàn giao thông trên tuyến hoặc cơ quan quản lý đường cao tốc. 
3. Xe máy chuyên dùng có tốc độ thiết kế nhỏ hơn tốc độ tối thiểu quy định đối với đường cao tốc, xe chở người bốn bánh có gắn động cơ, xe chở hàng bốn bánh có gắn động cơ, xe mô tô, xe gắn máy, các loại xe tương tự xe mô tô, xe gắn máy, xe thô sơ, người đi bộ không được đi trên đường cao tốc, trừ người, phương tiện giao thông đường bộ và thiết bị phục vụ việc quản lý, bảo trì đường cao tốc. ",https://cole.ninhbinh.gov.vn/pho-bien-giao-duc-phap-luat/tai-lieu-hoi-dap-luat-trat-tu-an-toan-giao-thong-duong-bo-392177,
479,Giao thông trong hầm đường bộ được quy định như thế nào?,"Theo Điều 26 Luật Trật tự, an toàn giao thông đường bộ quy định về giao thông trong hầm đường bộ như sau: 
Người điều khiển phương tiện tham gia giao thông đường bộ khi điều khiển phương tiện trong hầm đường bộ phải tuân thủ quy tắc giao thông đường bộ sau đây: 
1. Xe cơ giới, xe máy chuyên dùng phải bật đèn chiếu gần; xe thô sơ phải bật đèn hoặc có vật phát sáng báo hiệu; 
2. Không dừng xe, đỗ xe trong hầm đường bộ; trường hợp gặp sự cố kỹ thuật hoặc bất khả kháng khác buộc phải dừng xe, đỗ xe, người lái xe, người điều khiển xe máy chuyên dùng phải đưa xe vào vị trí dừng xe, đỗ xe khẩn cấp, nếu không di chuyển được, phải có báo hiệu bằng đèn khẩn cấp và đặt biển hoặc đèn cảnh báo về phía sau xe khoảng cách bảo đảm an toàn, nhanh chóng báo cho cơ quan Cảnh sát giao thông thực hiện nhiệm vụ bảo đảm trật tự, an toàn giao thông trên tuyến hoặc cơ quan quản lý hầm đường bộ; ",https://cole.ninhbinh.gov.vn/pho-bien-giao-duc-phap-luat/tai-lieu-hoi-dap-luat-trat-tu-an-toan-giao-thong-duong-bo-392177,
480,Xe ưu tiên được quy định như thế nào?,"Theo Điều 27 Luật Trật tự, an toàn giao thông đường bộ quy định về xe ưu 
tiên như sau: 
1. Xe ưu tiên gồm xe chữa cháy của Cảnh sát phòng cháy, chữa cháy và cứu nạn, cứu hộ và xe chữa cháy của các lực lượng khác được huy động đi làm nhiệm vụ chữa cháy; xe của lực lượng quân sự, công an và kiểm sát đi làm nhiệm vụ khẩn cấp; đoàn xe có xe Cảnh sát giao thông dẫn đường; xe cứu thương đi làm nhiệm vụ cấp cứu; xe hộ đê đi làm nhiệm vụ; xe đi làm nhiệm vụ cứu nạn, cứu hộ, khắc phục sự cố thiên tai, dịch bệnh hoặc xe đi làm nhiệm vụ trong tình trạng khẩn cấp theo quy định của pháp luật; đoàn xe tang.  
2. Xe ưu tiên được quyền đi trước xe khác khi qua đường giao nhau từ bất kỳ hướng nào tới theo thứ tự ưu tiên từ trên xuống dưới như sau: 
a) Xe chữa cháy của Cảnh sát phòng cháy, chữa cháy và cứu nạn, cứu hộ và xe chữa cháy của các lực lượng khác được huy động đi làm nhiệm vụ chữa cháy; 
b) Xe của lực lượng quân sự, công an, kiểm sát đi làm nhiệm vụ khẩn cấp; đoàn xe có xe Cảnh sát giao thông dẫn đường; 
c) Xe cứu thương đi làm nhiệm vụ cấp cứu; 
d) Xe hộ đê đi làm nhiệm vụ; xe đi làm nhiệm vụ cứu nạn, cứu hộ, khắc phục sự cố thiên tai, dịch bệnh hoặc xe đi làm nhiệm vụ trong tình trạng khẩn cấp theo quy định của pháp luật; 
đ) Đoàn xe tang. 
3. Xe ưu tiên quy định tại các điểm a, b, c và d khoản 2 Điều này phải có tín hiệu ưu tiên theo quy định của pháp luật. Màu của tín hiệu đèn ưu tiên được quy định như sau: 
a) Xe chữa cháy của Cảnh sát phòng cháy, chữa cháy và cứu nạn, cứu hộ và xe chữa cháy của các lực lượng khác được huy động đi làm nhiệm vụ chữa cháy, xe của lực lượng quân sự đi làm nhiệm vụ khẩn cấp, xe cứu thương đang làm nhiệm vụ cấp cứu có đèn nhấp nháy màu đỏ; 
b) Xe của lực lượng công an, kiểm sát đi làm nhiệm vụ khẩn cấp, xe Cảnh sát giao thông dẫn đường có đèn nhấp nháy màu xanh và đỏ; 
c) Xe hộ đê đi làm nhiệm vụ; xe đi làm nhiệm vụ cứu nạn, cứu hộ, khắc phục sự cố thiên tai, dịch bệnh hoặc xe đi làm nhiệm vụ trong tình trạng khẩn cấp theo quy định của pháp luật có đèn nhấp nháy màu xanh. 
4. Xe ưu tiên quy định tại các điểm a, b, c và d khoản 2 Điều này không bị hạn chế tốc độ; được phép đi không phụ thuộc vào tín hiệu đèn giao thông, đi vào đường ngược chiều, các đường khác có thể đi được; riêng đối với đường cao tốc, chỉ được đi ngược chiều trên làn dừng xe khẩn cấp; phải tuân theo hiệu lệnh của người điều khiển giao thông, biển báo hiệu tạm thời. 
5. Khi có tín hiệu của xe ưu tiên, người và phương tiện tham gia giao thông đường bộ phải giảm tốc độ, đi sát lề đường bên phải hoặc dừng lại để nhường đường, trạm thu phí phải ưu tiên cho xe ưu tiên qua trạm trong mọi tình huống, 
không được gây cản trở. 
6. Chính phủ quy định về quản lý, lắp đặt, sử dụng thiết bị phát tín hiệu của xe ưu tiên và trình tự, thủ tục cấp mới, cấp lại và thu hồi giấy phép sử dụng thiết bị phát tín hiệu của xe ưu tiên. 
7. Bộ trưởng Bộ Công an quy định các đoàn trong nước và khách nước ngoài đến Việt Nam có bố trí xe Cảnh sát giao thông dẫn đường; quy định quy trình dẫn đường của Cảnh sát giao thông đối với các đoàn trong nước và khách 
nước ngoài đến Việt Nam.",https://cole.ninhbinh.gov.vn/pho-bien-giao-duc-phap-luat/tai-lieu-hoi-dap-luat-trat-tu-an-toan-giao-thong-duong-bo-392177,
481,"Xe kéo xe, xe kéo rơ moóc và xe ô tô đầu kéo kéo sơ mi rơ moóc được quy định như thế nào?","Theo Điều 29 Luật Trật tự, an toàn giao thông đường bộ quy định như sau: 
1. Một xe ô tô chỉ được kéo theo một xe ô tô hoặc xe máy chuyên dùng khác khi xe được kéo không tự chạy được, trừ trường hợp quy định tại khoản 3 Điều 53 của Luật này và phải bảo đảm các quy định sau đây: 
a) Xe được kéo phải có người điều khiển và hệ thống lái của xe đó phải còn hiệu lực; 
b) Việc nối xe kéo với xe được kéo phải bảo đảm chắc chắn, an toàn; trường hợp hệ thống hãm của xe được kéo không còn hiệu lực thì xe kéo nhau phải nối bằng thanh nối cứng; 
c) Phía trước của xe kéo và phía sau của xe được kéo phải có biển báo hiệu, có đèn cảnh báo nhấp nháy màu vàng. 
2. Xe kéo rơ moóc, xe ô tô đầu kéo chỉ được kéo rơ moóc, sơ mi rơ moóc phù hợp với thiết kế của xe; việc kết nối xe kéo với rơ moóc, xe ô tô đầu kéo với sơ mi rơ moóc phải bảo đảm chắc chắn, an toàn. 
3. Không được chở người trên xe được kéo, trừ người điều khiển; xe kéo rơ moóc, xe ô tô đầu kéo kéo sơ mi rơ moóc không được kéo thêm rơ moóc, sơ mi rơ moóc hoặc xe khác.",https://cole.ninhbinh.gov.vn/pho-bien-giao-duc-phap-luat/tai-lieu-hoi-dap-luat-trat-tu-an-toan-giao-thong-duong-bo-392177,
482,"Người lái xe, người được chở, háng hóa xếp trên xe mô tô, xe gắn máy được quy định như thế nào?","Theo Điều 33 Luật Trật tự, an toàn giao thông đường bộ quy định về người lái xe, người được chở, hàng hóa xếp trên xe mô tô, xe gắn máy như sau: 
1. Người lái xe mô tô hai bánh, xe gắn máy chỉ được chở một người, trừ những trường hợp sau thì được chở tối đa hai người: 
a) Chở người bệnh đi cấp cứu; 
b) Áp giải người có hành vi vi phạm pháp luật; 
c) Trẻ em dưới 12 tuổi; 
d) Người già yếu hoặc người khuyết tật. 
2. Người lái xe, người được chở trên xe mô tô hai bánh, xe mô tô ba bánh, xe gắn máy phải đội mũ bảo hiểm theo đúng quy chuẩn kỹ thuật quốc gia và cài quai đúng quy cách. 
3. Người lái xe mô tô hai bánh, xe mô tô ba bánh, xe gắn máy không được thực hiện các hành vi sau đây: 
a) Đi xe dàn hàng ngang; 
b) Đi xe vào phần đường dành cho người đi bộ và phương tiện khác; 
c) Sử dụng ô, thiết bị âm thanh, trừ thiết bị trợ thính; 
d) Buông cả hai tay; đi xe bằng một bánh đối với xe mô tô, xe gắn máy hai bánh; đi xe bằng hai bánh đối với xe mô tô, xe gắn máy ba bánh; 
đ) Sử dụng xe để kéo, đẩy xe khác, vật khác, dẫn dắt vật nuôi, mang, vác và chở vật cồng kềnh; chở người đứng trên xe, giá đèo hàng hoặc ngồi trên tay lái; xếp hàng hóa trên xe quá giới hạn quy định; 
e) Ngồi về một bên điều khiển xe; đứng, nằm trên xe điều khiển xe; thay người lái xe khi xe đang chạy; quay người về phía sau để điều khiển xe hoặc bịt mắt điều khiển xe; sử dụng chân chống hoặc vật khác quệt xuống đường khi xe 
đang chạy; 
g) Hành vi khác gây mất trật tự, an toàn giao thông đường bộ. 
4. Người được chở trên xe mô tô hai bánh, xe mô tô ba bánh, xe gắn máy  khi tham gia giao thông đường bộ không được thực hiện các hành vi sau đây: 
a) Mang, vác vật cồng kềnh; 
b) Sử dụng ô; 
c) Bám, kéo hoặc đẩy các phương tiện khác; 
d) Đứng trên yên, giá đèo hàng hoặc ngồi trên tay lái; 
đ) Hành vi khác gây mất trật tự, an toàn giao thông đường bộ. 
5. Xe mô tô, xe gắn máy không được xếp hàng hóa vượt quá chiều rộng giá đèo hàng về mỗi bên 0,3 mét, vượt quá về phía sau giá đèo hàng 0,5 mét theo thiết kế của nhà sản xuất; chiều cao xếp hàng hóa tính từ mặt đường xe chạy không vượt quá 02 mét.",https://cole.ninhbinh.gov.vn/pho-bien-giao-duc-phap-luat/tai-lieu-hoi-dap-luat-trat-tu-an-toan-giao-thong-duong-bo-392177,
483,Theo quy định xe cơ giới là những loại xe nào?,"Theo Khoản 1 Điều 34 Luật Trật tự, an toàn giao thông đường bộ quy định xe cơ giới bao gồm: 
a) Xe ô tô gồm: xe có từ bốn bánh trở lên chạy bằng động cơ, được thiết kế, sản xuất để hoạt động trên đường bộ, không chạy trên đường ray, dùng để chở người, hàng hóa, kéo rơ moóc, kéo sơ mi rơ moóc hoặc được kết cấu để thực hiện chức năng, công dụng đặc biệt, có thể được nối với đường dây dẫn điện; xe ba bánh có khối lượng bản thân lớn hơn 400 kg; xe ô tô không bao gồm xe chở người bốn bánh có gắn động cơ và xe chở hàng bốn bánh có gắn động cơ; 
b) Rơ moóc là xe không có động cơ để di chuyển, được thiết kế, sản xuất để hoạt động trên đường bộ, được kéo bởi xe ô tô; phần chủ yếu của khối lượng toàn bộ rơ moóc không đặt lên xe kéo; 
c) Sơ mi rơ moóc là xe không có động cơ để di chuyển, được thiết kế, sản xuất để hoạt động trên đường bộ; được kéo bởi xe ô tô đầu kéo và có một phần đáng kể khối lượng toàn bộ đặt lên xe ô tô đầu kéo; 
d) Xe chở người bốn bánh có gắn động cơ là xe có từ bốn bánh trở lên, chạy bằng động cơ, được thiết kế, sản xuất để hoạt động trên đường bộ, có kết cấu để chở người, vận tốc thiết kế không lớn hơn 30 km/h, số người cho phép chở tối đa 15 người (không kể người lái xe); 
đ) Xe chở hàng bốn bánh có gắn động cơ là xe có từ bốn bánh trở lên, chạy bằng động cơ, được thiết kế, sản xuất để hoạt động trên đường bộ, có kết cấu để chở hàng, có phần động cơ và thùng hàng lắp trên cùng một khung xe, có tối đa hai hàng ghế và chở tối đa 05 người (không kể người lái xe), vận tốc thiết kế không lớn hơn 60 km/h và khối lượng bản thân không lớn hơn 550 kg; trường hợp xe sử dụng động cơ điện thì có công suất động cơ không lớn hơn 15 kW; 
e) Xe mô tô gồm: xe có hai hoặc ba bánh chạy bằng động cơ, được thiết kế, sản xuất để hoạt động trên đường bộ, trừ xe gắn máy; đối với xe ba bánh thì khối lượng bản thân không lớn hơn 400 kg; 
g) Xe gắn máy là xe có hai hoặc ba bánh chạy bằng động cơ, được thiết kế, sản xuất để hoạt động trên đường bộ, có vận tốc thiết kế không lớn hơn 50 km/h; nếu động cơ dẫn động là động cơ nhiệt thì dung tích làm việc hoặc dung tích tương đương không lớn hơn 50 cm3; nếu động cơ dẫn động là động cơ điện thì công suất của động cơ không lớn hơn 04 kW; xe gắn máy không bao gồm xe đạp máy; 
h) Xe tương tự các loại xe quy định tại khoản này.",https://cole.ninhbinh.gov.vn/pho-bien-giao-duc-phap-luat/tai-lieu-hoi-dap-luat-trat-tu-an-toan-giao-thong-duong-bo-392177,
484,Theo quy định xe thô sơ là những loại xe nào?,"Theo Khoản 2 Điều 34 Luật Trật tự, an toàn giao thông đường bộ quy định xe thô sơ bao gồm: 
a) Xe đạp là xe có ít nhất hai bánh và vận hành do sức người thông qua bàn đạp hoặc tay quay; 
b) Xe đạp máy, gồm cả xe đạp điện, là xe đạp có trợ lực từ động cơ, nguồn động lực từ động cơ bị ngắt khi người lái xe dừng đạp hoặc khi xe đạt tới tốc độ 25 km/h;
c) Xe xích lô; 
d) Xe lăn dùng cho người khuyết tật; 
đ) Xe vật nuôi kéo; 
e) Xe tương tự các loại xe quy định tại khoản này.",https://cole.ninhbinh.gov.vn/pho-bien-giao-duc-phap-luat/tai-lieu-hoi-dap-luat-trat-tu-an-toan-giao-thong-duong-bo-392177,
485,Theo quy định xe máy chuyên dùng là những loại nào?,"Theo Khoản 3 Điều 34 Luật Trật tự, an toàn giao thông đường bộ quy định xe máy chuyên dùng bao gồm: 
a) Xe máy thi công; 
b) Xe máy nông nghiệp, lâm nghiệp; 
c) Máy kéo; 
d) Rơ moóc, sơ mi rơ moóc được kéo bởi máy kéo; 
đ) Xe máy thực hiện chức năng, công dụng đặc biệt; 
e) Các loại xe đặc chủng sử dụng vào mục đích quốc phòng, an ninh có tham gia giao thông đường bộ. ",https://cole.ninhbinh.gov.vn/pho-bien-giao-duc-phap-luat/tai-lieu-hoi-dap-luat-trat-tu-an-toan-giao-thong-duong-bo-392177,
486,"Phương tiện tham giao giao thông đường bộ phải đáp ứng các 
điệu kiện gì? ","Theo Điều 35 Luật Trật tự, an toàn giáo thông đường bộ quy định về điều kiện phương tiện tham gia giao thông đường bộ như sau: 
1. Xe cơ giới, xe máy chuyên dùng tham gia giao thông đường bộ phải đáp ứng các điều kiện sau đây: 
a) Được cấp chứng nhận đăng ký xe và gắn biển số xe theo quy định của pháp luật; 
b) Bảo đảm chất lượng an toàn kỹ thuật và bảo vệ môi trường theo quy định của pháp luật. 
2. Xe ô tô kinh doanh vận tải phải lắp thiết bị giám sát hành trình. Xe ô tô chở người từ 08 chỗ trở lên (không kể chỗ của người lái xe) kinh doanh vận tải, xe ô tô đầu kéo, xe cứu thương phải lắp thiết bị giám sát hành trình và thiết bị ghi nhận hình ảnh người lái xe. 
3. Phương tiện giao thông thông minh bảo đảm các điều kiện quy định tại khoản 1 Điều này và được cơ quan có thẩm quyền cấp phép hoạt động. 
4. Phương tiện gắn biển số xe nước ngoài hoạt động tại Việt Nam thực hiện theo quy định tại Điều 55 của Luật này. 
5. Chính phủ quy định chi tiết khoản 2 và khoản 3 Điều này; quy định điều kiện hoạt động của xe thô sơ. 
6. Ủy ban nhân dân cấp tỉnh quy định phạm vi hoạt động của xe thô sơ, xe chở hàng bốn bánh có gắn động cơ, xe chở người bốn bánh có gắn động cơ tại địa phương.",https://cole.ninhbinh.gov.vn/pho-bien-giao-duc-phap-luat/tai-lieu-hoi-dap-luat-trat-tu-an-toan-giao-thong-duong-bo-392177,
487,Theo quy định biển số xe được phân loại như thế nào?,"Theo Khoản 2 Điều 36 Luật Trật tự, an toàn giao thông đường bộ quy định biển số xe được phân loại như sau:
a) Biển số xe nền màu xanh, chữ và số màu trắng cấp cho xe của cơ quan Đảng, Nhà nước, tổ chức chính trị - xã hội, đơn vị sự nghiệp công lập; 
b) Biển số xe nền màu đỏ, chữ và số màu trắng cấp cho xe quân sự; 
c) Biển số xe nền màu vàng, chữ và số màu đen cấp cho xe hoạt động kinh doanh vận tải; 
d) Biển số xe nền màu trắng, chữ và số màu đen cấp cho xe của các tổ chức, cá nhân trong nước, không thuộc đối tượng quy định tại các điểm a, b và c khoản này; 
đ) Biển số xe nền màu trắng, chữ màu đỏ, số màu đen, có ký hiệu “NG” cấp cho xe của cơ quan đại diện ngoại giao, cơ quan lãnh sự và nhân viên nước ngoài mang chứng minh thư ngoại giao của cơ quan đó; 
e) Biển số xe nền màu trắng, chữ màu đỏ, số màu đen, có ký hiệu “QT” cấp cho xe của cơ quan đại diện của tổ chức quốc tế và nhân viên nước ngoài mang chứng minh thư ngoại giao của tổ chức đó; 
g) Biển số xe nền màu trắng, chữ và số màu đen, có ký hiệu “CV” cấp cho xe của các nhân viên hành chính kỹ thuật mang chứng minh thư công vụ của các cơ quan đại diện ngoại giao, cơ quan lãnh sự, tổ chức quốc tế; 
h) Biển số xe nền màu trắng, chữ và số màu đen, có ký hiệu “NN” cấp cho xe của tổ chức, văn phòng đại diện, cá nhân nước ngoài, trừ đối tượng quy định tại điểm g khoản này; 
i) Biển số xe loại khác theo quy định của Bộ trưởng Bộ Công an. ",https://cole.ninhbinh.gov.vn/pho-bien-giao-duc-phap-luat/tai-lieu-hoi-dap-luat-trat-tu-an-toan-giao-thong-duong-bo-392177,
488,"Chứng nhận đăng ký xe, biên số xe cơ giới, xe máy chuyên dùng thu hồi trong các trường hợp nào?","Theo Khoản 6 Điều 39 Luật Trật tự, an toàn giao thông đường bộ quy định các trường hợp thu hồi chứng nhận đăng ký xe, biển số xe cơ giới, xe máy chuyên dung bao gồm: 
a) Chuyển quyền sở hữu xe; trường hợp chuyển nhượng, trao đổi, tặng cho, để thừa kế xe gắn với biển số xe trúng đấu giá thì chỉ thu hồi chứng nhận đăng ký xe; 
b) Xe nhập khẩu được miễn thuế hoặc xe tạm nhập của cơ quan, tổ chức, cá nhân nước ngoài mà tái xuất, chuyển quyền sở hữu hoặc tiêu hủy; xe hết thời hạn đăng ký tại các khu kinh tế - thương mại đặc biệt, khu kinh tế cửa khẩu quốc tế; 
c) Xe đã đăng ký nhưng phát hiện hồ sơ xe bị làm giả hoặc có kết luận của cơ quan có thẩm quyền về việc thay đổi trái phép số khung, số máy; xe tháo máy để đăng ký sử dụng cho xe khác; 
d) Xe cơ giới hết niên hạn sử dụng, hư hỏng không sử dụng được; 
đ) Xe bị thải bỏ, bị mất không tìm được và chủ xe đề nghị thu hồi chứng nhận đăng ký xe, biển số xe; 
e) Việc cấp đăng ký, cấp biển số xe không đúng quy định của pháp luật. ",https://cole.ninhbinh.gov.vn/pho-bien-giao-duc-phap-luat/tai-lieu-hoi-dap-luat-trat-tu-an-toan-giao-thong-duong-bo-392177,
489, Quyền và trách nhiệm của người điều khiển phương tiện tham gia giao thông đường bộ được quy định như thế nào? ,"Theo Điều 72 Luật Trật tự, an toàn giao thông đường bộ quy định quyền và trách nhiệm của người điều khiển phương tiện tham gia giao thông đường bộ như sau: 
1. Người điều khiển phương tiện tham gia giao thông đường bộ có quyền sau đây: 
a) Được điều khiển phương tiện tham gia giao thông đường bộ theo quy định của Luật này; 
b) Được thông báo về căn cứ dừng phương tiện tham gia giao thông đường bộ để kiểm tra, kiểm soát; nội dung và kết quả kiểm tra, kiểm soát; hành vi vi phạm pháp luật và biện pháp xử lý; 
c) Giải trình, khiếu nại, khởi kiện quyết định hành chính, hành vi hành chính liên quan đến quyền và lợi ích hợp pháp của mình theo quy định của pháp luật; 
d) Tố cáo hành vi vi phạm pháp luật trong hoạt động tuần tra, kiểm soát về trật tự, an toàn giao thông đường bộ theo quy định của pháp luật về tố cáo; 
đ) Báo tin, tố giác, phản ánh những trường hợp vi phạm pháp luật. 
2. Người điều khiển phương tiện tham gia giao thông đường bộ có trách nhiệm sau đây: 
a) Chấp hành quy định của pháp luật về trật tự, an toàn giao thông đường bộ; 
b) Chấp hành hiệu lệnh dừng phương tiện tham gia giao thông đường bộ, yêu cầu kiểm tra, kiểm soát của lực lượng thực hiện tuần tra, kiểm soát; 
c) Hỗ trợ, hợp tác với lực lượng bảo đảm trật tự, an toàn giao thông đường bộ trong quá trình phát hiện, ngăn chặn và xử lý vi phạm pháp luật về trật tự, an toàn giao thông đường bộ và vi phạm pháp luật khác.",https://cole.ninhbinh.gov.vn/pho-bien-giao-duc-phap-luat/tai-lieu-hoi-dap-luat-trat-tu-an-toan-giao-thong-duong-bo-392177,
490,"Ngăn chặn hành vi không chấp hành yêu cầu kiểm tra, kiểm soát, cản trở, chống người thi hành công vụ được quy định như thế nào? ","Theo Điều 73 Luật Trật tự, an toàn giao thông đường bộ quy định về ngăn chặn hành vi không chấp hành yêu cầu kiểm tra, kiểm soát, cản trở, chống người thi hành công vụ như sau: 
1. Khi người tham gia giao thông đường bộ không chấp hành yêu cầu kiểm tra, kiểm soát, có hành vi cản trở, chống người thi hành công vụ thì người thi hành công vụ thực hiện các biện pháp sau đây: 
a) Giải thích cho người vi phạm biết rõ về hành vi không chấp hành yêu cầu kiểm tra, kiểm soát, có hành vi cản trở, chống người thi hành công vụ; quyền và trách nhiệm của người vi phạm; thuyết phục, yêu cầu chấm dứt ngay hành vi vi phạm, chấp hành yêu cầu kiểm tra, kiểm soát; 
b) Áp dụng các biện pháp ngăn chặn theo quy định của pháp luật trong trường hợp người vi phạm cản trở, không chấp hành yêu cầu kiểm tra, kiểm soát của người thi hành công vụ; 
c) Trường hợp người vi phạm có hành vi chống người thi hành công vụ thì tùy theo tình huống, tính chất, mức độ nguy hiểm của hành vi, người thi hành công vụ được sử dụng vũ lực, công cụ hỗ trợ hoặc vũ khí theo quy định của pháp 
luật để ngăn chặn hành vi vi phạm và phòng vệ chính đáng. 
2. Trường hợp người điều khiển phương tiện tham gia giao thông đường bộ không chấp hành tín hiệu, hiệu lệnh dừng phương tiện và bỏ chạy thì người thi hành công vụ được thực hiện quyền truy đuổi để ngăn chặn và xử lý hành vi vi 
phạm.",https://cole.ninhbinh.gov.vn/pho-bien-giao-duc-phap-luat/tai-lieu-hoi-dap-luat-trat-tu-an-toan-giao-thong-duong-bo-392177,
491,"Bảo đảm trật tự, an toàn giao thông đường bộ đối với trường hợp sử dụng tạm thời lòng đường, vỉa hè vào mục đích khác được quy định như thế nào? ","Theo Điều 77 Luật Trật tự, an toàn giao thông đường bộ quy định về bảo đảm trật tự, an toàn giao thông đường bộ đối với trường hợp sử dụng tạm thời lòng đường, vỉa hè vào mục đích khác như sau: 
1. Lòng đường được sử dụng cho mục đích giao thông; vỉa hè được sử dụng cho người đi bộ. Trường hợp cần thiết sử dụng tạm thời lòng đường, vỉa hè phục vụ sự kiện chính trị, hoạt động văn hoá, thể thao và mục đích khác, cơ quan, tổ chức, cá nhân có nhu cầu sử dụng tạm thời lòng đường, vỉa hè phải có phương án sử dụng tạm thời lòng đường, vỉa hè và được cơ quan có thẩm quyền cho phép; cơ quan cho phép sử dụng tạm thời lòng đường, vỉa hè gửi thông báo ngay cho cơ quan Cảnh sát giao thông. 
2. Cơ quan, tổ chức, cá nhân sử dụng tạm thời lòng đường, vỉa hè chỉ được sử dụng đúng mục đích do cơ quan có thẩm quyền cho phép; chấp hành các yêu cầu của Cảnh sát giao thông; không làm mất trật tự, an toàn giao thông đường bộ; hoàn trả nguyên trạng lòng đường, vỉa hè sau khi kết thúc việc sử dụng. 
3. Cơ quan Cảnh sát giao thông có trách nhiệm sau đây: 
a) Xây dựng, tổ chức thực hiện phương án bảo đảm trật tự, an toàn giao thông đường bộ; 
b) Thông báo, thực hiện phương án phân luồng giao thông tạm thời; 
c) Giải quyết các tình huống gây mất an ninh, trật tự, an toàn giao thông đường bộ; trường hợp sử dụng tạm thời lòng đường, vỉa hè không bảo đảm yêu cầu về an ninh, trật tự, an toàn giao thông đường bộ thì tạm thời đình chỉ hoạt động, kiến nghị cơ quan có thẩm quyền điều chỉnh phương án sử dụng cho phù hợp.
4. Chính phủ quy định chi tiết Điều này.",https://cole.ninhbinh.gov.vn/pho-bien-giao-duc-phap-luat/tai-lieu-hoi-dap-luat-trat-tu-an-toan-giao-thong-duong-bo-392177,
492,"Trách nhiệm của người điều khiển phương tiện tham gia giao thông đường bộ gây ra tai nạn giao thông đường bộ, người liên quan và người có mặt tại hiện trường vụ tai nạn giao thông đường bộ được quy định như thế nào? ","Theo Điều 80 Luật Trật tự, an toàn giao thông đường bộ quy định về trách nhiệm của người điều khiển phương tiện tham gia giao thông đường bộ gây ra tai nạn giao thông đường bộ, người liên quan và người có mặt tại hiện trường vụ tai nạn giao thông đường bộ như sau: 1. Người điều khiển phương tiện tham gia giao thông đường bộ gây ra tai nạn giao thông đường bộ, người liên quan đến vụ tai nạn giao thông đường bộ có trách nhiệm sau đây: a) Dừng ngay phương tiện, cảnh báo nguy hiểm, giữ nguyên hiện trường, trợ giúp người bị nạn và báo tin cho cơ quan Công an, cơ sở khám bệnh, chữa bệnh hoặc Ủy ban nhân dân nơi gần nhất; b) Ở lại hiện trường vụ tai nạn giao thông đường bộ cho đến khi người của cơ quan Công an đến, trừ trường hợp phải đi cấp cứu, đưa người bị nạn đi cấp cứu hoặc xét thấy bị đe dọa đến tính mạng, sức khỏe nhưng phải đến trình báo ngay cơ quan Công an, Ủy ban nhân dân nơi gần nhất; c) Cung cấp thông tin xác định danh tính về bản thân, người liên quan đến vụ tai nạn giao thông đường bộ và thông tin liên quan của vụ tai nạn giao thông đường bộ cho cơ quan có thẩm quyền. 2. Người có mặt tại nơi xảy ra vụ tai nạn giao thông đường bộ có trách nhiệm sau đây: a) Giúp đỡ, cứu chữa kịp thời người bị nạn; b) Báo tin ngay cho cơ quan Công an, cơ sở khám bệnh, chữa bệnh hoặc Ủy ban nhân dân nơi gần nhất; c) Tham gia bảo vệ hiện trường; d) Tham gia bảo vệ tài sản của người bị nạn; đ) Cung cấp thông tin liên quan về vụ tai nạn theo yêu cầu của cơ quan có thẩm quyền. 3. Người được quy định tại khoản 1 và khoản 2 Điều này chỉ được sử dụng phương tiện liên quan đến vụ tai nạn giao thông đường bộ để đưa nạn nhân đi cấp cứu trong trường hợp không có phương tiện nào khác nhưng phải xác định vị trí phương tiện, vị trí nạn nhân tại hiện trường, không được làm thay đổi, mất dấu vết liên quan đến vụ tai nạn giao thông đường bộ. Trường hợp có người chết phải giữ nguyên hiện trường và che đậy thi thể. 4. Người điều khiển phương tiện tham gia giao thông đường bộ khác khi đi qua nơi xảy ra vụ tai nạn giao thông đường bộ có trách nhiệm chở người bị thương đi cấp cứu. Xe ưu tiên, xe chở người được hưởng quyền ưu đãi, miễn trừ ngoại giao không bắt buộc thực hiện quy định tại khoản này.",https://cole.ninhbinh.gov.vn/pho-bien-giao-duc-phap-luat/tai-lieu-hoi-dap-luat-trat-tu-an-toan-giao-thong-duong-bo-392178,
493,"Luật Trật tự, an toàn giao thông đường bộ quy định việc bảo đảm trật tự, an toàn giao thông đường bộ dựa trên những nguyên tắc nào?","Tại Điều 3 Luật Trật tự, an toàn giao thông đường bộ quy định việc bảo đảm trật tự, an toàn giao thông đường bộ dựa trên những nguyên tắc sau: 
- Tuân thủ Hiến pháp, pháp luật Việt Nam và điều ước quốc tế mà nước Cộng hòa xã hội chủ nghĩa Việt Nam là thành viên. 
- Bảo đảm giao thông đường bộ được trật tự, an toàn, thông suốt, góp phần phát triển kinh tế - xã hội, bảo đảm quốc phòng, an ninh và bảo vệ môi trường; phòng ngừa vi phạm pháp luật về trật tự, an toàn giao thông đường bộ, tai nạn giao thông đường bộ và ùn tắc giao thông; bảo vệ tính mạng, sức khỏe, tài sản của cá nhân và tài sản của cơ quan, tổ chức.
 - Bảo đảm trật tự, an toàn giao thông đường bộ là trách nhiệm của cơ quan, tổ chức, cá nhân. 
- Người tham gia giao thông đường bộ phải chấp hành các quy định của pháp luật về trật tự, an toàn giao thông đường bộ và quy định khác của pháp luật có liên quan, có trách nhiệm giữ an toàn cho mình và cho người khác. 
- Mọi hành vi vi phạm pháp luật về trật tự, an toàn giao thông đường bộ phải được phát hiện, ngăn chặn kịp thời và phải bị xử lý nghiêm minh theo quy định của pháp luật. 
- Hoạt động bảo đảm trật tự, an toàn giao thông đường bộ phải công khai, minh bạch và thuận lợi cho người dân. 
- Công tác bảo đảm trật tự, an toàn giao thông đường bộ được thực hiện thống nhất trên cơ sở phân công, phân cấp, phù hợp với chức năng, nhiệm vụ và sự phối hợp chặt chẽ giữa các cơ quan, tổ chức, cá nhân có liên quan. ",https://sqhx-hanoi.mediacdn.vn/91579363132710912/2026/6/18/cau-hoi-va-tra-loi-17817724515922022976550.pdf,
494,"Luật Trật tự, an toàn giao thông đường bộ quy định Quy tắc chung trong giao thông đường bộ như thế nào?","Tại Điều 10 Luật Trật tự, an toàn giao thông đường bộ quy định Quy tắc chung khi tham gia giao thông như sau: 
- Người tham gia giao thông đường bộ phải đi bên phải theo chiều đi của mình, đi đúng làn đường, phần đường quy định, chấp hành báo hiệu đường bộ và các quy tắc giao thông đường bộ khác. 
- Người lái xe và người được chở trên xe ô tô phải thắt dây đai an toàn tại những chỗ có trang bị dây đai an toàn khi tham gia giao thông đường bộ. 
- Khi chở trẻ em dưới 10 tuổi và chiều cao dưới 1,35 mét trên xe ô tô không được cho trẻ em ngồi cùng hàng ghế với người lái xe, trừ loại xe ô tô chỉ có một hàng ghế; người lái xe phải sử dụng, hướng dẫn sử dụng thiết bị an toàn phù hợp cho trẻ em.",https://sqhx-hanoi.mediacdn.vn/91579363132710912/2026/6/18/cau-hoi-va-tra-loi-17817724515922022976550.pdf,
495,"Luật Trật tự, an toàn giao thông đường bộ quy định việc chấp hành báo hiệu đường bộ như thế nào?","Tại Điều 11 Luật Trật tự, an toàn giao thông đường bộ, việc chấp hành báo hiệu đường bộ được quy định như sau:
- Báo hiệu đường bộ bao gồm: hiệu lệnh của người điều khiển giao thông; đèn tín hiệu giao thông; biển báo hiệu đường bộ; vạch kẻ đường và các dấu hiệu khác trên mặt đường; cọc tiêu, tường bảo vệ, rào chắn, đinh phản quang, tiêu phản quang, cột Km, cọc H; thiết bị âm thanh báo hiệu đường bộ. 
- Người tham gia giao thông đường bộ phải chấp hành báo hiệu đường bộ theo thứ tự ưu tiên từ trên xuống dưới như sau: 
+ Hiệu lệnh của người điều khiển giao thông;  
+ Tín hiệu đèn giao thông; 
+ Biển báo hiệu đường bộ; 
+ Vạch kẻ đường và các dấu hiệu khác trên mặt đường; 
+ Cọc tiêu, tường bảo vệ, rào chắn, đinh phản quang, tiêu phản quang, cột Km, cọc H; 
+ Thiết bị âm thanh báo hiệu đường bộ. - Hiệu lệnh của người điều khiển giao thông được quy định như sau: 
+ Tay bên phải giơ thẳng đứng để báo hiệu cho người tham gia giao thông đường bộ ở tất cả các hướng phải dừng lại; 
+ Hai tay hoặc một tay dang ngang để báo hiệu cho người tham gia giao thông đường bộ ở phía trước và ở phía sau người điều khiển giao thông phải dừng lại; người tham gia giao thông đường bộ ở phía bên phải và bên trái người điều khiển giao thông được đi; 
+ Tay bên phải giơ về phía trước để báo hiệu cho người tham gia giao thông đường bộ ở phía sau và bên phải người điều khiển giao thông phải dừng lại; người tham gia giao thông đường bộ ở phía trước người điều khiển giao thông được rẽ phải; người tham gia giao thông đường bộ ở phía bên trái người điều khiển giao thông được đi tất cả các hướng; người đi bộ qua đường phải đi sau lưng người điều khiển giao thông. 
- Tín hiệu đèn giao thông có 03 màu, gồm: màu xanh, màu vàng, màu đỏ; có hiển thị thời gian hoặc không hiển thị thời gian. Người tham gia giao thông đường bộ phải chấp hành như sau: 
+ Tín hiệu đèn màu xanh là được đi; trường hợp người đi bộ, xe lăn của người khuyết tật đang đi ở lòng đường, người điều khiển phương tiện tham gia giao thông đường bộ phải giảm tốc độ hoặc dừng lại nhường đường cho người đi bộ, xe lăn của người khuyết tật qua đường; 
+ Tín hiệu đèn màu vàng phải dừng lại trước vạch dừng; trường hợp đang đi trên vạch dừng hoặc đã đi qua vạch dừng mà tín hiệu đèn màu vàng thì được đi tiếp; trường hợp tín hiệu đèn màu vàng nhấp nháy, người điều khiển phương tiện tham gia giao thông đường bộ được đi nhưng phải quan sát, giảm tốc độ hoặc dừng lại nhường đường cho người đi bộ, xe lăn của người khuyết tật qua đường hoặc các phương tiện khác; 
+ Tín hiệu đèn màu đỏ là cấm đi.  
- Báo hiệu của biển báo hiệu đường bộ được quy định như sau: 
+ Biển báo cấm để biểu thị các điều cấm; 
+ Biển báo nguy hiểm để cảnh báo các tình huống nguy hiểm có thể xảy ra; 
+ Biển hiệu lệnh để báo hiệu lệnh phải thi hành; 
+ Biển chỉ dẫn để chỉ dẫn hướng đi hoặc các điều cần biết; 
+ Biển phụ để thuyết minh bổ sung cho biển báo cấm, biển báo nguy hiểm, biển hiệu lệnh và biển chỉ dẫn.
- Vạch kẻ đường là vạch chỉ sự phân chia làn đường, vị trí hoặc hướng đi, vị trí dừng lại. 
- Cọc tiêu, tường bảo vệ để hướng dẫn cho người tham gia giao thông đường bộ biết phạm vi an toàn của nền đường và hướng đi của đường. 
- Rào chắn để ngăn không cho người, phương tiện qua lại. 
- Đinh phản quang, tiêu phản quang để thông tin, cảnh báo về phần đường, làn đường. 
- Cột Km, cọc H để báo hiệu cho người tham gia giao thông đường bộ về các thông tin của đường bộ. 
- Thiết bị âm thanh báo hiệu đường bộ để hỗ trợ cảnh báo nguy hiểm cho người tham gia giao thông đường bộ. 
- Khi ở một vị trí vừa có biển báo hiệu đặt cố định vừa có biển báo hiệu tạm thời mà hai biển có ý nghĩa khác nhau, người tham gia giao thông đường bộ phải chấp hành hiệu lệnh của biển báo hiệu tạm thời. ",https://sqhx-hanoi.mediacdn.vn/91579363132710912/2026/6/18/cau-hoi-va-tra-loi-17817724515922022976550.pdf,
496,"Luật Trật tự, an toàn giao thông đường bộ quy định việc qua phà, qua cầu phao như thế nào? ","Điều 23 Luật Trật tự, an toàn giao thông đường bộ quy định việc qua phà, qua cầu phao như sau: - Khi đến bến phà, cầu phao, các xe phải xếp hàng theo quy định, không làm cản trở giao thông. 
- Các xe qua phà, qua cầu phao theo thứ tự ưu tiên từ trên xuống dưới như sau: 
+ Xe ưu tiên; 
+ Xe chở thư báo; 
+ Xe chở thực phẩm tươi sống; 
+ Xe chở khách công cộng. Trong trường hợp các xe cùng thứ tự ưu tiên đến bến phà, cầu phao thì xe nào đến trước được qua trước. - Khi qua phà, phải chấp hành quy định sau đây: 
+ Khi xe xuống phà, đang ở trên phà và khi lên bến, mọi người không được ở trên xe, trừ người lái xe, người điều khiển xe máy chuyên dùng, trẻ em, phụ nữ mang thai, người già yếu, người khuyết tật, người bệnh; 
+ Khi xuống phà, xe cơ giới, xe máy chuyên dùng xuống trước, xe thô sơ, người đi bộ xuống sau; khi lên bến, người đi bộ lên trước, các phương tiện giao thông đường bộ lên sau theo hướng dẫn của người điều khiển giao thông. 
- Khi qua cầu phao, phải chấp hành quy định sau đây: 
+ Xe cơ giới, xe máy chuyên dùng phải đi theo một hàng theo chiều di chuyển, không gây cản trở người, phương tiện đi ngược chiều; 
+ Xe thô sơ, người đi bộ phải đi sát về phía bên phải theo chiều đi của mình, không gây cản trở xe cơ giới, xe máy chuyên dùng; 
+ Xe cơ giới, xe máy chuyên dùng, xe thô sơ, người đi bộ phải tuân thủ hướng dẫn của người điều khiển giao thông. ",https://sqhx-hanoi.mediacdn.vn/91579363132710912/2026/6/18/cau-hoi-va-tra-loi-17817724515922022976550.pdf,
497, Theo quy định của pháp luật người đi bộ phải tuân thủ những quy định nào? ,"Theo quy định tại Khoản 1 Điều 30 Luật Trật tự, an toàn giao thông đường bộ, người đi bộ phải tuân thủ các quy định sau: 
- Phải đi trên vỉa hè, lề đường, đường dành riêng cho người đi bộ; trường hợp đường không có vỉa hè, lề đường, đường dành riêng cho người đi bộ thì người đi bộ phải đi sát mép đường bên phải theo chiều đi của mình; 
- Chỉ được qua đường ở những nơi có đèn tín hiệu, có vạch kẻ đường hoặc có cầu vượt, hầm dành cho người đi bộ và phải tuân thủ tín hiệu chỉ dẫn, báo hiệu đường bộ. Trường hợp không có đèn tín hiệu, vạch kẻ đường, cầu vượt, hầm dành cho người đi bộ thì phải quan sát các xe đang đi tới, chỉ qua đường khi bảo đảm an toàn, khi qua đường phải có tín hiệu bằng tay; 
- Không được vượt qua dải phân cách, đu, bám vào phương tiện giao thông đường bộ đang di chuyển; khi mang, vác vật cồng kềnh phải bảo đảm an toàn và không gây trở ngại cho người và phương tiện tham gia giao thông đường bộ.",https://sqhx-hanoi.mediacdn.vn/91579363132710912/2026/6/18/cau-hoi-va-tra-loi-17817724515922022976550.pdf,
498,"Người điều khiển xe đạp, xe đạp máy khi tham gia giao thông đường bộ được chở mấy người? Người điều khiển, người được chở trên xe đạp máy có phải độ mũ bảo hiểm không? ","Tại Khoản 1 Điều 31 Luật Trật tự, an toàn giao thông đường bộ quy định: Người điều khiển xe đạp, xe đạp máy chỉ được chở một người, trừ trường hợp chở thêm một trẻ em dưới 07 tuổi thì được chở tối đa hai người. Tại Khoản 3 Điều 31 Luật Trật tự, an toàn giao thông đường bộ quy định: Người điều khiển, người được chở trên xe đạp máy phải đội mũ bảo hiểm theo đúng quy chuẩn kỹ thuật quốc gia và cài quai đúng quy cách. ",https://sqhx-hanoi.mediacdn.vn/91579363132710912/2026/6/18/cau-hoi-va-tra-loi-17817724515922022976550.pdf,
499,"Pháp luật quy định như thế nào đối với người điều khiển, dẫn dắt vật nuôi, điều khiển xe vật nuôi kéo đi trên đường bộ?","Tại Điều 32 Luật Trật tự, an toàn giao thông đường bộ quy định: Người điều khiển, dẫn dắt vật nuôi, điều khiển xe vật nuôi kéo đi trên đường bộ phải cho vật nuôi đi sát mép đường bên phải; trường hợp cần cho vật nuôi đi ngang qua đường thì phải quan sát và chỉ được đi qua đường khi có đủ điều kiện an toàn; không được gây cản trở cho người và phương tiện tham gia giao thông đường bộ khác. Không được điều khiển, dẫn dắt vật nuôi, điều khiển xe vật nuôi kéo đi vào làn đường dành cho xe cơ giới. Không được thả vật nuôi trên đường bộ.",https://sqhx-hanoi.mediacdn.vn/91579363132710912/2026/6/18/cau-hoi-va-tra-loi-17817724515922022976550.pdf,
500,"Trường hợp đi ngược chiều của đường một chiều, đi ngược chiều trên đường có biển ""cấm đi ngược chiều"" bị xử phạt như thế nào?","Hành vi đi ngược chiều của đường một chiều hoặc đi ngược chiều trên đường có biển “Cấm đi ngược chiều” là hành vi vi phạm trật tự, an toàn giao thông đường bộ, bị xử phạt tiền và bị trừ điểm giấy phép lái xe (GPLX).
Căn cứ pháp lý: Điểm d khoản 9, điểm a khoản 10, điểm đ khoản 11, khoản 16 Điều 6; điểm a khoản 8, điểm a khoản 10, khoản 13 Điều 7 Nghị định số 168/2024/NĐ-CP (được sửa đổi, bổ sung bởi Nghị định số 238/2026/NĐ-CP).
Mức xử phạt cụ thể:
- Đối với người điều khiển xe ô tô:
  + Phạt tiền từ 18.000.000 đồng đến 20.000.000 đồng, đồng thời bị trừ 04 điểm GPLX.
  + Trường hợp đi ngược chiều trên đường cao tốc: Phạt tiền từ 30.000.000 đồng đến 40.000.000 đồng, đồng thời bị trừ 10 điểm GPLX.
  + Trường hợp vi phạm mà gây tai nạn giao thông: Phạt tiền từ 20.000.000 đồng đến 22.000.000 đồng, đồng thời bị trừ 10 điểm GPLX.
- Đối với người điều khiển xe mô tô, xe gắn máy:
  + Phạt tiền từ 2.000.000 đồng đến 3.000.000 đồng, đồng thời bị trừ 02 điểm GPLX.
  + Trường hợp vi phạm mà gây tai nạn giao thông: Phạt tiền từ 10.000.000 đồng đến 14.000.000 đồng, đồng thời bị trừ 10 điểm GPLX.",https://pbgdpl.hochiminhcity.gov.vn/hoi-dap/hoi-dap-ve-an-toan-giao-thong-2024-286669,
501,Khi chuyển làn không có tín hiệu báo trước (Không Xi nhan) bị xử phạt như thế nào?,"Hành vi chuyển làn đường không có tín hiệu báo trước (không bật xi nhan) là hành vi vi phạm pháp luật giao thông đường bộ, bị phạt tiền và bị trừ điểm GPLX nếu vi phạm trên cao tốc hoặc gây tai nạn giao thông.
Căn cứ pháp lý: Điểm a khoản 2, điểm g khoản 5, điểm a khoản 10, khoản 16 Điều 6; điểm e khoản 1, điểm a khoản 10, khoản 13 Điều 7 Nghị định số 168/2024/NĐ-CP (được sửa đổi, bổ sung bởi Nghị định số 238/2026/NĐ-CP).
Mức xử phạt cụ thể:
- Đối với người điều khiển xe ô tô:
  + Vi phạm trên đường thông thường: Phạt tiền từ 600.000 đồng đến 800.000 đồng.
  + Vi phạm khi chạy trên đường cao tốc: Phạt tiền từ 4.000.000 đồng đến 6.000.000 đồng, đồng thời bị trừ 02 điểm GPLX.
  + Trường hợp vi phạm gây tai nạn giao thông: Phạt tiền từ 20.000.000 đồng đến 22.000.000 đồng, đồng thời bị trừ 10 điểm GPLX.
- Đối với người điều khiển xe mô tô, xe gắn máy:
  + Phạt tiền từ 200.000 đồng đến 400.000 đồng.
  + Trường hợp vi phạm gây tai nạn giao thông: Phạt tiền từ 10.000.000 đồng đến 14.000.000 đồng, đồng thời bị trừ 10 điểm GPLX.",https://pbgdpl.hochiminhcity.gov.vn/hoi-dap/hoi-dap-ve-an-toan-giao-thong-2024-286669,
502,"Pháp luật hiện hành quy định xử phạt vi phạm hành chính đối với người điều khiển xe ô tô chở hành khách có hành vi sang nhượng hành khách dọc đường cho xe khác mà không được hành khách đồng ý; đe dọa, xúc phạm, tranh giành, lôi kéo hành khách; bắt ép hành khách sử dụng dịch vụ ngoài ý muốn của họ như thế nào? ","Hành vi đe dọa, xúc phạm, tranh giành, lôi kéo hành khách; bắt ép hành khách sử dụng dịch vụ ngoài ý muốn hoặc sang nhượng/chuyển tải hành khách dọc đường trái quy định là hành vi vi phạm pháp luật, bị phạt tiền và bị trừ điểm GPLX.
Căn cứ pháp lý: Điểm c khoản 6, điểm a khoản 10 Điều 20 Nghị định số 168/2024/NĐ-CP (được sửa đổi, bổ sung bởi Nghị định số 238/2026/NĐ-CP).
Mức xử phạt cụ thể:
- Đối với người điều khiển xe ô tô chở hành khách:
  + Phạt tiền: Từ 3.000.000 đồng đến 5.000.000 đồng đối với hành vi đe dọa, xúc phạm, tranh giành, lôi kéo hành khách; đe dọa, cưỡng ép hành khách sử dụng dịch vụ ngoài ý muốn; chuyển tải, xuống khách hoặc các hành vi khác nhằm trốn tránh phát hiện xe chở quá tải, quá số người theo quy định.
  + Trừ điểm Giấy phép lái xe: Bị trừ 02 điểm GPLX.",https://pbgdpl.gialai.gov.vn/uploads/tailieuhoidapphapluat/11-2020/hoi-dap-xu-phat-vi-pham-hanh-chinh_curves_compressed.pdf,
503,"Pháp luật hiện hành quy định xử phạt vi phạm hành chính người điều khiển xe ô tô tải có hành vi nhận, trả hàng trên đường cao tốc như thế nào? ","Hành vi nhận, trả hàng trên đường cao tốc của người điều khiển xe ô tô tải là hành vi vi phạm pháp luật nghiêm trọng về trật tự an toàn giao thông, bị phạt tiền từ 10.000.000 đồng đến 12.000.000 đồng và bị trừ điểm GPLX.
Căn cứ pháp lý: Khoản 9, điểm c khoản 13 Điều 21 Nghị định số 168/2024/NĐ-CP (được sửa đổi, bổ sung bởi Nghị định số 238/2026/NĐ-CP).
Mức xử phạt cụ thể:
- Đối với người điều khiển xe ô tô tải, máy kéo:
  + Phạt tiền: Từ 10.000.000 đồng đến 12.000.000 đồng.
  + Trừ điểm Giấy phép lái xe: Bị trừ 06 điểm GPLX.",https://pbgdpl.gialai.gov.vn/uploads/tailieuhoidapphapluat/11-2020/hoi-dap-xu-phat-vi-pham-hanh-chinh_curves_compressed.pdf,
504,Pháp luật hiện hành quy định xử phạt vi phạmhành chính đối với người điều khiển xe ô tô chở hàng vượttrọng tải cho phép tham gia giao thông được ghi trong Giấy chứng nhận kiểm định an toàn kỹ thuật và bảo vệ môi trườngcủa xe trên 150% như thế nào?,"Hành vi điều khiển xe ô tô chở hàng vượt trọng tải cho phép tham gia giao thông trên 150% là hành vi vi phạm pháp luật, bị phạt tiền từ 8.000.000 đồng đến 12.000.000 đồng, bị trừ 10 điểm GPLX và buộc hạ tải.
Căn cứ pháp lý: Điểm a khoản 8, điểm đ khoản 13 Điều 21 Nghị định số 168/2024/NĐ-CP (được sửa đổi, bổ sung bởi Nghị định số 238/2026/NĐ-CP).
Mức xử phạt cụ thể:
- Đối với người điều khiển xe:
  + Phạt tiền: Từ 8.000.000 đồng đến 12.000.000 đồng (áp dụng đối với người điều khiển xe chở hàng vượt trọng tải cho phép ghi trong chứng nhận kiểm định trên 150%).
  + Trừ điểm Giấy phép lái xe: Bị trừ 10 điểm GPLX.
  + Biện pháp khắc phục hậu quả: Buộc phải hạ phần hàng quá tải theo quy định của pháp luật.",https://pbgdpl.gialai.gov.vn/uploads/tailieuhoidapphapluat/11-2020/hoi-dap-xu-phat-vi-pham-hanh-chinh_curves_compressed.pdf,
505,"Ông Hà Văn Ph hỏi: Con trai tôi điều khiển xe
ô tô đang vận chuyển hàng siêu trường, siêu trọng vào thành
phố H thì bị cơ quan chức năng xử phạt vi phạm hành chính về
vận chuyển hàng siêu trường, siêu trọng. Tôi muốn hỏi, pháp
luật hiện hành quy định xử phạt vi phạm hành chính người
điều khiển xe ô tô thực hiện hành vi vi phạm quy định về vận
chuyển hàng siêu trường, siêu trọng như thế nào?","Người điều khiển xe ô tô vi phạm quy định về vận chuyển hàng siêu trường, siêu trọng bị xử phạt tiền từ 2.000.000 đồng đến 15.000.000 đồng tùy hành vi, đồng thời bị trừ từ 02 đến 04 điểm GPLX và có thể bị áp dụng các biện pháp xử lý bổ sung.
Căn cứ pháp lý: Điều 22 Nghị định số 168/2024/NĐ-CP (được sửa đổi, bổ sung bởi Nghị định số 238/2026/NĐ-CP).
Mức xử phạt cụ thể đối với người điều khiển xe ô tô:
- Phạt tiền từ 2.000.000 đồng đến 3.000.000 đồng: Chở hàng siêu trường, siêu trọng không có báo hiệu kích thước của hàng; không thực hiện đúng quy định trong giấy phép lưu hành (trừ các hành vi quy định tại khoản 2, khoản 3 Điều 22); bị trừ 02 điểm GPLX.
- Phạt tiền từ 8.000.000 đồng đến 10.000.000 đồng: Chở hàng có giấy phép lưu hành còn hạn nhưng kích thước bao ngoài của xe sau khi xếp hàng vượt quá quy định trong giấy phép lưu hành; bị trừ 04 điểm GPLX.
- Phạt tiền từ 13.000.000 đồng đến 15.000.000 đồng: Chở hàng không có giấy phép lưu hành hoặc giấy phép hết hạn, không do cơ quan thẩm quyền cấp; tổng trọng lượng vượt quy định trong giấy phép; đi không đúng tuyến đường; chở không đúng loại hàng ghi trong giấy phép; bị trừ 04 điểm GPLX.
- Hình thức xử phạt bổ sung và khắc phục hậu quả: Thu hồi giấy phép lưu hành hết hạn hoặc không do cơ quan có thẩm quyền cấp; buộc khôi phục lại tình trạng ban đầu nếu gây hư hại cầu, đường.",https://pbgdpl.gialai.gov.vn/uploads/tailieuhoidapphapluat/11-2020/hoi-dap-xu-phat-vi-pham-hanh-chinh_curves_compressed.pdf,
506,"Ông Ngô Quỳnh H điều khiển xe ô tô vận chuyển hàng đến tỉnh Q. Trên đường đi xe của ông dừng tại khu dân cư để nghỉ thì bị cơ quan chức năng kiểm tra và xử phạt hành vi vi phạm quy định về vận chuyển chất gây ô nhiễm môi trường, hàng nguy hiểm. Ông H hỏi, pháp luật hiện hành quy định xử phạt vi phạm hành chính đối với người điều khiển xe ô tô thực hiện hành vi vi phạm quy định về vận chuyển chất gây ô nhiễm môi trường, hàng nguy hiểm như thế nào? ","Hành vi vi phạm quy định về vận chuyển hàng hóa nguy hiểm bị xử phạt tiền từ 1.000.000 đồng đến 14.000.000 đồng tùy mức độ vi phạm, bị trừ điểm GPLX từ 02 đến 04 điểm và buộc khắc phục tình trạng ô nhiễm môi trường nếu gây ô nhiễm.
Căn cứ pháp lý: Điều 23 Nghị định số 168/2024/NĐ-CP (được sửa đổi, bổ sung bởi Nghị định số 238/2026/NĐ-CP).
Mức xử phạt cụ thể đối với người điều khiển xe ô tô:
- Phạt tiền từ 1.000.000 đồng đến 2.000.000 đồng: Không làm sạch hoặc không bóc (xóa) biểu trưng nguy hiểm trên phương tiện khi không tiếp tục vận chuyển loại hàng đó.
- Phạt tiền từ 2.000.000 đồng đến 3.000.000 đồng: Không mang theo hồ sơ vận chuyển hàng hóa nguy hiểm; không có chứng nhận hoàn thành tập huấn an toàn hàng hóa nguy hiểm theo quy định.
- Phạt tiền từ 4.000.000 đồng đến 6.000.000 đồng: Xe ô tô không dán nhãn, biểu trưng nhận diện hàng nguy hiểm; không lắp đèn hoặc tín hiệu cảnh báo; bị trừ 02 điểm GPLX.
- Phạt tiền từ 6.000.000 đồng đến 8.000.000 đồng: Vận chuyển thuốc nổ, khí đốt, xăng dầu, chất dễ cháy nổ đi qua công trình hầm dài từ 100m trở lên; bị trừ 02 điểm GPLX.
- Phạt tiền từ 12.000.000 đồng đến 14.000.000 đồng: Không có giấy phép vận chuyển hàng nguy hiểm hoặc giấy phép hết hiệu lực, không thực hiện đúng giấy phép; bị trừ 04 điểm GPLX.
- Biện pháp khắc phục hậu quả: Buộc thực hiện các biện pháp khắc phục tình trạng ô nhiễm môi trường do vi phạm gây ra.",https://pbgdpl.gialai.gov.vn/uploads/tailieuhoidapphapluat/11-2020/hoi-dap-xu-phat-vi-pham-hanh-chinh_curves_compressed.pdf,
507,"Pháp luật hiện hành quy định xử phạt vi phạmhành chính đối với người điều khiển xe vệ sinh môi trường, xeô tô chở phế thải, vật liệu rời và xe chở hàng khác thực hiệnhành vi vi phạm quy định về hoạt động vận tải trong đô thị như
thế nào?","Người điều khiển xe vệ sinh môi trường, xe ô tô chở phế thải thực hiện hành vi không chạy đúng tuyến, phạm vi, thời gian quy định sẽ bị xử phạt tiền từ 2.000.000 đồng đến 3.000.000 đồng và bị trừ 02 điểm GPLX.
Căn cứ pháp lý: Khoản 1, khoản 2 Điều 25 Nghị định số 168/2024/NĐ-CP (được sửa đổi, bổ sung bởi Nghị định số 238/2026/NĐ-CP).
Mức xử phạt cụ thể:
- Đối với người điều khiển xe vệ sinh môi trường, xe ô tô chở phế thải:
  + Phạt tiền: Từ 2.000.000 đồng đến 3.000.000 đồng đối với hành vi điều khiển xe không chạy đúng tuyến, phạm vi, thời gian quy định trong đô thị.
  + Trừ điểm Giấy phép lái xe: Bị trừ 02 điểm GPLX.",https://pbgdpl.gialai.gov.vn/uploads/tailieuhoidapphapluat/11-2020/hoi-dap-xu-phat-vi-pham-hanh-chinh_curves_compressed.pdf,
508,"Pháp luật hiện hành quy định xử phạt vi phạm hành chính đối với cá nhân, tổ chức kinh doanh vận tải, dịch vụ hỗ trợ vận tải thực hiện hành vi sử dụng xe ô tô kinh doanh vận tải hành khách theo tuyến cố định, xe ô tô kinh doanh vận
tải hành khách bằng xe buýt không có chỗ ưu tiên cho người khuyết tật, người cao tuổi và phụ nữ mang thai theo quy định như thế nào?","Hành vi sử dụng xe ô tô kinh doanh vận tải hành khách theo tuyến cố định hoặc xe buýt không có chỗ ưu tiên cho người khuyết tật, người cao tuổi và phụ nữ mang thai bị xử phạt tiền từ 1.000.000 đồng đến 4.000.000 đồng.
Căn cứ pháp lý: Điểm b khoản 2 Điều 26 Nghị định số 168/2024/NĐ-CP (được sửa đổi, bổ sung bởi Nghị định số 238/2026/NĐ-CP).
Mức xử phạt cụ thể:
- Đối với cá nhân kinh doanh vận tải, dịch vụ hỗ trợ vận tải: Phạt tiền từ 1.000.000 đồng đến 2.000.000 đồng.
- Đối với tổ chức kinh doanh vận tải, dịch vụ hỗ trợ vận tải: Phạt tiền từ 2.000.000 đồng đến 4.000.000 đồng.",https://pbgdpl.gialai.gov.vn/uploads/tailieuhoidapphapluat/11-2020/hoi-dap-xu-phat-vi-pham-hanh-chinh_curves_compressed.pdf,
509,"Pháp luật hiện hành quy định xử phạt vi phạm hành chính đối với cá nhân, tổ chức kinh doanh vận tải, dịch vụ hỗ trợ vận tải không thực hiện đúng các nội dung đã đăng ký, niêm yết về: Hành trình chạy xe; điểm đầu, điểm cuối của tuyến; giá cước; giá dịch vụ; tiêu chuẩn chất lượng dịch vụ vận tải, dịch vụ hỗ trợ vận tải như thế nào?","Hành vi không thực hiện đúng các nội dung đã đăng ký, niêm yết về giá cước, giá dịch vụ, tiêu chuẩn chất lượng hoặc thông tin niêm yết trên xe bị phạt tiền từ 4.000.000 đồng đến 12.000.000 đồng và bị áp dụng các chế tài bổ sung, khắc phục hậu quả.
Căn cứ pháp lý: Điểm b khoản 7 Điều 26 Nghị định số 168/2024/NĐ-CP (sửa đổi, bổ sung bởi Nghị định số 238/2026/NĐ-CP); Điểm d khoản 6 Điều 28 Nghị định số 100/2019/NĐ-CP (được sửa đổi, bổ sung bởi khoản 2 Điều 52 Nghị định số 168/2024/NĐ-CP).
Mức xử phạt cụ thể:
- Phạt tiền:
  + Đối với hành vi không thực hiện đúng các nội dung đã đăng ký, niêm yết về giá cước, giá dịch vụ, tiêu chuẩn chất lượng: Phạt tiền từ 5.000.000 đồng đến 6.000.000 đồng đối với cá nhân; từ 10.000.000 đồng đến 12.000.000 đồng đối với tổ chức.
  + Đối với hành vi không thực hiện đúng nội dung thông tin đã niêm yết trên xe: Phạt tiền từ 4.000.000 đồng đến 6.000.000 đồng đối với cá nhân; từ 8.000.000 đồng đến 12.000.000 đồng đối với tổ chức.
- Hình thức xử phạt bổ sung: Tước quyền sử dụng phù hiệu từ 01 tháng đến 03 tháng đối với xe vi phạm (nếu có hoặc đã được cấp).
- Biện pháp khắc phục hậu quả: Buộc nộp lại số lợi bất hợp pháp có được do thu cước, giá dịch vụ cao hơn quy định (nếu có).",https://pbgdpl.gialai.gov.vn/uploads/tailieuhoidapphapluat/11-2020/hoi-dap-xu-phat-vi-pham-hanh-chinh_curves_compressed.pdf,
510,"Anh Trần Hoàng N thường trú tại huyện TP. hỏi: Qua thông tin của báo chí tôi được biết, hiện nay Chính phủ đã ban hành Nghị định số 100/2019/NĐ-CP quy định xử phạt vi phạm hành chính trong lĩnh vực giao thông đường bộ
và đường sắt. Tôi muốn hỏi, quy định xử phạt vi phạm hành chính đối với hành vi sản xuất, lắp ráp trái phép phương tiện giao thông cơ giới đường bộ; sản xuất, bán biển số phương tiện giao thông cơ giới đường bộ trái phép như thế nào?

","Hành vi sản xuất, lắp ráp trái phép xe cơ giới; sản xuất, mua bán biển số xe trái phép là hành vi vi phạm pháp luật nghiêm trọng, bị phạt tiền lên đến 100.000.000 đồng, bị tịch thu tang vật, phương tiện và buộc nộp lại số lợi bất hợp pháp.
Căn cứ pháp lý: Điều 31 Nghị định số 168/2024/NĐ-CP (được sửa đổi, bổ sung bởi Nghị định số 238/2026/NĐ-CP).
Mức xử phạt cụ thể:
- Đối với hành vi mua, bán biển số xe không phải do cơ quan nhà nước có thẩm quyền sản xuất hoặc không được cho phép: Phạt tiền từ 10.000.000 đồng đến 12.000.000 đồng đối với cá nhân; từ 20.000.000 đồng đến 24.000.000 đồng đối với tổ chức.
- Đối với hành vi sản xuất biển số trái phép hoặc sản xuất, lắp ráp trái phép phương tiện giao thông cơ giới đường bộ: Phạt tiền từ 40.000.000 đồng đến 50.000.000 đồng đối với cá nhân; từ 80.000.000 đồng đến 100.000.000 đồng đối với tổ chức.
- Hình thức xử phạt bổ sung: Tịch thu biển số xe, phương tiện sản xuất, lắp ráp trái phép.
- Biện pháp khắc phục hậu quả: Buộc nộp lại số lợi bất hợp pháp có được do thực hiện vi phạm hành chính.",https://pbgdpl.gialai.gov.vn/uploads/tailieuhoidapphapluat/11-2020/hoi-dap-xu-phat-vi-pham-hanh-chinh_curves_compressed.pdf,
511,"Ông Nguyễn H cư trú tại thành phố QN hỏi: Tôi có chiếc xe máy chuyên dùng đã cũ nên tôi làm mới, tự ý thay đổi màu sơn của xe, không đúng với màu sơn ghi trong Giấy đăng ký xe. Tôi muốn hỏi, pháp luật quy định như thế nào về mức phạt hành chính đối với hành vi tự ý thay đổi màu sơn của xe máy chuyên dùng không đúng với màu sơn ghi trong Giấy đăng ký xe?

","Hành vi tự ý thay đổi màu sơn của xe máy chuyên dùng không đúng với màu sơn ghi trong chứng nhận đăng ký xe là hành vi vi phạm pháp luật, bị phạt tiền và buộc khôi phục lại màu sơn ban đầu.
Căn cứ pháp lý: Điểm i khoản 7, điểm a khoản 19 Điều 32 Nghị định số 168/2024/NĐ-CP (được sửa đổi, bổ sung bởi Nghị định số 238/2026/NĐ-CP).
Mức xử phạt cụ thể:
- Phạt tiền:
  + Đối với cá nhân là chủ xe máy chuyên dùng: Phạt tiền từ 4.000.000 đồng đến 6.000.000 đồng.
  + Đối với tổ chức là chủ xe máy chuyên dùng: Phạt tiền từ 8.000.000 đồng đến 12.000.000 đồng.
- Biện pháp khắc phục hậu quả: Buộc khôi phục lại màu sơn ghi trong chứng nhận đăng ký xe theo đúng quy định.",https://pbgdpl.gialai.gov.vn/uploads/tailieuhoidapphapluat/11-2020/hoi-dap-xu-phat-vi-pham-hanh-chinh_curves_compressed.pdf,
512,"Ông Nguyễn Minh T thường trú tại ON hỏi: Vừa qua, con trai tôi bị Công an thành phố ON lập biên bản vi phạm hành chính vì đã có hành vi vi phạm “lắp đặt, sử dụng thiết bị thay đổi biển số trên xe trái quy định” theo Điểm ¡, Khoản
5, Điều 30 Nghị định số 100/2019/NĐ-CP nhưng tôi chưa rõ quy định xử phạt ra sao. Tôi muốn biết, pháp luật xử phạt vi phạm hành chính quy định xử phạt trong trường hợp trên như thế nào?","Hành vi lắp đặt, sử dụng thiết bị thay đổi biển số trên xe mô tô, xe gắn máy trái quy định là hành vi vi phạm pháp luật, bị phạt tiền từ 4.000.000 đồng đến 12.000.000 đồng và bị tịch thu thiết bị vi phạm.
Căn cứ pháp lý: Điểm g khoản 8, điểm a khoản 18 Điều 32 Nghị định số 168/2024/NĐ-CP (được sửa đổi, bổ sung bởi Nghị định số 238/2026/NĐ-CP).
Mức xử phạt cụ thể:
- Phạt tiền đối với chủ phương tiện:
  + Đối với cá nhân là chủ xe mô tô, xe gắn máy: Phạt tiền từ 4.000.000 đồng đến 6.000.000 đồng.
  + Đối với tổ chức là chủ xe mô tô, xe gắn máy: Phạt tiền từ 8.000.000 đồng đến 12.000.000 đồng.
- Hình thức xử phạt bổ sung: Tịch thu thiết bị thay đổi biển số lắp đặt trái quy định.",https://pbgdpl.gialai.gov.vn/uploads/tailieuhoidapphapluat/11-2020/hoi-dap-xu-phat-vi-pham-hanh-chinh_curves_compressed.pdf,
513,"Bà Huỳnh Thị H hỏi: Tôi đi xe khách từ thành phố Đà Nẵng về Quy Nhơn theo tuyến cố định Quy Nhơn - Đà Nẵng. Tuy nhiên, khi đến thành phố Quảng Ngãi, nhân viên phục vụ yêu cầu tôi xuống xe chuyển sang xe khác để về Quy Nhơn vì lý do xe chỉ chở một mình tôi nếu chạy về đến Quy Nhơn sẽ bị lỗ. Tôi muốn hỏi, pháp luật hiện hành quy định xử phạt vi phạm hành chính đối với nhân viên phục vụ trên xe vận chuyển hành khách theo tuyến cố định thực hiện hành vi sang nhượng hành khách dọc đường cho xe khác mà không được hành khách đồng ý như thế nào?","Hành vi của nhân viên phục vụ trên xe khách sang nhượng hành khách dọc đường cho xe khác mà không được sự đồng ý của hành khách là hành vi vi phạm pháp luật giao thông, bị phạt tiền từ 1.000.000 đồng đến 2.000.000 đồng.
Căn cứ pháp lý: Điểm a khoản 4 Điều 31 Nghị định số 100/2019/NĐ-CP (được sửa đổi, bổ sung bởi Nghị định số 123/2021/NĐ-CP và Nghị định số 168/2024/NĐ-CP).
Mức xử phạt cụ thể:
- Đối với nhân viên phục vụ trên xe khách: Phạt tiền từ 1.000.000 đồng đến 2.000.000 đồng.
(Lưu ý: Nếu người thực hiện là người điều khiển phương tiện (lái xe) ép buộc, chuyển tải hành khách trái quy định thì bị phạt từ 3.000.000 đồng đến 5.000.000 đồng và bị trừ 02 điểm GPLX theo quy định tại điểm c khoản 6, điểm a khoản 10 Điều 20 Nghị định số 168/2024/NĐ-CP).",https://pbgdpl.gialai.gov.vn/uploads/tailieuhoidapphapluat/11-2020/hoi-dap-xu-phat-vi-pham-hanh-chinh_curves_compressed.pdf,
514,Pháp luật hiện hành quy định xử phạt vi phạm hành chính đối với hành khách đi xe có hành vi gây mất trật tự trên xe như thế nào?,"Hành khách đi xe có hành vi gây mất trật tự trên xe là hành vi vi phạm quy tắc trật tự an toàn giao thông, bị xử phạt tiền từ 100.000 đồng đến 200.000 đồng.
Căn cứ pháp lý: Điểm b khoản 1 Điều 33 Nghị định số 168/2024/NĐ-CP (được sửa đổi, bổ sung bởi Nghị định số 238/2026/NĐ-CP).
Mức xử phạt cụ thể:
- Đối với hành khách đi xe: Phạt tiền từ 100.000 đồng đến 200.000 đồng.",https://pbgdpl.gialai.gov.vn/uploads/tailieuhoidapphapluat/11-2020/hoi-dap-xu-phat-vi-pham-hanh-chinh_curves_compressed.pdf,
515,"Pháp luật hiện hành quy định xử phạt vi phạm hành chính đối với hành khách đi xe có hành vi mang chất dễ cháy, nổ lưu thông trên xe khách như thế nào?

","Hành khách mang hóa chất độc hại, chất dễ cháy, nổ, hàng nguy hiểm hoặc hàng cấm lưu thông trên xe chở khách là hành vi vi phạm pháp luật nghiêm trọng, bị phạt tiền từ 1.000.000 đồng đến 2.000.000 đồng và bị tịch thu tang vật.
Căn cứ pháp lý: Điểm a khoản 2, khoản 4 Điều 33 Nghị định số 168/2024/NĐ-CP (được sửa đổi, bổ sung bởi Nghị định số 238/2026/NĐ-CP).
Mức xử phạt cụ thể:
- Phạt tiền: Từ 1.000.000 đồng đến 2.000.000 đồng đối với hành khách đi xe có hành vi vi phạm.
- Hình thức xử phạt bổ sung: Tịch thu hóa chất độc hại, chất dễ cháy, nổ, hàng nguy hiểm, hàng cấm lưu thông mang theo trên xe chở khách.",https://pbgdpl.gialai.gov.vn/uploads/tailieuhoidapphapluat/11-2020/hoi-dap-xu-phat-vi-pham-hanh-chinh_curves_compressed.pdf,
516,Pháp luật hiện hành quy định xử phạt vi phạm hành chính đối với người có hành vi tụ tập cổ vũ đua xe trái phép như thế nào?,"Hành vi tụ tập để cổ vũ, giúp sức, xúi giục hành vi điều khiển xe chạy quá tốc độ, lạng lách, đánh võng hoặc đua xe trái phép là hành vi vi phạm pháp luật, bị xử phạt tiền từ 1.000.000 đồng đến 2.000.000 đồng.
Căn cứ pháp lý: Khoản 1 Điều 35 Nghị định số 168/2024/NĐ-CP (được sửa đổi, bổ sung bởi Nghị định số 238/2026/NĐ-CP).
Mức xử phạt cụ thể:
- Đối với cá nhân vi phạm: Phạt tiền từ 1.000.000 đồng đến 2.000.000 đồng.",https://pbgdpl.gialai.gov.vn/uploads/tailieuhoidapphapluat/11-2020/hoi-dap-xu-phat-vi-pham-hanh-chinh_curves_compressed.pdf,
517,Pháp luật hiện hành quy định xử phạt vi phạm hành chính đối với người đua xe mô tô trái phép như thế nào?,"Người thực hiện hành vi đua xe mô tô trái phép trên đường giao thông sẽ bị tịch thu phương tiện, bị tước quyền sử dụng giấy phép lái xe từ 22 đến 24 tháng hoặc bị truy cứu trách nhiệm hình sự nếu cấu thành tội phạm.
Căn cứ pháp lý: Điểm b khoản 3, khoản 4 Điều 35 Nghị định số 168/2024/NĐ-CP (được sửa đổi, bổ sung bởi Nghị định số 238/2026/NĐ-CP); Điều 266 Bộ luật Hình sự năm 2015 (sửa đổi, bổ sung năm 2017).
Mức xử phạt cụ thể:
- Về xử phạt vi phạm hành chính:
  + Tịch thu phương tiện: Tịch thu xe mô tô tham gia đua xe trái phép.
  + Hình thức xử phạt bổ sung: Tước quyền sử dụng Giấy phép lái xe từ 22 tháng đến 24 tháng.
- Về trách nhiệm hình sự: Người có hành vi đua xe mô tô trái phép nếu gây hậu quả hoặc đủ các dấu hiệu cấu thành tội phạm sẽ bị truy cứu trách nhiệm hình sự về Tội đua xe trái phép theo Điều 266 Bộ luật Hình sự với mức phạt tù lên đến 20 năm hoặc tù chung thân.",https://pbgdpl.gialai.gov.vn/uploads/tailieuhoidapphapluat/11-2020/hoi-dap-xu-phat-vi-pham-hanh-chinh_curves_compressed.pdf,
518,Pháp luật hiện hành quy định xử phạt vi phạm hành chính đối với người đua xe ô tô trái phép như thế nào?,"Người thực hiện hành vi đua xe ô tô trái phép trên đường giao thông sẽ bị tịch thu phương tiện, tước quyền sử dụng giấy phép lái xe từ 22 đến 24 tháng hoặc bị truy cứu trách nhiệm hình sự nếu cấu thành tội phạm.
Căn cứ pháp lý: Điểm b khoản 3, khoản 4 Điều 35 Nghị định số 168/2024/NĐ-CP (được sửa đổi, bổ sung bởi Nghị định số 238/2026/NĐ-CP); Điều 266 Bộ luật Hình sự năm 2015 (sửa đổi, bổ sung năm 2017).
Mức xử phạt cụ thể:
- Về xử phạt vi phạm hành chính:
  + Tịch thu phương tiện: Tịch thu xe ô tô tham gia đua xe trái phép.
  + Hình thức xử phạt bổ sung: Tước quyền sử dụng Giấy phép lái xe từ 22 tháng đến 24 tháng.
- Về trách nhiệm hình sự: Đua xe ô tô trái phép là hành vi đặc biệt nguy hiểm cho xã hội; người thực hiện hành vi nếu đủ yếu tố cấu thành tội phạm sẽ bị truy cứu trách nhiệm hình sự theo Điều 266 Bộ luật Hình sự.",https://pbgdpl.gialai.gov.vn/uploads/tailieuhoidapphapluat/11-2020/hoi-dap-xu-phat-vi-pham-hanh-chinh_curves_compressed.pdf,
519,"Pháp luật hiện hành quy định xử phạt vi phạm hành chính đối với người điều khiển phương tiện giao thông cơ giới đường bộ gắn biển số nước ngoài không gắn ký hiệu phân biệt quốc gia theo quy định như thế nào?
","Hành vi điều khiển phương tiện cơ giới đường bộ gắn biển số nước ngoài tham gia giao thông tại Việt Nam không gắn ký hiệu phân biệt quốc gia là hành vi vi phạm pháp luật, bị phạt tiền từ 3.000.000 đồng đến 5.000.000 đồng.
Căn cứ pháp lý: Điểm a khoản 3 Điều 37 Nghị định số 168/2024/NĐ-CP (được sửa đổi, bổ sung bởi Nghị định số 238/2026/NĐ-CP).
Mức xử phạt cụ thể:
- Đối với người điều khiển phương tiện cơ giới gắn biển số nước ngoài:
  + Phạt tiền: Từ 3.000.000 đồng đến 5.000.000 đồng.
(Lưu ý: Đối với người điều khiển xe chở hành khách liên vận quốc tế không có hoặc không gắn ký hiệu phân biệt quốc gia thì bị phạt tiền từ 3.000.000 đồng đến 5.000.000 đồng và bị trừ 02 điểm GPLX theo điểm e khoản 6, điểm a khoản 10 Điều 20 Nghị định số 168/2024/NĐ-CP).",https://pbgdpl.gialai.gov.vn/uploads/tailieuhoidapphapluat/11-2020/hoi-dap-xu-phat-vi-pham-hanh-chinh_curves_compressed.pdf,
520,"Pháp luật hiện hành quy định xử phạt vi phạm hành chính đối với giáo viên dạy thực hành lái xe để học viên không đeo phù hiệu “Học viên tập lái xe” khi lái xe tập lái như. thế nào?
","Hành vi giáo viên dạy thực hành để học viên không có phù hiệu “Học viên tập lái xe” lái xe tập lái hoặc có phù hiệu nhưng không đeo khi lái xe tập lái là hành vi vi phạm pháp luật, bị phạt tiền từ 2.000.000 đồng đến 3.000.000 đồng.
Căn cứ pháp lý: Điểm a khoản 1 Điều 39 Nghị định số 168/2024/NĐ-CP (được sửa đổi, bổ sung bởi Nghị định số 238/2026/NĐ-CP).
Mức xử phạt cụ thể:
- Đối với giáo viên dạy thực hành lái xe: Phạt tiền từ 2.000.000 đồng đến 3.000.000 đồng.",https://pbgdpl.gialai.gov.vn/uploads/tailieuhoidapphapluat/11-2020/hoi-dap-xu-phat-vi-pham-hanh-chinh_curves_compressed.pdf,
521,"Pháp luật hiện hành quy định xử phạt vi phạm hành chính đối với cơ sở đào tạo lái xe sử dụng xe tập lái không ghi tên cơ sở đào tạo, số điện thoại ở mặt ngoài hai bên cánh cửa hoặc hai bên thành xe theo quy định như thế nào?

","Cơ sở đào tạo lái xe sử dụng xe tập lái không ghi tên cơ sở đào tạo, số điện thoại ở mặt ngoài hai bên cánh cửa hoặc hai bên thành xe theo quy định bị phạt tiền từ 5.000.000 đồng đến 10.000.000 đồng và bị đình chỉ tuyển sinh từ 01 tháng đến 03 tháng.
Căn cứ pháp lý: Điểm b khoản 3, điểm a khoản 9 Điều 39 Nghị định số 168/2024/NĐ-CP (được sửa đổi, bổ sung bởi Nghị định số 238/2026/NĐ-CP).
Mức xử phạt cụ thể:
- Đối với cơ sở đào tạo lái xe vi phạm:
  + Phạt tiền: Từ 5.000.000 đồng đến 10.000.000 đồng.
  + Hình thức xử phạt bổ sung: Bị đình chỉ tuyển sinh từ 01 tháng đến 03 tháng.",https://pbgdpl.gialai.gov.vn/uploads/tailieuhoidapphapluat/11-2020/hoi-dap-xu-phat-vi-pham-hanh-chinh_curves_compressed.pdf,
522,"Pháp luật hiện hành quy định xử phạt vi phạm hành chính đối với đăng kiểm viên của Trung tâm đăng kiểm thực hiện hành vi không tuân thủ các quy định tại các quy trình, quy chuẩn kỹ thuật có liên quan trong kiểm định như thế nào?

","Đăng kiểm viên không tuân thủ đúng quy định tại các quy trình, quy chuẩn kỹ thuật có liên quan trong kiểm định xe cơ giới, xe máy chuyên dùng sẽ bị phạt tiền từ 8.000.000 đồng đến 10.000.000 đồng và bị tước chứng chỉ đăng kiểm viên từ 01 đến 03 tháng.
Căn cứ pháp lý: Điểm a khoản 1, điểm a khoản 6 Điều 40 Nghị định số 168/2024/NĐ-CP (được sửa đổi, bổ sung bởi Nghị định số 238/2026/NĐ-CP).
Mức xử phạt cụ thể:
- Đối với đăng kiểm viên:
  + Phạt tiền: Từ 8.000.000 đồng đến 10.000.000 đồng.
  + Hình thức xử phạt bổ sung: Tước quyền sử dụng chứng chỉ đăng kiểm viên từ 01 tháng đến 03 tháng.
(Lưu ý: Nếu cơ sở đăng kiểm có từ 02 lượt đăng kiểm viên trở lên bị xử phạt theo quy định trên trong thời hạn 12 tháng thì cơ sở sẽ bị phạt tiền từ 10.000.000 đồng đến 15.000.000 đồng theo điểm b khoản 2 Điều 40).",https://pbgdpl.gialai.gov.vn/uploads/tailieuhoidapphapluat/11-2020/hoi-dap-xu-phat-vi-pham-hanh-chinh_curves_compressed.pdf,
523,"Pháp luật hiện hành quy định xử phạt vi phạm hành chính đối với nhân viên gác đường ngang, cầu chung không đóng chắn hoặc đóng chắn không đúng thời gian quy định như thế nào?","Hành vi của nhân viên gác đường ngang, cầu chung không đóng chắn hoặc đóng chắn không đúng thời gian quy định là hành vi vi phạm an toàn giao thông đường sắt, bị phạt tiền từ 1.000.000 đồng đến 2.000.000 đồng.
Căn cứ pháp lý: Khoản 3 Điều 43 Nghị định số 100/2019/NĐ-CP (phần quy định xử phạt trong lĩnh vực giao thông đường sắt).
Mức xử phạt cụ thể:
- Đối với nhân viên gác đường ngang, cầu chung: Phạt tiền từ 1.000.000 đồng đến 2.000.000 đồng.",https://pbgdpl.gialai.gov.vn/uploads/tailieuhoidapphapluat/11-2020/hoi-dap-xu-phat-vi-pham-hanh-chinh_curves_compressed.pdf,
524,Pháp luật hiện hành quy định xử phạt vi phạm hành chính đối với lái tàu có hành vi tiếp tục cho tàu chạy khi đã nhận được tín hiệu ngừng tàu như thế nào?,"Hành vi của lái tàu tiếp tục cho tàu chạy khi đã nhận được tín hiệu ngừng tàu là hành vi vi phạm nghiêm trọng an toàn đường sắt, bị phạt tiền từ 2.000.000 đồng đến 3.000.000 đồng và tước quyền sử dụng Giấy phép lái tàu.
Căn cứ pháp lý: Điểm d khoản 3, khoản 4 Điều 44 Nghị định số 100/2019/NĐ-CP (phần quy định xử phạt trong lĩnh vực giao thông đường sắt).
Mức xử phạt cụ thể:
- Đối với nhân viên lái tàu:
  + Phạt tiền: Từ 2.000.000 đồng đến 3.000.000 đồng.
  + Hình thức xử phạt bổ sung: Tước quyền sử dụng Giấy phép lái tàu từ 01 tháng đến 03 tháng.",https://pbgdpl.gialai.gov.vn/uploads/tailieuhoidapphapluat/11-2020/hoi-dap-xu-phat-vi-pham-hanh-chinh_curves_compressed.pdf,
525,Pháp luật hiện hành quy định xử phạt vi phạm hành chính đối với người đi bộ có hành vi vượt rào chắn đường ngang đường sắt khi chắn đang dịch chuyển như thế nào?,"Người đi bộ vượt rào chắn đường ngang đường sắt khi chắn đang dịch chuyển hoặc đã đóng là hành vi vi phạm pháp luật an toàn giao thông, bị xử phạt tiền từ 60.000 đồng đến 100.000 đồng.
Căn cứ pháp lý: Khoản 1 Điều 24 Luật Trật tự, an toàn giao thông đường bộ năm 2024 (Luật số 36/2024/QH15); Khoản 1 Điều 47 Nghị định số 100/2019/NĐ-CP (phần quy định quy tắc an toàn đường sắt).
Mức xử phạt cụ thể:
- Đối với người đi bộ vi phạm: Phạt tiền từ 60.000 đồng đến 100.000 đồng.",https://pbgdpl.gialai.gov.vn/uploads/tailieuhoidapphapluat/11-2020/hoi-dap-xu-phat-vi-pham-hanh-chinh_curves_compressed.pdf,
526,"Pháp luật hiện hành quy định xử phạt vi phạm hành chính đối với người điều khiển xe đạp vượt rào chắn đường ngang đường sắt khi chắn đang dịch chuyển như thế nào?
","Người điều khiển xe đạp vượt rào chắn đường ngang khi chắn đang dịch chuyển là hành vi vi phạm quy tắc an toàn giao thông khi đi qua đường ngang, bị xử phạt tiền từ 100.000 đồng đến 200.000 đồng.
Căn cứ pháp lý: Khoản 1 Điều 24 Luật Trật tự, an toàn giao thông đường bộ năm 2024 (Luật số 36/2024/QH15); Khoản 3 Điều 47 Nghị định số 100/2019/NĐ-CP (được sửa đổi, bổ sung bởi Nghị định số 123/2021/NĐ-CP).
Mức xử phạt cụ thể:
- Đối với người điều khiển xe đạp, xe đạp máy, xe thô sơ: Phạt tiền từ 100.000 đồng đến 200.000 đồng.",https://pbgdpl.gialai.gov.vn/uploads/tailieuhoidapphapluat/11-2020/hoi-dap-xu-phat-vi-pham-hanh-chinh_curves_compressed.pdf,
527,"Pháp luật hiện hành quy định xử phạt vi phạm hành chính đối với người điều khiển xe mô tô không chấp hành hiệu lệnh, chỉ dẫn của nhân viên gác đường ngang đường sắt như thế nào?

","Hành vi không chấp hành hiệu lệnh, chỉ dẫn của nhân viên gác đường ngang đường sắt khi điều khiển xe mô tô là hành vi vi phạm pháp luật, bị phạt tiền từ 800.000 đồng đến 1.000.000 đồng và bị tước quyền sử dụng Giấy phép lái xe.
Căn cứ pháp lý: Khoản 1 Điều 24 Luật Trật tự, an toàn giao thông đường bộ năm 2024 (Luật số 36/2024/QH15); Khoản 5, khoản 10 Điều 47 Nghị định số 100/2019/NĐ-CP (được sửa đổi, bổ sung bởi Nghị định số 123/2021/NĐ-CP).
Mức xử phạt cụ thể:
- Đối với người điều khiển xe mô tô, xe gắn máy:
  + Phạt tiền: Từ 800.000 đồng đến 1.000.000 đồng.
  + Hình thức xử phạt bổ sung: Tước quyền sử dụng Giấy phép lái xe từ 01 tháng đến 03 tháng.",https://pbgdpl.gialai.gov.vn/uploads/tailieuhoidapphapluat/11-2020/hoi-dap-xu-phat-vi-pham-hanh-chinh_curves_compressed.pdf,
528,"Pháp luật hiện hành quy định xử phạt vi phạm hành chính đối với cơ sở đào tạo lái xe sử dụng xe tập lái không ghi tên cơ sở đào tạo, số điện thoại ở mặt ngoài hai bên cánh cửa hoặc hai bên thành xe theo quy định như thế nào?
","Cơ sở đào tạo lái xe sử dụng xe tập lái không ghi tên cơ sở đào tạo, số điện thoại ở mặt ngoài hai bên cánh cửa hoặc hai bên thành xe theo quy định bị phạt tiền từ 5.000.000 đồng đến 10.000.000 đồng và bị đình chỉ tuyển sinh từ 01 tháng đến 03 tháng.
Căn cứ pháp lý: Điểm b khoản 3, điểm a khoản 9 Điều 39 Nghị định số 168/2024/NĐ-CP (được sửa đổi, bổ sung bởi Nghị định số 238/2026/NĐ-CP).
Mức xử phạt cụ thể:
- Đối với cơ sở đào tạo lái xe vi phạm:
  + Phạt tiền: Từ 5.000.000 đồng đến 10.000.000 đồng.
  + Hình thức xử phạt bổ sung: Bị đình chỉ tuyển sinh từ 01 tháng đến 03 tháng.",https://pbgdpl.gialai.gov.vn/uploads/tailieuhoidapphapluat/11-2020/hoi-dap-xu-phat-vi-pham-hanh-chinh_curves_compressed.pdf,
529,"Tại nơi có vạch kẻ đường hoặc tại nơi mà người đi bộ, xe lăn củangười khuyết tật đang qua đường, người điều khiển phương tiện tham gia giao thông phải thực hiện như thế nào?","Quan sát, giảm tốc độ hoặc dừng lại để bảo đảm an toàn cho người đi bộ, xe lăn của người khuyết tật qua đường.",https://sathachhocmon.edu.vn/upload/filemanager/files/250moto.pdf,
530,Khi hiệu lệnh của người điều khiển giao thông trái với tín hiệu đèn giao thông hoặc biển báo hiệu đường bộ thì người tham gia giao thông đường bộ phải chấp hành báo hiệu đường bộ nào dưới đây?,Theo hiệu lệnh của người điều khiển giao thông.,https://sathachhocmon.edu.vn/upload/filemanager/files/250moto.pdf,
531,"Trên một chiều đường có vạch kẻ phân làn đường, người lái xe cơ giới, xe máy chuyên dùng phải điều khiển xe đi trên làn đường nào?",Đi trên làn đường bên trái.,https://sathachhocmon.edu.vn/upload/filemanager/files/250moto.pdf,
532,Phần của đường bộ được sử dụng cho phương tiện giao thông đường bộ đi lại là gì?,Phần đường xe chạy.,https://congan.cantho.gov.vn/uploads/news/2026_04/600-cau-hoi-sat-hach.pdf,
533,Làn đường là gì?,"Là một phần của phần đường xe chạy được chia theo chiều dọc của đường, có đủ chiều rộng cho xe chạy an toàn.",https://congan.cantho.gov.vn/uploads/news/2026_04/600-cau-hoi-sat-hach.pdf,
534,Khổ giới hạn của đường bộ được hiểu như thế nào là đúng?,"Khổ giới hạn của đường bộ là khoảng trống có kích thước giới hạn về chiều rộng, chiều cao của đường bộ để các xe, bao gồm cả hàng hoá xếp trên xe đi qua được an toàn và được xác định theo quy chuẩn, tiêu chuẩn kỹ thuật của đường bộ.",https://congan.cantho.gov.vn/uploads/news/2026_04/600-cau-hoi-sat-hach.pdf,
535,Dải phân cách được lắp đặt để làm gì?,Để phân chia phần đường xe chạy thành hai chiều riêng biệt hoặc để phân chia phần đường dành cho xe cơ giới và xe thô sơ hoặc của nhiều loại xe khác nhau trên cùng một chiều đường.,https://congan.cantho.gov.vn/uploads/news/2026_04/600-cau-hoi-sat-hach.pdf,
536,Vạch kẻ đường là gì?,"Là vạch chỉ sự phân chia làn đường, vị trí hoặc hướng đi, vị trí dừng lại.",https://congan.cantho.gov.vn/uploads/news/2026_04/600-cau-hoi-sat-hach.pdf,
537,Người điều khiển phương tiện tham gia giao thông đường bộ được hiểu như thế nào là đúng?,"Là người điều khiển xe cơ giới, người điều khiển xe thô sơ, người điều khiển xe máy chuyên dùng.",https://congan.cantho.gov.vn/uploads/news/2026_04/600-cau-hoi-sat-hach.pdf,
538, Người lái xe được hiểu như thế nào là đúng? , Là người điều khiển xe cơ giới.,https://congan.cantho.gov.vn/uploads/news/2026_04/600-cau-hoi-sat-hach.pdf,
539,"Trong nhóm các phương tiện giao thông đường bộ dưới đây, nhóm phương tiện nào là xe cơ giới?","Xe ô tô; rơ moóc được kéo bởi xe ô tô; sơ mi rơ moóc được kéo bởi ô tô đầu kéo; xe chở người bốn bánh có gắn động cơ; xe chở hàng bốn bánh có gắn động cơ; xe mô tô, xe gắn máy và các loại xe tương tự.",https://congan.cantho.gov.vn/uploads/news/2026_04/600-cau-hoi-sat-hach.pdf,
540,"Trong nhóm các phương tiện giao thông đường bộ dưới đây, nhóm phương tiện nào là xe thô sơ?","Xe đạp, xe đạp máy, xe đạp điện; xe xích lô; xe lăn dùng cho người khuyết tật; xe vật nuôi kéo và các loại xe tương tự.",https://congan.cantho.gov.vn/uploads/news/2026_04/600-cau-hoi-sat-hach.pdf,
541,Phương tiện giao thông đường bộ gồm những loại nào?,"Phương tiện giao thông cơ giới đường bộ và phương tiện giao thông thô sơ đường bộ, xe máy chuyên dùng và các loại xe tương tự.",https://congan.cantho.gov.vn/uploads/news/2026_04/600-cau-hoi-sat-hach.pdf,
542,Người tham gia giao thông đường bộ gồm những đối tượng nào?,"Người điều khiển, người được chở trên phương tiện tham gia giao thông đường bộ và người điều khiển, dẫn dắt vật nuôi trên đường bộ; người đi bộ trên đường bộ.",https://congan.cantho.gov.vn/uploads/news/2026_04/600-cau-hoi-sat-hach.pdf,
543,Người điều khiển phương tiện tham gia giao thông đường bộ gồm những đối tượng nào dưới đây?,"Người điều khiển xe cơ giới, người điều khiển xe thô sơ và người điều khiển xe máy chuyên dùng.",https://congan.cantho.gov.vn/uploads/news/2026_04/600-cau-hoi-sat-hach.pdf,
544,Người điều khiển giao thông đường bộ được hiểu như thế nào là đúng?,Là Cảnh sát giao thông và người được giao nhiệm vụ hướng dẫn giao thông trên đường bộ.,https://congan.cantho.gov.vn/uploads/news/2026_04/600-cau-hoi-sat-hach.pdf,
545,Dừng xe được hiểu như thế nào là đúng?,"Là trạng thái đứng yên tạm thời của xe trong một khoảng thời gian cần thiết đủ để cho người lên xe, xuống xe, xếp dỡ hàng hóa, kiểm tra kỹ thuật xe hoặc hoạt động khác. Khi dừng xe không được tắt máy và không được rời khỏi vị trí lái, trừ trường hợp rời khỏi vị trí lái để đóng, mở cửa xe, xếp dỡ hàng hóa, kiểm tra kỹ thuật xe nhưng phải sử dụng phanh đỗ xe hoặc thực hiện biện pháp an toàn khác.",https://congan.cantho.gov.vn/uploads/news/2026_04/600-cau-hoi-sat-hach.pdf,
546,Đỗ xe được hiểu như thế nào là đúng?,"Là trạng thái đứng yên của xe không giới hạn thời gian. Khi đỗ xe, người điều khiển phương tiện tham gia giao thông đường bộ chỉ được rời khỏi xe khi đã sử dụng phanh đỗ xe hoặc thực hiện biện pháp an toàn khác. Xe đỗ trên đoạn đường dốc phải đánh lái về phía lề đường, chèn bánh.",https://congan.cantho.gov.vn/uploads/news/2026_04/600-cau-hoi-sat-hach.pdf,
547,Đường cao tốc được hiểu như thế nào là đúng?,"Là một cấp kỹ thuật của đường bộ, chỉ dành cho một số loại xe cơ giới, xe máy chuyên dùng tham gia giao thông theo quy định của pháp luật. Có dải phân cách phân chia hai chiều xe chạy riêng biệt, không giao nhau cùng mức với một hoặc các đường khác, chỉ cho xe ra, vào ở những điểm nhất định. Có hàng rào bảo vệ, trang thiết bị phục vụ, bảo đảm giao thông liên tục, an toàn, rút ngắn thời gian hành trình.",https://congan.cantho.gov.vn/uploads/news/2026_04/600-cau-hoi-sat-hach.pdf,
548,Thiết bị an toàn cho trẻ em được hiểu như thế nào là đúng?,"Là thiết bị có đủ khả năng bảo đảm an toàn cho trẻ em ở tư thế ngồi hoặc nằm trên xe ô tô, được thiết kế để giảm nguy cơ chấn thương cho người dùng trong trường hợp xảy ra va chạm hoặc xe ô tô giảm tốc độ đột ngột, bằng cách hạn chế sự di chuyển của cơ thể trẻ em.",https://congan.cantho.gov.vn/uploads/news/2026_04/600-cau-hoi-sat-hach.pdf,
549,Theo chức năng phục vụ thì đường bộ được phân loại như thế nào?,"Đường chính, đường nhánh, đường gom, đường bên, đường dành cho giao thông công cộng, đường nội bộ, đường dành riêng cho người đi bộ, người đi xe đạp và các đường khác.",https://congan.cantho.gov.vn/uploads/news/2026_04/600-cau-hoi-sat-hach.pdf,
550,Tổ chức đua xe được phép thực hiện khi nào?,Được cơ quan có thẩm quyền cấp phép.,https://congan.cantho.gov.vn/uploads/news/2026_04/600-cau-hoi-sat-hach.pdf,
551,Người điều khiển phương tiện tham gia giao thông đường bộ mà trong máu hoặc hơi thở có nồng độ cồn có bị nghiêm cấm không?,Bị nghiêm cấm.,https://congan.cantho.gov.vn/uploads/news/2026_04/600-cau-hoi-sat-hach.pdf,
552,"Theo Luật Phòng chống tác hại của rượu, bia, đối tượng nào dưới đây bị cấm sử dụng rượu, bia khi tham gia giao thông?","Người điều khiển xe ô tô, xe mô tô, xe đạp, xe gắn máy.",https://congan.cantho.gov.vn/uploads/news/2026_04/600-cau-hoi-sat-hach.pdf,
553," Hành vi giao xe ô tô, mô tô cho người nào sau đây tham gia giao thông đường bộ bị nghiêm cấm?",Người chưa đủ tuổi theo quy định. Người không có giấy phép lái xe. Người có giấy phép lái xe nhưng đã bị trừ hết 12 điểm.,https://congan.cantho.gov.vn/uploads/news/2026_04/600-cau-hoi-sat-hach.pdf,
554,"Việc sản xuất, sử dụng, mua, bán trái phép biển số xe có bị nghiêm cấm hay không?",Bị nghiêm cấm.,https://congan.cantho.gov.vn/uploads/news/2026_04/600-cau-hoi-sat-hach.pdf,
555,Có bao nhiêu nhóm biển báo hiệu đường bộ?,"Năm nhóm: Biển báo cấm, biển báo nguy hiểm, biển hiệu lệnh, biển chỉ dẫn, biển phụ.",https://congan.cantho.gov.vn/uploads/news/2026_04/600-cau-hoi-sat-hach.pdf,
556,"Tại nơi có vạch kẻ đường hoặc tại nơi mà người đi bộ, xe lăn của người khuyết tật đang qua đường, người điều khiển phương tiện tham gia giao thông phải thực hiện như thế nào?","Quan sát, giảm tốc độ hoặc dừng lại để bảo đảm an toàn cho người đi bộ, xe lăn của người khuyết tật qua đường.",https://congan.cantho.gov.vn/uploads/news/2026_04/600-cau-hoi-sat-hach.pdf,
557,"Khi ở một vị trí vừa có biển báo hiệu đặt cố định vừa có biển báo hiệu tạm thời mà hai biển có ý nghĩa khác nhau, người tham gia giao thông đường bộ phải chấp hành hiệu lệnh của biển báo hiệu nào?",Biển báo hiệu tạm thời.,https://congan.cantho.gov.vn/uploads/news/2026_04/600-cau-hoi-sat-hach.pdf,
558,"Tại nơi đường giao nhau, khi đèn điều khiển giao thông có tín hiệu màu vàng, người điều khiển phương tiện tham gia giao thông phải chấp hành như thế nào là đúng quy tắc giao thông?","Dừng lại trước vạch dừng; trường hợp đang đi trên vạch dừng hoặc đã đi qua vạch dừng mà tín hiệu đèn màu vàng thì được đi tiếp; trường hợp tín hiệu đèn màu vàng nhấp nháy, người điều khiển phương tiện tham gia giao thông đường bộ được đi nhưng phải quan sát, giảm tốc độ hoặc dừng lại nhường đường cho người đi bộ, xe lăn của người khuyết tật qua đường hoặc các phương tiện khác.",https://congan.cantho.gov.vn/uploads/news/2026_04/600-cau-hoi-sat-hach.pdf,
559,Người lái xe trên đường cần chấp hành quy định về tốc độ tối đa như thế nào?,Không vượt quá tốc độ tối đa cho phép.,https://congan.cantho.gov.vn/uploads/news/2026_04/600-cau-hoi-sat-hach.pdf,
560,"Khi chở trẻ em dưới 10 tuổi và chiều cao dưới 1,35 mét trên xe ô tô, người lái xe phải thực hiện quy tắc nào dưới đây để bảo đảm an toàn?","Không được cho trẻ em ngồi cùng hàng ghế với người lái xe, trừ loại xe ô tô chỉ có một hàng ghế; người lái xe phải sử dụng, hướng dẫn sử dụng thiết bị an toàn phù hợp cho trẻ em.",https://congan.cantho.gov.vn/uploads/news/2026_04/600-cau-hoi-sat-hach.pdf,
561,Phương tiện tham gia giao thông đường bộ di chuyển với tốc độ thấp hơn phải đi như thế nào?,Đi về bên phải theo chiều đi của mình.,https://congan.cantho.gov.vn/uploads/news/2026_04/600-cau-hoi-sat-hach.pdf,
562,"Trên một chiều đường có vạch kẻ phân làn đường, người lái xe cơ giới, xe máy chuyên dùng phải điều khiển xe đi trên làn đường nào?",Đi trên làn đường bên trái.,https://congan.cantho.gov.vn/uploads/news/2026_04/600-cau-hoi-sat-hach.pdf,
563,Vượt xe là gì?,"Là tình huống giao thông trên đường mà mỗi chiều đường xe chạy chỉ có một làn đường dành cho xe cơ giới, xe đi phía sau di chuyển sang bên trái để di chuyển lên trước xe phía trước.",https://congan.cantho.gov.vn/uploads/news/2026_04/600-cau-hoi-sat-hach.pdf,
564,"Người lái xe được phép vượt xe trên cầu hẹp có một làn đường, đường cong có tầm nhìn bị hạn chế hay không?",Không được phép vượt.,https://congan.cantho.gov.vn/uploads/news/2026_04/600-cau-hoi-sat-hach.pdf,
565,"Muốn vượt xe phía trước, người lái xe mô tô phải có tín hiệu như thế nào dưới đây để bảo đảm an toàn?",Báo hiệu nhấp nháy bằng đèn chiếu sáng phía trước hoặc còi.,https://congan.cantho.gov.vn/uploads/news/2026_04/600-cau-hoi-sat-hach.pdf,
566,"Khi lái xe trong khu đông dân cư, khu vực cơ sở khám bệnh, chữa bệnh trừ các khu vực có biển cấm sử dụng còi, người lái xe được sử dụng còi trong thời gian nào?",Từ 05 giờ đến 22 giờ.,https://congan.cantho.gov.vn/uploads/news/2026_04/600-cau-hoi-sat-hach.pdf,
567,Nơi nào cấm quay đầu xe?,"Ở phần đường dành cho người đi bộ qua đường, trên cầu, đầu cầu, gầm cầu vượt, ngầm. Tại nơi đường bộ giao nhau cùng mức với đường sắt, đường hẹp, đường dốc, đoạn đường cong tầm nhìn bị che khuất, trên đường cao tốc, trong hầm đường bộ, trên đường một chiều.",https://congan.cantho.gov.vn/uploads/news/2026_04/600-cau-hoi-sat-hach.pdf,
568,Người lái xe không được quay đầu xe trong các trường hợp nào?,"Ở phần đường dành cho người đi bộ qua đường, trên cầu, đầu cầu, trên đường cao tốc, tại nơi đường bộ giao nhau cùng mức với đường sắt, đường hẹp, đường dốc.",https://congan.cantho.gov.vn/uploads/news/2026_04/600-cau-hoi-sat-hach.pdf,
569,"Trước khi cho xe chuyển hướng, người lái xe phải làm gì để bảo đảm an toàn giao thông? ","Phải quan sát, bảo đảm khoảng cách an toàn với xe phía sau. Giảm tốc độ và có tín hiệu báo hướng rẽ. Chuyển dần sang làn gần nhất với hướng rẽ. Khi bảo đảm an toàn, không gây trở ngại cho người và phương tiện khác mới được chuyển hướng.",https://congan.cantho.gov.vn/uploads/news/2026_04/600-cau-hoi-sat-hach.pdf,
570,"Khi chuyển làn đường, người lái xe phải bật đèn tín hiệu báo rẽ như thế nào là đúng quy tắc giao thông?",Trước khi thay đổi làn đường.,https://congan.cantho.gov.vn/uploads/news/2026_04/600-cau-hoi-sat-hach.pdf,
571,Người lái xe không được lùi xe ở những khu vực nào?,"Ở đường một chiều, khu vực cấm dừng, trên phần đường dành cho người đi bộ qua đường. Nơi đường bộ giao nhau, đường bộ giao nhau cùng mức với đường sắt. Nơi tầm nhìn bị che khuất, trong hầm đường bộ, trên đường cao tốc.",https://congan.cantho.gov.vn/uploads/news/2026_04/600-cau-hoi-sat-hach.pdf,
572,"Trên đường phố, người điều khiển phương tiện tham gia giao thông đường bộ được dừng xe, đỗ xe sát theo lề đường, vỉa hè phía bên phải theo chiều đi của mình; bánh xe gần nhất không được cách xa lề đường, vỉa hè không quá bao nhiêu mét trong các trường hợp dưới đây và không gây cản trở, nguy hiểm cho người và phương tiện tham gia giao thông đường bộ?","0,25 mét.",https://congan.cantho.gov.vn/uploads/news/2026_04/600-cau-hoi-sat-hach.pdf,
573,"Khi dừng, đỗ xe trên đường phố hẹp, người lái xe ô tô phải dừng, đỗ xe ở vị trí cách xe ô tô đang đỗ ngược chiều khoảng cách tối thiểu là bao nhiêu mét trong các trường hợp dưới đây để bảo đảm an toàn?",20 mét.,https://congan.cantho.gov.vn/uploads/news/2026_04/600-cau-hoi-sat-hach.pdf,
574,"Người điều khiển phương tiện tham gia giao thông đường bộ không được dừng xe, đỗ xe tại các vị trí nào?","Song song cùng chiều với một xe khác đang dừng, đỗ trên đường; trên đoạn đường cong hoặc gần đầu dốc mà tầm nhìn bị che khuất; bên trái đường một chiều.",https://congan.cantho.gov.vn/uploads/news/2026_04/600-cau-hoi-sat-hach.pdf,
575,"Người lái xe, người được chở trên xe mô tô hai bánh, xe mô tô ba bánh, xe gắn máy phải thực hiện quy định nào dưới đây?",Đội mũ bảo hiểm theo đúng quy chuẩn kỹ thuật quốc gia và cài quai đúng quy cách.,https://congan.cantho.gov.vn/uploads/news/2026_04/600-cau-hoi-sat-hach.pdf,
576,"Người lái xe mô tô hai bánh, xe gắn máy được phép chở tối đa hai người trong những trường hợp nào?",Chở người bệnh đi cấp cứu; áp giải người có hành vi vi phạm pháp luật; trẻ em dưới 12 tuổi; người già yếu hoặc người khuyết tật.,https://congan.cantho.gov.vn/uploads/news/2026_04/600-cau-hoi-sat-hach.pdf,
577,"Người được chở trên xe mô tô hai bánh, xe mô tô ba bánh, xe gắn máy khi tham gia giao thông đường bộ có được sử dụng ô khi trời mưa hay không?",Không được sử dụng.,https://congan.cantho.gov.vn/uploads/news/2026_04/600-cau-hoi-sat-hach.pdf,
578," Trong các trường hợp dưới đây, để bảo đảm an toàn khi tham gia giao thông, người lái xe mô tô cần thực hiện như thế nào?","Phải đội mũ bảo hiểm theo đúng quy chuẩn kỹ thuật quốc gia và cài quai đúng quy cách, không sử dụng ô, điện thoại di động, thiết bị âm thanh (trừ thiết bị trợ thính).",https://congan.cantho.gov.vn/uploads/news/2026_04/600-cau-hoi-sat-hach.pdf,
579,"Trên đường có nhiều làn đường cho xe đi cùng chiều được phân biệt bằng vạch kẻ phân làn đường, người điều khiển phương tiện tham gia giao thông đường bộ phải cho xe đi như thế nào?","Phải cho xe đi trong một làn đường và chỉ được chuyển làn đường ở những nơi cho phép; mỗi lần chuyển làn đường chỉ được phép chuyển sang một làn đường liền kề; khi chuyển làn đường phải có tín hiệu báo trước; phải quan sát bảo đảm khoảng cách an toàn với xe phía trước, phía sau và hai bên mới được chuyển làn.",https://congan.cantho.gov.vn/uploads/news/2026_04/600-cau-hoi-sat-hach.pdf,
580,"Trên đường một chiều có vạch kẻ phân làn đường, xe thô sơ và xe cơ giới phải đi như thế nào là đúng quy tắc giao thông?","Xe thô sơ phải đi trên làn đường bên phải trong cùng, xe cơ giới, xe máy chuyên dùng đi trên làn đường bên trái.",https://congan.cantho.gov.vn/uploads/news/2026_04/600-cau-hoi-sat-hach.pdf,
581,"Khi điều khiển xe chạy trên đường, biết có xe sau xin vượt, nếu đủ điều kiện an toàn người điều khiển phương tiện phải làm gì?","Giảm tốc độ, có tín hiệu rẽ phải để báo hiệu cho người điều khiển phương tiện tham gia giao thông đường bộ phía sau biết được vượt và đi sát về bên phải của phần đường xe chạy cho đến khi xe sau đã vượt qua, không được cản trở đối với xe xin vượt.",https://congan.cantho.gov.vn/uploads/news/2026_04/600-cau-hoi-sat-hach.pdf,
582,"Khi điều khiển xe chạy trên đường, biết có xe sau xin vượt, nếu không đủ điều kiện an toàn người điều khiển phương tiện phải làm gì?",Có tín hiệu rẽ trái để báo hiệu cho người điều khiển phương tiện tham gia giao thông đường bộ phía sau biết là chưa được vượt.,https://congan.cantho.gov.vn/uploads/news/2026_04/600-cau-hoi-sat-hach.pdf,
583,"Khi chuyển hướng, người lái xe, người điều khiển xe máy chuyên dùng phải làm gì để bảo đảm an toàn?","Phải nhường đường cho người đi bộ, xe thô sơ, xe đi ngược chiều và chỉ chuyển hướng khi không gây trở ngại hoặc nguy hiểm cho người, phương tiện khác.
",https://congan.cantho.gov.vn/uploads/news/2026_04/600-cau-hoi-sat-hach.pdf,
584,"Trước khi chuyển hướng, người điều khiển phương tiện tham gia giao thông đường bộ phải thực hiện như thế nào để bảo đảm an toàn?","Quan sát, bảo đảm khoảng cách an toàn với xe phía sau, giảm tốc độ và có tín hiệu báo hướng rẽ hoặc có tín hiệu bằng tay theo hướng rẽ đối với xe thô sơ không có đèn báo hướng rẽ, chuyển dần sang làn gần nhất với hướng rẽ. Tín hiệu báo hướng rẽ hoặc tín hiệu bằng tay phải sử dụng liên tục trong quá trình chuyển hướng. Khi bảo đảm an toàn, không gây trở ngại cho người và phương tiện khác mới được chuyển hướng.
",https://congan.cantho.gov.vn/uploads/news/2026_04/600-cau-hoi-sat-hach.pdf,
585,"Khi lùi xe, người điều khiển phương tiện tham gia giao thông đường bộ phải làm gì để bảo đảm an toàn?","Phải quan sát hai bên và phía sau xe, có tín hiệu lùi và chỉ lùi xe khi bảo đảm an toàn.",https://congan.cantho.gov.vn/uploads/news/2026_04/600-cau-hoi-sat-hach.pdf,
586,"Khi muốn lùi xe ở nơi có tầm nhìn bị che khuất, người lái xe phải xử lý như thế nào để đảm bảo an toàn?", Không được lùi xe.,https://congan.cantho.gov.vn/uploads/news/2026_04/600-cau-hoi-sat-hach.pdf,
587,"Trên đường không phân chia thành hai chiều xe chạy riêng biệt, người điều khiển phương tiện tham gia giao thông đường bộ phải tránh xe đi ngược chiều như thế nào để bảo đảm an toàn?",Giảm tốc độ và cho xe đi về bên phải theo chiều xe chạy của mình.,https://congan.cantho.gov.vn/uploads/news/2026_04/600-cau-hoi-sat-hach.pdf,
588,"Khi tránh xe đi ngược chiều, các xe phải nhường đường như thế nào là đúng quy tắc giao thông?","1. Nơi đường hẹp chỉ đủ cho một xe chạy và có chỗ tránh xe thì xe nào ở gần chỗ tránh hơn phải vào vị trí tránh, nhường đường cho xe đi ngược chiều.
2. Xe xuống dốc phải nhường đường cho xe lên dốc.
3. Xe có chướng ngại vật phía trước phải nhường đường cho xe không có chướng ngại vật phía trước.",https://congan.cantho.gov.vn/uploads/news/2026_04/600-cau-hoi-sat-hach.pdf,
589,Người lái xe phải làm gì để bảo đảm an toàn khi lái xe trên đường cong có tầm nhìn bị hạn chế?,"Quan sát, giảm tốc độ hoặc dừng lại để bảo đảm an toàn.",https://congan.cantho.gov.vn/uploads/news/2026_04/600-cau-hoi-sat-hach.pdf,
590,"Tại nơi đường giao nhau, người lái xe đang đi trên đường không ưu tiên, đường nhánh phải nhường đường như thế nào là đúng quy tắc giao thông?",Nhường đường cho xe đi trên đường ưu tiên hoặc đường chính từ bất kỳ hướng nào tới,https://congan.cantho.gov.vn/uploads/news/2026_04/600-cau-hoi-sat-hach.pdf,
591,"Tại nơi đường giao nhau có báo hiệu đi theo vòng xuyến, người lái xe phải nhường đường như thế nào là đúng quy tắc giao thông?",Nhường đường cho xe đi đến từ bên trái.,https://congan.cantho.gov.vn/uploads/news/2026_04/600-cau-hoi-sat-hach.pdf,
592,"Tại nơi đường giao nhau không có báo hiệu đi theo vòng xuyến, người điều khiển phương tiện phải nhường đường như thế nào là đúng quy tắc giao thông?
","Phải nhường đường cho xe đi đến từ bên phải.
",https://congan.cantho.gov.vn/uploads/news/2026_04/600-cau-hoi-sat-hach.pdf,
593,"Người lái xe phải nhanh chóng giảm tốc độ, đi sát lề đường bên phải hoặc dừng lại để nhường đường cho các loại xe nào?","Xe ưu tiên gồm xe chữa cháy của Cảnh sát phòng cháy, chữa cháy và cứu nạn, cứu hộ và xe chữa cháy của các lực lượng khác được huy động đi làm nhiệm vụ chữa cháy; xe của lực lượng quân sự, công an và kiểm sát đi làm nhiệm vụ khẩn cấp; đoàn xe có xe Cảnh sát giao thông dẫn đường; xe cứu thương đi làm nhiệm vụ cấp cứu; xe hộ đê đi làm nhiệm vụ; xe đi làm nhiệm vụ cứu nạn, cứu hộ, khắc phục sự cố thiên tai, dịch bệnh hoặc xe đi làm nhiệm vụ trong tình trạng khẩn cấp theo quy định của pháp luật; đoàn xe tang.
",https://congan.cantho.gov.vn/uploads/news/2026_04/600-cau-hoi-sat-hach.pdf,
594,Xe ưu tiên (trừ đoàn xe tang) tham gia giao thông đường bộ khi đi làm nhiệm vụ được quyền ưu tiên nào?,"1. Không bị hạn chế tốc độ.
2. Được phép đi không phụ thuộc vào tín hiệu đèn giao thông, đi vào đường ngược chiều, các đường khác có thể đi được.
3. Được đi ngược chiều trên làn dừng xe khẩn cấp trên đường cao tốc.
",https://congan.cantho.gov.vn/uploads/news/2026_04/600-cau-hoi-sat-hach.pdf,
595,"Khi có tín hiệu của xe ưu tiên, người và phương tiện tham gia giao thông đường bộ phải tuân thủ quy định nào?","Giảm tốc độ, đi sát lề đường bên phải hoặc dừng lại để nhường đường.",https://congan.cantho.gov.vn/uploads/news/2026_04/600-cau-hoi-sat-hach.pdf,
596,"Khi đang lái xe, phía trước có một xe Cảnh sát giao thông không phát tín hiệu ưu tiên, người lái xe có được phép vượt hay không?","Được vượt khi bảo đảm an toàn.
",https://congan.cantho.gov.vn/uploads/news/2026_04/600-cau-hoi-sat-hach.pdf,
597,"Khi đang lái xe, phía trước có một xe cứu thương đang phát tín hiệu ưu tiên, người lái xe có được phép vượt hay không?", Không được vượt.,https://congan.cantho.gov.vn/uploads/news/2026_04/600-cau-hoi-sat-hach.pdf,
598,"Khi tới đường ngang không có người gác, chắn đường bộ, chuông, đèn tín hiệu, người tham gia giao thông đường bộ phải làm gì để bảo đảm an toàn?","Dừng lại về bên phải đường của mình, trước vạch dừng xe và quan sát hai phía, khi không có phương tiện giao thông đường sắt tới mới được đi qua.",https://congan.cantho.gov.vn/uploads/news/2026_04/600-cau-hoi-sat-hach.pdf,
599," Tại đường ngang, cầu chung đường sắt, khi có hiệu lệnh của nhân viên gác chắn, đèn đỏ sáng nhấp nháy, chuông kêu, chắn đường bộ đang dịch chuyển hoặc đã đóng, người tham gia giao thông đường bộ phải làm gì để bảo đảm an toàn?","Dừng lại về bên phải đường của mình, trước vạch dừng xe.
",https://congan.cantho.gov.vn/uploads/news/2026_04/600-cau-hoi-sat-hach.pdf,
600,"Khi xe ô tô bị hư hỏng, bị tai nạn trên đường ngang, cầu chung đường sắt mà không thể di chuyển ngay khỏi phạm vi an toàn đường sắt, người lái xe và người có mặt xử lý như thế nào là đúng quy định?","Người lái xe và người có mặt phải ngay lập tức báo hiệu để dừng tàu, thực hiện các biện pháp bảo đảm an toàn.
",https://congan.cantho.gov.vn/uploads/news/2026_04/600-cau-hoi-sat-hach.pdf,
601,Người điều khiển phương tiện tham gia giao thông trong hầm đường bộ ngoài việc phải tuân thủ các quy tắc giao thông còn phải thực hiện những quy định nào dưới đây?,"Xe cơ giới, xe máy chuyên dùng phải bật đèn chiếu gần; xe thô sơ phải bật đèn hoặc có vật phát sáng báo hiệu; không dừng xe, đỗ xe trong hầm đường bộ; trường hợp gặp sự cố kỹ thuật hoặc bất khả kháng khác buộc phải dừng xe, đỗ xe, người lái xe, người điều khiển xe máy chuyên dùng phải đưa xe vào vị trí dừng xe, đỗ xe khẩn cấp, nếu không di chuyển được, phải có báo hiệu bằng đèn khẩn cấp và đặt biển hoặc đèn cảnh báo về phía sau xe khoảng cách bảo đảm an toàn.",https://congan.cantho.gov.vn/uploads/news/2026_04/600-cau-hoi-sat-hach.pdf,
602,Việc nối giữa xe kéo với xe được kéo trong trường hợp hệ thống hãm của xe được kéo không còn hiệu lực thì xe kéo nhau phải nối bằng cách nào?,Nối bằng thanh nối cứng.,https://congan.cantho.gov.vn/uploads/news/2026_04/600-cau-hoi-sat-hach.pdf,
603," Xe kéo rơ moóc, xe ô tô đầu kéo khi tham gia giao thông đường bộ phải tuân thủ quy tắc giao thông nào?","Chỉ được kéo rơ moóc, sơ mi rơ moóc phù hợp với thiết kế của xe; việc kết nối xe kéo với rơ moóc, xe ô tô đầu kéo với sơ mi rơ moóc phải bảo đảm chắc chắn, an toàn.",https://congan.cantho.gov.vn/uploads/news/2026_04/600-cau-hoi-sat-hach.pdf,
604,"Luật Trật tự, an toàn giao thông đường bộ quy định về xe kéo xe, xe kéo rơ moóc và xe ô tô đầu kéo kéo sơ mi rơ moóc như thế nào dưới đây?","Xe được kéo phải có người điều khiển và hệ thống lái của xe đó phải còn hiệu lực; việc nối xe kéo với xe được kéo phải bảo đảm chắc chắn, an toàn; trường hợp hệ thống hãm của xe được kéo không còn hiệu lực thì xe kéo nhau phải nối bằng thanh nối cứng. Phía trước của xe kéo và phía sau của xe được kéo phải có biển báo hiệu, có đèn cảnh báo nhấp nháy màu vàng.
",https://congan.cantho.gov.vn/uploads/news/2026_04/600-cau-hoi-sat-hach.pdf,
605,"Người điều khiển phương tiện tham gia giao thông đường bộ phải quan sát, giảm tốc độ hoặc dừng lại để bảo đảm an toàn trong các trường hợp nào?","1. Có báo hiệu cảnh báo nguy hiểm hoặc có chướng ngại vật trên đường; chuyển hướng xe chạy hoặc tầm nhìn bị hạn chế.
2. Nơi cầu, cống hẹp, đập tràn, đường ngầm, hầm chui, hầm đường bộ; có vật nuôi đi trên đường hoặc chăn thả ở ven đường.
3. Điểm dừng xe, đỗ xe trên đường bộ có khách đang lên, xuống xe.",https://congan.cantho.gov.vn/uploads/news/2026_04/600-cau-hoi-sat-hach.pdf,
606,"Khi có xe xin vượt, người lái xe mô tô xử lý như thế nào nếu đủ điều kiện an toàn cho xe phía sau vượt?","Giảm tốc độ, có tín hiệu rẽ phải để báo hiệu cho người điều khiển phương tiện tham gia giao thông đường bộ phía sau biết được vượt và đi sát về bên phải của phần đường xe chạy cho đến khi xe sau đã vượt qua, không được cản trở đối với xe xin vượt.
",https://congan.cantho.gov.vn/uploads/news/2026_04/600-cau-hoi-sat-hach.pdf,
607," Khi tham gia giao thông trên đường cao tốc, người lái xe không được thực hiện hành vi nào sau đây?","1. Dừng, đỗ xe trên phần đường xe chạy, trừ trường hợp xe không thể di chuyển được vào làn đường khẩn cấp.
2. Lùi xe, quay đầu xe.",https://congan.cantho.gov.vn/uploads/news/2026_04/600-cau-hoi-sat-hach.pdf,
608,"Khi xe gặp sự cố kỹ thuật trên đường cao tốc, bạn phải xử lý như thế nào để bảo đảm an toàn giao thông?","Dừng xe, đỗ xe ở làn dừng khẩn cấp cùng chiều xe chạy và phải có báo hiệu bằng đèn khẩn cấp; trường hợp xe không thể di chuyển được vào làn dừng khẩn cấp, phải có báo hiệu bằng đèn khẩn cấp và đặt biển hoặc đèn cảnh báo về phía sau xe khoảng cách tối thiểu 150 mét, nhanh chóng báo cho cơ quan Cảnh sát giao thông thực hiện nhiệm vụ bảo đảm trật tự, an toàn giao thông trên tuyến hoặc cơ quan quản lý đường cao tốc.",https://congan.cantho.gov.vn/uploads/news/2026_04/600-cau-hoi-sat-hach.pdf,
609," Trên đường cao tốc, người lái xe xử lý như thế nào khi đã vượt quá lối ra của đường định rẽ?",Tiếp tục lái xe và rẽ ở lối ra tiếp theo.,https://congan.cantho.gov.vn/uploads/news/2026_04/600-cau-hoi-sat-hach.pdf,
610,"Trên đường cao tốc, người lái xe xử lý như thế nào khi đã vượt quá lối ra của đường định rẽ?",Không.,https://congan.cantho.gov.vn/uploads/news/2026_04/600-cau-hoi-sat-hach.pdf,
611,"Khi chuẩn bị nhập vào làn đường của đường cao tốc, người lái xe, người điều khiển xe máy chuyên dùng phải thực hiện như thế nào là đúng quy tắc giao thông?","1. Có tín hiệu xin vào và phải nhường đường cho xe đang chạy trên đường.
2. Quan sát xe phía sau bảo đảm khoảng cách an toàn mới cho xe nhập vào làn đường sát bên phải.
3. Nếu có làn đường tăng tốc thì phải cho xe chạy trên làn đường đó trước khi nhập vào làn đường của đường cao tốc.
",https://congan.cantho.gov.vn/uploads/news/2026_04/600-cau-hoi-sat-hach.pdf,
612,"Theo quy định về độ tuổi, người đủ bao nhiêu tuổi trở lên thì được cấp giấy phép lái xe mô tô hai bánh có dung tích xi lanh đến 125 cm3 và xe ô tô chở người đến 8 chỗ (không kể chỗ của người lái xe); xe ô tô tải và ô tô chuyên dùng có khối lượng toàn bộ theo thiết kế đến 3.500 kg?",18 tuổi.,https://congan.cantho.gov.vn/uploads/news/2026_04/600-cau-hoi-sat-hach.pdf,
613,"Theo quy định về độ tuổi, người lái xe ô tô chở người (kể cả xe buýt) trên 29 chỗ (không kể chỗ của người lái xe); xe ô tô chở người giường nằm; các loại xe ô tô chở người quy định cho giấy phép lái xe hạng D kéo rơ moóc có khối lượng toàn bộ theo thiết kế đến 750 kg phải đủ bao nhiêu tuổi trở lên?
",27 tuổi.,https://congan.cantho.gov.vn/uploads/news/2026_04/600-cau-hoi-sat-hach.pdf,
614,"Tuổi tối đa của người lái xe ô tô chở người (kể cả xe buýt) trên 29 chỗ (không kể chỗ của người lái xe), xe ô tô chở người giường nằm là bao nhiêu tuổi? ",Đủ 57 tuổi đối với nam và đủ 55 tuổi đối với nữ.,https://congan.cantho.gov.vn/uploads/news/2026_04/600-cau-hoi-sat-hach.pdf,
615,"Theo quy định về độ tuổi, người lái xe ô tô chở người (kể cả xe buýt) trên 16 chỗ (không kể chỗ của người lái xe) đến 29 chỗ (không kể chỗ của người lái xe); các loại xe ô tô chở người quy định cho giấy phép lái xe hạng D2 kéo rơ moóc có khối lượng toàn bộ theo thiết kế đến 750 kg phải đủ bao nhiêu tuổi trở lên?",24 tuổi.,https://congan.cantho.gov.vn/uploads/news/2026_04/600-cau-hoi-sat-hach.pdf,
616,Người đủ 16 tuổi đến dưới 18 tuổi chỉ được điều khiển các loại xe nào?,Xe gắn máy.,https://congan.cantho.gov.vn/uploads/news/2026_04/600-cau-hoi-sat-hach.pdf,
617,Người có Giấy phép lái xe mô tô hạng A1 được cấp sau ngày 01/01/2025 được phép điều khiển loại xe nào?,Xe mô tô hai bánh có dung tích xi-lanh đến 125 cm3 hoặc có công suất động cơ điện đến 11 kW.,https://congan.cantho.gov.vn/uploads/news/2026_04/600-cau-hoi-sat-hach.pdf,
618,Người có Giấy phép lái xe mô tô hạng A được phép điều khiển loại xe nào?,"1. Xe mô tô hai bánh có dung tích xi-lanh đến 125 cm3 hoặc có công suất động cơ điện đến 11 kW.
2. Xe mô tô hai bánh có dung tích xi-lanh trên 125 cm3 hoặc có công suất động cơ điện trên 11 kW.",https://congan.cantho.gov.vn/uploads/news/2026_04/600-cau-hoi-sat-hach.pdf,
619,Người có Giấy phép lái xe ô tô hạng B được phép điều khiển loại xe nào?,"1. Xe ô tô chở người đến 08 chỗ (không kể chỗ của người lái xe).
2. Xe ô tô tải và ô tô chuyên dùng có khối lượng toàn bộ theo thiết kế đến 3.500 kg.
",https://congan.cantho.gov.vn/uploads/news/2026_04/600-cau-hoi-sat-hach.pdf,
620,"Người có Giấy phép lái xe hạng C1 được điều khiển loại xe nào?
",Xe ô tô tải và ô tô chuyên dùng có khối lượng toàn bộ theo thiết kế trên 3.500 kg đến 7.500 kg; các loại xe ô tô tải quy định cho giấy phép lái xe hạng C1 kéo rơ moóc có khối lượng toàn bộ theo thiết kế đến 750 kg.,https://congan.cantho.gov.vn/uploads/news/2026_04/600-cau-hoi-sat-hach.pdf,
621,Người có Giấy phép lái xe hạng C được điều khiển loại xe nào?,"1. Xe ô tô tải và ô tô chuyên dùng có khối lượng toàn bộ theo thiết kế trên 3.500 kg đến 7.500 kg; các loại xe ô tô tải quy định cho giấy phép lái xe hạng C1 kéo rơ moóc có khối lượng toàn bộ theo thiết kế đến 750 kg.
2. Xe ô tô tải và ô tô chuyên dùng có khối lượng toàn bộ theo thiết kế trên 7.500 kg; các loại xe ô tô tải quy định cho giấy phép lái xe hạng C kéo rơ moóc có khối lượng toàn bộ theo thiết kế đến 750 kg.
",https://congan.cantho.gov.vn/uploads/news/2026_04/600-cau-hoi-sat-hach.pdf,
622,Người có Giấy phép lái xe hạng D1 được điều khiển loại xe nào?,"Xe ô tô chở người trên 08 chỗ (không kể chỗ của người lái xe) đến 16 chỗ (không kể chỗ của người lái xe); các loại xe ô tô chở người quy định cho giấy phép lái xe hạng D1 kéo rơ moóc có khối lượng toàn bộ theo thiết kế đến 750 kg.
",https://congan.cantho.gov.vn/uploads/news/2026_04/600-cau-hoi-sat-hach.pdf,
623,Người có Giấy phép lái xe hạng D2 được điều khiển loại xe nào?,"1. Xe ô tô chở người (kể cả xe buýt) trên 16 chỗ (không kể chỗ của người lái xe) đến 29 chỗ (không kể chỗ của người lái xe); các loại xe ô tô chở người quy định cho giấy phép lái xe hạng D2 kéo rơ moóc có khối lượng toàn bộ theo thiết kế đến 750 kg.
2. Xe ô tô chở người trên 08 chỗ (không kể chỗ của người lái xe) đến 16 chỗ (không kể chỗ của người lái xe); các loại xe ô tô chở người quy định cho giấy phép lái xe hạng D1 kéo rơ moóc có khối lượng toàn bộ theo thiết kế đến 750kg.
",https://congan.cantho.gov.vn/uploads/news/2026_04/600-cau-hoi-sat-hach.pdf,
624,"Người có Giấy phép lái xe hạng D được điều khiển loại xe nào?
","1. Xe ô tô chở người (kể cả xe buýt) trên 29 chỗ (không kể chỗ của người lái xe); xe ô tô chở người giường nằm; các loại xe ô tô chở người quy định cho giấy phép lái xe hạng D kéo rơ moóc có khối lượng toàn bộ theo thiết kế đến 750kg.
2. Xe ô tô chở người (kể cả xe buýt) trên 16 chỗ (không kể chỗ của người lái xe) đến 29 chỗ (không kể chỗ của người lái xe).",https://congan.cantho.gov.vn/uploads/news/2026_04/600-cau-hoi-sat-hach.pdf,
625,Người có Giấy phép lái xe hạng BE được điều khiển loại xe nào?,Các loại xe ô tô quy định cho giấy phép lái xe hạng B kéo rơ moóc có khối lượng toàn bộ theo thiết kế trên 750 kg.,https://congan.cantho.gov.vn/uploads/news/2026_04/600-cau-hoi-sat-hach.pdf,
626,"Người có Giấy phép lái xe hạng CE được điều khiển loại xe nào ?
",Các loại xe ô tô quy định cho giấy phép lái xe hạng C kéo rơ moóc có khối lượng toàn bộ theo thiết kế trên 750 kg; xe ô tô đầu kéo kéo sơ mi rơ moóc.,https://congan.cantho.gov.vn/uploads/news/2026_04/600-cau-hoi-sat-hach.pdf,
627,"Người có Giấy phép lái xe hạng DE được điều khiển loại xe nào?
",Các loại xe ô tô quy định cho giấy phép lái xe hạng D kéo rơ moóc có khối lượng toàn bộ theo thiết kế trên 750 kg; xe ô tô chở khách nối toa.,https://congan.cantho.gov.vn/uploads/news/2026_04/600-cau-hoi-sat-hach.pdf,
628,Người tập lái xe ô tô khi tham gia giao thông đường bộ phải bảo đảm các điều kiện nào?,"Phải thực hành trên xe tập lái, trên tuyến đường tập lái và có giáo viên dạy lái bảo trợ tay lái.",https://congan.cantho.gov.vn/uploads/news/2026_04/600-cau-hoi-sat-hach.pdf,
629,Người lái xe khi tham gia giao thông đường bộ phải đảm bảo các điều kiện nào?,"Phải đủ tuổi, sức khỏe theo quy định của pháp luật; có giấy phép lái xe đang còn điểm, còn hiệu lực phù hợp với loại xe đang điều khiển do cơ quan có thẩm quyền cấp (trừ người lái xe gắn máy).",https://congan.cantho.gov.vn/uploads/news/2026_04/600-cau-hoi-sat-hach.pdf,
630," Khi tham gia giao thông đường bộ, người lái xe phải mang theo các giấy tờ gì?","1. Chứng nhận đăng ký xe hoặc bản sao Chứng nhận đăng ký xe có chứng thực kèm bản gốc giấy tờ xác nhận của tổ chức tín dụng, chi nhánh ngân hàng nước ngoài còn hiệu lực trong trường hợp xe đang được thế chấp tại tổ chức tín dụng, chi nhánh ngân hàng nước ngoài.
2. Giấy phép lái xe phù hợp với loại xe đang điều khiển; chứng nhận kiểm định an toàn kỹ thuật và bảo vệ môi trường đối với xe cơ giới theo quy định của pháp luật; chứng nhận bảo hiểm bắt buộc trách nhiệm dân sự của chủ xe cơ giới.
3. Trường hợp các giấy tờ nêu trên đã được tích hợp vào tài khoản định danh điện tử thì việc xuất trình, kiểm tra có thể thực hiện thông qua tài khoản định danh điện tử.",https://congan.cantho.gov.vn/uploads/news/2026_04/600-cau-hoi-sat-hach.pdf,
631, Giấy phép lái xe bị thu hồi trong các trường hợp nào?,"1. Người được cấp giấy phép lái xe không đủ điều kiện sức khỏe theo kết luận của cơ sở khám bệnh, chữa bệnh đối với từng hạng giấy phép lái xe.
2. Giấy phép lái xe được cấp sai quy định.
3. Giấy phép lái xe đã quá thời hạn tạm giữ hoặc hết thời hiệu thi hành quyết định xử phạt vi phạm hành chính theo quy định của pháp luật về xử lý vi phạm hành chính nếu người vi phạm không đến nhận mà không có lý do chính đáng.",https://congan.cantho.gov.vn/uploads/news/2026_04/600-cau-hoi-sat-hach.pdf,
632,"Người có giấy phép lái xe chưa bị trừ hết 12 điểm, được phục hồi điểm giấy phép lái xe trong trường hợp nào?","Được phục hồi đủ 12 điểm, nếu không bị trừ điểm trong thời hạn 12 tháng từ ngày bị trừ điểm gần nhất. ",https://congan.cantho.gov.vn/uploads/news/2026_04/600-cau-hoi-sat-hach.pdf,
633,"Người có giấy phép lái xe đã bị trừ hết điểm phải làm gì để phục hồi điểm giấy phép lái xe?
","Sau thời hạn ít nhất là 06 tháng kể từ ngày bị trừ hết điểm, người có phép lái xe được tham gia kiểm tra nội dung kiến thức pháp luật về trật tự, an toàn giao thông đường bộ theo quy định, có kết quả đạt yêu cầu thì được phục hồi đủ 12 điểm.
",https://congan.cantho.gov.vn/uploads/news/2026_04/600-cau-hoi-sat-hach.pdf,
634,"Để bảo đảm điều kiện tham gia giao thông đường bộ, loại phương tiện nào phải lắp thiết bị giám sát hành trình?","1. Xe ô tô kinh doanh vận tải.
2. Xe ô tô chở người từ 08 chỗ trở lên (không kể chỗ của người lái xe) kinh doanh vận tải, xe ô tô đầu kéo, xe cứu thương.",https://congan.cantho.gov.vn/uploads/news/2026_04/600-cau-hoi-sat-hach.pdf,
635,"Tốc độ khai thác tối đa cho phép đối với xe máy chuyên dùng, xe gắn máy và các loại xe tương tự tham gia giao thông trên đường bộ (trừ đường cao tốc) là bao nhiêu km/h?",40 km/h.,https://congan.cantho.gov.vn/uploads/news/2026_04/600-cau-hoi-sat-hach.pdf,
636,"Trên đường bộ, trong khu vực đông dân cư, đường đôi hoặc đường một chiều có từ hai làn xe cơ giới trở lên, xe mô tô hai bánh, ô tô chở người đến 28 chỗ không kể chỗ của người lái xe tham gia giao thông với tốc độ khai thác tối đa cho phép là bao nhiêu?
","60 km/h.
",https://congan.cantho.gov.vn/uploads/news/2026_04/600-cau-hoi-sat-hach.pdf,
637,"Trên đường bộ (trừ đường cao tốc) trong khu vực đông dân cư, đường hai chiều hoặc đường một chiều có một làn xe cơ giới, xe mô tô hai bánh, ô tô chở người đến 28 chỗ không kể chỗ của người lái xe tham gia giao thông với tốc độ khai thác tối đa cho phép là bao nhiêu?
",50 km/h.,https://congan.cantho.gov.vn/uploads/news/2026_04/600-cau-hoi-sat-hach.pdf,
638,"Trên đường bộ (trừ đường cao tốc) trong khu vực đông dân cư, đường hai chiều hoặc đường một chiều có một làn xe cơ giới, loại xe nào dưới đây được tham gia giao thông với tốc độ khai thác tối đa cho phép là 50 km/h?
","Ô tô tải, ô tô chở người trên 28 chỗ không kể chỗ của người lái xe.",https://congan.cantho.gov.vn/uploads/news/2026_04/600-cau-hoi-sat-hach.pdf,
639,"Trên đường bộ (trừ đường cao tốc) trong khu vực đông dân cư, đường đôi hoặc đường một chiều có từ hai làn cơ giới trở lên, loại xe nào dưới đây được tham gia giao thông với tốc độ khai thác tối đa là 60 km/h?","Ô tô tải, ô tô chở người trên 28 chỗ không kể chỗ của người lái xe.",https://congan.cantho.gov.vn/uploads/news/2026_04/600-cau-hoi-sat-hach.pdf,
640,"Trên đường bộ (trừ đường cao tốc) ngoài khu vực đông dân cư,
đường đôi hoặc đường một chiều có từ hai làn xe cơ giới trở lên, loại xe nào
dưới đây được tham gia giao thông với tốc độ khai thác tối đa cho phép là 90
km/h?
","Xe ô tô chở người đến 28 chỗ không kể chỗ của người lái xe (trừ xe buýt); ô tô
tải có trọng tải không lớn hơn 3,5 tấn.
",https://congan.cantho.gov.vn/uploads/news/2026_04/600-cau-hoi-sat-hach.pdf,
641,"Trên đường bộ ngoài khu vực đông dân cư, đường đôi hoặc đường một chiều có từ hai làn xe cơ giới trở lên (trừ đường cao tốc) loại xe nào dưới đây được tham gia giao thông với tốc độ khai thác tối đa cho phép là 80 km/h?","Xe ô tô chở người trên 28 chỗ không kể chỗ người lái xe (trừ xe buýt); ô tô tải có trọng tải trên 3,5 tấn (trừ ô tô xi téc).",https://congan.cantho.gov.vn/uploads/news/2026_04/600-cau-hoi-sat-hach.pdf,
642,"Trên đường bộ ngoài khu vực đông dân cư, đường đôi hoặc đường một chiều có từ hai làn xe cơ giới trở lên (trừ đường cao tốc) loại xe nào dưới đây được tham gia giao thông với tốc độ khai thác tối đa cho phép là 70 km/h?","Xe buýt; ô tô đầu kéo kéo sơ mi rơ moóc (trừ ô tô đầu kéo kéo sơ mi rơ moóc xi téc); xe mô tô; ô tô chuyên dùng (trừ ô tô trộn vữa, ô tô trộn bê tông lưu động).",https://congan.cantho.gov.vn/uploads/news/2026_04/600-cau-hoi-sat-hach.pdf,
643,"Trên đường bộ ngoài khu vực đông dân cư, đường đôi hoặc đường một chiều có từ hai làn xe cơ giới trở lên (trừ đường cao tốc) loại xe nào dưới đây được tham gia giao thông với tốc độ khai thác tối đa cho phép là 60 km/h?","Ô tô kéo rơ moóc; ô tô kéo xe khác; ô tô trộn vữa, ô tô trộn bê tông lưu động, ô tô xi téc, ô tô đầu kéo kéo sơ mi rơ moóc xi téc, ô tô kéo theo rơ moóc xi téc.
",https://congan.cantho.gov.vn/uploads/news/2026_04/600-cau-hoi-sat-hach.pdf,
644,"Trên đường bộ ngoài khu vực đông dân cư, đường hai chiều hoặc đường một chiều có một làn xe cơ giới (trừ đường cao tốc), loại xe nào dưới đây được tham gia giao thông với tốc độ khai thác tối đa cho phép là 80 km/h?","Xe ô tô chở người đến 28 chỗ không kể chỗ của người lái xe (trừ xe buýt); ô tô tải có trọng tải không lớn hơn 3,5 tấn.
",https://congan.cantho.gov.vn/uploads/news/2026_04/600-cau-hoi-sat-hach.pdf,
645,"Trên đường bộ ngoài khu vực đông dân cư, đường hai chiều hoặc đường một chiều có một làn xe cơ giới (trừ đường cao tốc), loại xe nào dưới đây được tham gia giao thông với tốc độ khai thác tối đa cho phép là 70 km/h?","Xe ô tô chở người trên 28 chỗ không kể chỗ người lái xe (trừ xe buýt); ô tô tải có trọng tải trên 3,5 tấn (trừ ô tô xi téc).",https://congan.cantho.gov.vn/uploads/news/2026_04/600-cau-hoi-sat-hach.pdf,
646,"Trên đường bộ ngoài khu vực đông dân cư, đường hai chiều hoặc đường một chiều có một làn xe cơ giới (trừ đường cao tốc), loại xe nào dưới đây được tham gia giao thông với tốc độ khai thác tối đa cho phép là 60 km/h?
","Xe buýt; ô tô đầu kéo kéo sơ mi rơ moóc (trừ ô tô đầu kéo kéo sơ mi rơ moóc xi téc); xe mô tô; ô tô chuyên dùng (trừ ô tô trộn vữa, ô tô trộn bê tông lưu động).",https://congan.cantho.gov.vn/uploads/news/2026_04/600-cau-hoi-sat-hach.pdf,
647,"Trên đường bộ ngoài khu vực đông dân cư, đường hai chiều hoặc
đường một chiều có một làn xe cơ giới (trừ đường cao tốc), loại xe nào dưới
đây được tham gia giao thông với tốc độ khai thác tối đa cho phép là 50 km/h?
","Ô tô kéo rơ moóc; ô tô kéo xe khác; ô tô trộn vữa, ô tô trộn bê tông lưu động, ô tô xi téc, ô tô đầu kéo kéo sơ mi rơ moóc xi téc, ô tô kéo theo rơ moóc xi téc.
",https://congan.cantho.gov.vn/uploads/news/2026_04/600-cau-hoi-sat-hach.pdf,
648,"Khi tham gia giao thông trên đường bộ (trừ đường cao tốc), loại xe nào dưới đây được tham gia giao thông với tốc độ khai thác tối đa cho phép là 50 km/h?",Xe chở hàng bốn bánh có gắn động cơ khi tham gia giao thông trong phạm vi và thời gian cho phép hoạt động.,https://congan.cantho.gov.vn/uploads/news/2026_04/600-cau-hoi-sat-hach.pdf,
649,"Khi tham gia giao thông trên đoạn đường không có biển báo ""Cự ly tối thiểu giữa hai xe"", trong điều kiện mặt đường khô ráo, không có sương mù, mặt đường không trơn trượt, địa hình bằng phẳng, đường thẳng, tầm nhìn bảo đảm, xe cơ giới đang chạy với tốc độ từ trên 80 km/h đến 100 km/h, người lái xe phải giữ khoảng cách an toàn với xe đang chạy liền trước tối thiểu là bao nhiêu?
", 70 m.,https://congan.cantho.gov.vn/uploads/news/2026_04/600-cau-hoi-sat-hach.pdf,
650,"Khi tham gia giao thông trên đoạn đường không có biển báo ""cự ly tối thiểu giữa hai xe"", trong điều kiện mặt đường khô ráo, không có sương mù, mặt đường không trơn trượt, địa hình bằng phẳng, đường thẳng, tầm nhìn bảo đảm, xe cơ giới đang chạy với tốc độ từ trên 100 km/h đến 120 km/h, người lái xe phải giữ khoảng cách an toàn với xe đang chạy liền trước tối thiểu là bao nhiêu?",100 m.,https://congan.cantho.gov.vn/uploads/news/2026_04/600-cau-hoi-sat-hach.pdf,
651,"Khi tham gia giao thông trên đoạn đường không có biển báo ""cự ly tối thiểu giữa hai xe"", trong điều kiện mặt đường khô ráo, không có sương mù, mặt đường không trơn trượt, địa hình bằng phẳng, đường thẳng, tầm
nhìn bảo đảm, xe cơ giới đang chạy với tốc độ từ trên 60 km/h đến 80 km/h, người lái xe phải giữ khoảng cách an toàn với xe đang chạy liền trước tối thiểu là bao nhiêu?",55 m.,https://congan.cantho.gov.vn/uploads/news/2026_04/600-cau-hoi-sat-hach.pdf,
652,"Khi tham gia giao thông trên đoạn đường không có biển báo ""cự ly tối thiểu giữa hai xe"", trong điều kiện mặt đường khô ráo, không có sương mù, mặt đường không trơn trượt, địa hình bằng phẳng, đường thẳng, tầm nhìn bảo đảm, xe cơ giới đang chạy với tốc độ 60 km/h, người lái xe phải giữ khoảng cách an toàn với xe đang chạy liền trước tối thiểu là bao nhiêu?
", 35 m.,https://congan.cantho.gov.vn/uploads/news/2026_04/600-cau-hoi-sat-hach.pdf,
653,"Khi điều khiển xe chạy với tốc độ dưới 60 km/h, để bảo đảm khoảng cách an toàn giữa hai xe, người lái xe phải điều khiển xe như thế nào?","1. Chủ động giữ khoảng cách an toàn phù hợp với xe chạy liền trước xe của mình.
2. Bảo đảm khoảng cách an toàn tùy thuộc vào mật độ phương tiện, tình hình giao thông thực tế.
",https://congan.cantho.gov.vn/uploads/news/2026_04/600-cau-hoi-sat-hach.pdf,
654,"Người lái xe phải giảm tốc độ thấp hơn tốc độ tối đa cho phép đến mức cần thiết, chú ý quan sát và chuẩn bị sẵn sàng những tình huống có thể xảy ra để phòng ngừa tai nạn trong các trường hợp nào?",Gặp biển báo nguy hiểm và cảnh báo trên đường.,https://congan.cantho.gov.vn/uploads/news/2026_04/600-cau-hoi-sat-hach.pdf,
655,"Xe đưa đón trẻ em mầm non, học sinh được ưu tiên gì khi tham gia giao thông đường bộ?","Tổ chức phân luồng, điều tiết giao thông, bố trí nơi dừng xe, đỗ xe tại khu vực trường học và tại các điểm trên lộ trình đưa đón trẻ em mầm non, học sinh.
",https://congan.cantho.gov.vn/uploads/news/2026_04/600-cau-hoi-sat-hach.pdf,
656,"Người điều khiển phương tiện tham gia giao thông đường bộ phải quan sát, giảm tốc độ hoặc dừng lại để bảo đảm an toàn trong các trường hợp nào?","1. Tại nơi có vạch kẻ đường hoặc báo hiệu khác dành cho người đi bộ hoặc tại nơi mà người đi bộ, xe lăn của người khuyết tật đang qua đường.
2. Nơi đường bộ giao nhau cùng mức với đường bộ, đường bộ giao nhau cùng mức với đường sắt; đường hẹp, đường vòng, đường quanh co, đường đèo, dốc.
3. Khu vực có trường học, bệnh viện, bến xe, công trình công cộng tập trung đông người, khu vực đông dân cư, chợ, khu vực đang thi công trên đường bộ, hiện trường vụ tai nạn giao thông đường bộ.
",https://congan.cantho.gov.vn/uploads/news/2026_04/600-cau-hoi-sat-hach.pdf,
657,"Tại những đoạn đường không bố trí biển báo hạn chế tốc độ, không bố trí biển báo khoảng cách an toàn tối thiểu giữa hai xe, người lái xe phải thực hiện quy định nào để bảo đảm an toàn?","Chấp hành quy định về tốc độ, khoảng cách an toàn tối thiểu với xe phía trước cùng làn đường hoặc phần đường.",https://congan.cantho.gov.vn/uploads/news/2026_04/600-cau-hoi-sat-hach.pdf,
658,"Khi gặp xe buýt đang dừng đón, trả khách, người điều khiển xe mô tô phải xử lý như thế nào?","Quan sát, giảm tốc độ đi qua xe buýt hoặc dừng lại để bảo đảm an toàn.",https://congan.cantho.gov.vn/uploads/news/2026_04/600-cau-hoi-sat-hach.pdf,
659,Việc vận chuyển hành khách bằng xe ô tô phải tuân thủ các quy định nào?,"Đón, trả hành khách đúng nơi quy định; hướng dẫn sử dụng trang thiết bị an toàn trên xe; có biện pháp giữ gìn vệ sinh trong xe; vận chuyển hành khách đúng lịch trình, lộ trình đã đăng ký, trừ trường hợp bất khả kháng; không chở hành khách trên nóc xe, trong khoang chở hành lý hoặc để hành khách đu, bám bên ngoài xe.
",https://congan.cantho.gov.vn/uploads/news/2026_04/600-cau-hoi-sat-hach.pdf,
660,"Trong hoạt động vận tải đường bộ, các hành vi nào dưới đây bị nghiêm cấm?","1. Vận chuyển hàng hóa cấm lưu hành.
2. Vận chuyển trái phép hoặc không thực hiện đầy đủ các quy định của pháp luật về vận chuyển hàng hóa nguy hiểm.
3. Vận chuyển động vật hoang dã.",https://congan.cantho.gov.vn/uploads/news/2026_04/600-cau-hoi-sat-hach.pdf,
661,"Trong hoạt động vận tải hành khách, những hành vi nào dưới đây bị nghiêm cấm?","Đe dọa, xúc phạm, tranh giành, lôi kéo hành khách; đe doạ, cưỡng ép hành khách sử dụng dịch vụ ngoài ý muốn; chuyển tải, xuống khách hoặc các hành vi khác nhằm trốn tránh phát hiện xe chở quá tải, quá số người theo quy định của pháp luật.",https://congan.cantho.gov.vn/uploads/news/2026_04/600-cau-hoi-sat-hach.pdf,
662,Thời gian lái xe liên tục của người lái xe ô tô kinh doanh vận tải được quy định như thế nào để bảo đảm an toàn giao thông? ,Không quá 4 giờ.,https://congan.cantho.gov.vn/uploads/news/2026_04/600-cau-hoi-sat-hach.pdf,
663,Thời gian làm việc của người lái xe ô tô kinh doanh vận tải trong một ngày được quy định như thế nào để bảo đảm an toàn giao thông?,Không quá 10 giờ trong một ngày.,https://congan.cantho.gov.vn/uploads/news/2026_04/600-cau-hoi-sat-hach.pdf,
664,"Trước khi xe khởi hành, người lái xe, nhân viên phục vụ trên xe ô tô vận chuyển hành khách có trách nhiệm nào sau đây?","1. Kiểm tra các điều kiện bảo đảm an toàn của xe.
2. Hướng dẫn cho hành khách về an toàn giao thông đường bộ và thoát hiểm khi gặp sự cố.
",https://congan.cantho.gov.vn/uploads/news/2026_04/600-cau-hoi-sat-hach.pdf,
665," Xe ô tô kinh doanh vận tải chở trẻ em mầm non, học sinh phải đáp ứng các yêu cầu nào dưới đây?","1. Có thiết bị ghi nhận hình ảnh trẻ em mầm non, học sinh và thiết bị có chức năng cảnh báo, chống bỏ quên trẻ em trên xe; có niên hạn sử dụng không quá 20 năm; có màu sơn theo quy định của Chính phủ.
2. Có dây đai an toàn phù hợp với lứa tuổi hoặc sử dụng xe có ghế ngồi phù hợp với lứa tuổi theo quy định của pháp luật.
3. Được cấp chứng nhận đăng kí xe và gắn biển số xe, bảo đảm an toàn kĩ thuật và bảo vệ môi trường theo quy định của pháp luật; xe ô tô chở người từ 08 chỗ trở lên (không kể chỗ của người lái xe) phải lắp thiết bị giám sát hành trình và thiết bị ghi nhận hình ảnh người lái xe.",https://congan.cantho.gov.vn/uploads/news/2026_04/600-cau-hoi-sat-hach.pdf,
666,Việc vận chuyển động vật sống khi tham gia giao thông đường bộ phải thực hiện các yêu cầu nào dưới đây?,"1. Người lái xe phải mang đủ giấy tờ theo quy định của pháp luật.
2. Phương tiện vận chuyển phải có kết cấu phù hợp với loại động vật chuyên chở.
3. Trong quá trình vận chuyển phải chấp hành các quy định của pháp luật về trật tự, an toàn giao thông đường bộ, vệ sinh dịch tễ, phòng dịch và bảo đảm vệ sinh môi trường.
",https://congan.cantho.gov.vn/uploads/news/2026_04/600-cau-hoi-sat-hach.pdf,
667,Việc vận chuyển hàng hóa nguy hiểm khi tham gia giao thông đường bộ phải chấp hành các quy định nào?,"Phải có giấy phép vận chuyển; trong trường hợp cần thiết, đơn vị vận chuyển hàng hoá nguy hiểm phải bố trí người áp tải để bảo đảm trật tự, an toàn giao thông đường bộ.",https://congan.cantho.gov.vn/uploads/news/2026_04/600-cau-hoi-sat-hach.pdf,
668,"Việc lưu hành xe ô tô của người nước ngoài đăng ký tại nước ngoài có tay lái ở bên phải tham gia giao thông tại Việt Nam, xe cơ giới nước ngoài do người nước ngoài đưa vào Việt Nam du lịch được quy định như như thế nào?
","1. Phải chấp hành quy định của pháp luật về trật tự, an toàn giao thông đường bộ của Việt Nam. Trường hợp điều ước quốc tế mà nước Cộng hòa xã hội chủ nghĩa Việt Nam là thành viên có quy định khác thì áp dụng theo điều ước quốc tế đó.
2. Tham gia giao thông đúng trong phạm vi, tuyến đường, thời gian đã được cơ quan có thẩm quyền của Việt Nam cấp phép.
3. Xe ô tô của người nước ngoài đăng ký tại nước ngoài có tay lái ở bên phải phải đi theo đoàn và có người, phương tiện hỗ trợ, hướng dẫn giao thông.",https://congan.cantho.gov.vn/uploads/news/2026_04/600-cau-hoi-sat-hach.pdf,
669,"Việc sử dụng xe mô tô, xe gắn máy, xe thô sơ để vận chuyển hành khách, hàng hóa phải thực hiện các quy định nào dưới đây để đảm bảo an toàn giao thông?
","1. Kiểm tra điều kiện bảo đảm an toàn của xe trước khi tham gia giao thông đường bộ; mang đủ giấy tờ theo quy định của pháp luật.
2. Kiểm tra việc sắp xếp hàng hóa bảo đảm an toàn; không chở quá số người, chở hành lý, hàng hoá vượt quá khối lượng cho phép hoặc vượt quá khổ giới hạn của xe.",https://congan.cantho.gov.vn/uploads/news/2026_04/600-cau-hoi-sat-hach.pdf,
670,"Xe vận chuyển hàng siêu trường, siêu trọng phải thực hiện các quy định nào dưới đây để bảo đảm an toàn giao thông?","Phải chạy với tốc độ quy định trong giấy phép và phải có báo hiệu kích thước của hàng; trường hợp cần thiết, phải có người, phương tiện hỗ trợ lái xe, cảnh báo cho người, phương tiện tham gia giao thông đường bộ khác và thực hiện các biện pháp bảo đảm an toàn giao thông khi vận chuyển hàng siêu trường, siêu trọng trên đường bộ.",https://congan.cantho.gov.vn/uploads/news/2026_04/600-cau-hoi-sat-hach.pdf,
671,Xe cứu hộ giao thông đường bộ cần thực hiện yêu cầu nào để bảo đảm trật tự an toàn giao thông?,"1. Xe cứu hộ giao thông đường bộ phải có dấu hiệu nhận diện, niêm yết thông tin trên xe, gắn thiết bị giám sát hành trình và thiết bị ghi nhận hình ảnh người lái xe.
2. Phải tuân thủ quy định của pháp luật về khối lượng hàng hóa chuyên chở của xe cứu hộ và khối lượng của xe được cứu hộ ghi trên Chứng nhận kiểm định an toàn kỹ thuật và bảo vệ môi trường.
",https://congan.cantho.gov.vn/uploads/news/2026_04/600-cau-hoi-sat-hach.pdf,
672,"Người lái xe kinh doanh vận tải khi thực hiện tốt việc rèn luyện, nâng cao trách nhiệm, đạo đức nghề nghiệp sẽ thu được kết quả như thế nào?","Được khách hàng, xã hội tôn trọng; được đồng nghiệp quý mến, giúp đỡ; được doanh nghiệp tin dùng và đóng góp nhiều cho xã hội; thu hút được khách hàng, góp phần quan trọng trong xây dựng thương hiệu, kinh doanh có hiệu quả cao.",https://congan.cantho.gov.vn/uploads/news/2026_04/600-cau-hoi-sat-hach.pdf,
673,Người lái xe kinh doanh vận tải cần thực hiện những công việc gì ghi ở dưới đây để thường xuyên rèn luyện nâng cao đạo đức nghề nghiệp?,"1. Quản lý và sử dụng xe tốt; bảo dưỡng xe đúng định kỳ; thực hành tiết kiệm vật tư, nhiên liệu; luôn tu dưỡng bản thân, có lối sống lành mạnh, tác phong làm việc công nghiệp.
2. Nắm vững và tự giác chấp hành các quy định của pháp luật về trật tự, an toàn giao thông đường bộ, lái xe an toàn; thực hiện đầy đủ trách nhiệm với khách hàng; có ý thức tổ chức kỷ luật và xây dựng doanh nghiệp vững mạnh; có tinh thần hợp tác, tương trợ, giúp đỡ đồng nghiệp.",https://congan.cantho.gov.vn/uploads/news/2026_04/600-cau-hoi-sat-hach.pdf,
674,"Người lái xe ô tô vận chuyển hành khách phải có những phẩm chất, đạo đức nghề nghiệp gì?","1. Phải có thái độ lịch sự, tôn trọng, thân mật với hành khách; giúp đỡ những người có hoàn cảnh khó khăn, người già, người khuyết tật, phụ nữ có thai, có con nhỏ vàtrẻ em.
2. Luôn tu dưỡng bản thân, có lối sống lành mạnh, khiêm tốn, có tác phong làm việc công nghiệp, không tham gia vào các tệ nạn xã hội; tôn trọng người cùng tham gia giao thông đường bộ và có ý thức bảo vệ môi trường.",https://congan.cantho.gov.vn/uploads/news/2026_04/600-cau-hoi-sat-hach.pdf,
675,Khái niệm về văn hóa giao thông được hiểu như thế nào là đúng?,"1. Là sự hiểu biết và chấp hành nghiêm chỉnh pháp luật về giao thông, là ý thức trách nhiệm với cộng đồng khi tham gia giao thông.
2. Là sự tôn trọng, nhường nhịn, giúp đỡ và ứng xử có văn hóa giữa những người tham gia giao thông với nhau.",https://congan.cantho.gov.vn/uploads/news/2026_04/600-cau-hoi-sat-hach.pdf,
676,"Trên làn đường dành cho ô tô có vũng nước lớn, người lái xe ô tô bắt buộc phải đi qua vũng nước, trên làn đường bên cạnh có nhiều người đang lái xe mô tô tham gia giao thông, người lái xe ô tô xử lý như thế nào khi lái xe qua vũng nước là có văn hóa giao thông?",Giảm tốc độ cho xe chạy chậm qua vũng nước. ,https://congan.cantho.gov.vn/uploads/news/2026_04/600-cau-hoi-sat-hach.pdf,
677,"Người lái xe không điều khiển xe đi đúng làn đường quy định, phóng nhanh, vượt ẩu, vượt đèn đỏ, đi vào đường cấm được coi là hành vi nào?","Là thiếu văn hóa giao thông, vi phạm pháp luật về trật tự, an toàn giao thông đường bộ.
",https://congan.cantho.gov.vn/uploads/news/2026_04/600-cau-hoi-sat-hach.pdf,
678,"Khi sơ cứu người bị tai nạn giao thông đường bộ, có vết thương chảy máu ngoài, phun thành tia và phun mạnh khi mạch đập, bạn phải làm gì?",Thực hiện cầm máu không trực tiếp (chặn động mạch).,https://congan.cantho.gov.vn/uploads/news/2026_04/600-cau-hoi-sat-hach.pdf,
679,Người lái xe có văn hóa giao thông khi tham gia giao thông đường bộ phải đáp ứng các điều kiện nào?,"Hiểu biết và chấp hành nghiêm chỉnh pháp luật về giao thông đường bộ; có ý thức trách nhiệm với cộng đồng khi tham gia giao thông; tôn trọng, nhường nhịn, giúp đỡ và ứng xử có văn hóa với những người cùng tham gia giao thông.",https://congan.cantho.gov.vn/uploads/news/2026_04/600-cau-hoi-sat-hach.pdf,
680,Người lái xe có văn hóa giao thông khi tham gia giao thông phải tuân thủ những quy định nào?,"Chấp hành hiệu lệnh, chỉ dẫn của người điều khiển giao thông, quy định về tốc độ, tín hiệu đèn, biển báo hiệu, vạch kẻ đường khi lái xe; nhường đường cho người đi bộ, người già, trẻ em, người khuyết tật.",https://congan.cantho.gov.vn/uploads/news/2026_04/600-cau-hoi-sat-hach.pdf,
681,Người lái xe mô tô có văn hóa giao thông khi tham gia giao thông phải tuân thủ những quy định nào?,"Điều khiển xe đi bên phải theo chiều đi của mình; đi đúng phần đường, làn đường quy định; đội mũ bảo hiểm đúng quy chuẩn kỹ thuật quốc gia, cài quai đúng quy cách.
",https://congan.cantho.gov.vn/uploads/news/2026_04/600-cau-hoi-sat-hach.pdf,
682,"Trong các hành vi dưới đây, người lái xe có văn hóa giao thông phải ứng xử như thế nào?","Điều khiển xe đi bên phải theo chiều đi của mình; đi đúng phần đường, làn đường quy định; dừng, đỗ xe đúng nơi quy định; đã uống rượu, bia thì không lái xe.",https://congan.cantho.gov.vn/uploads/news/2026_04/600-cau-hoi-sat-hach.pdf,
683,Khi tham gia giao thông việc sử dụng còi xe nên dùng như thế nào để thể hiện là người có văn hóa giao thông?,"Chỉ bấm còi khi thật sự cần thiết, không bấm còi liên tục hoặc kéo dài, sử dụng còi với mức âm lượng theo quy định.
",https://congan.cantho.gov.vn/uploads/news/2026_04/600-cau-hoi-sat-hach.pdf,
684,"Người điều khiển phương tiện tham giao thông đường bộ gây ra tai nạn giao thông đường bộ, người liên quan đến vụ tai nạn giao thông đường bộ có trách nhiệm gì?","1. Dừng ngay phương tiện, cảnh báo nguy hiểm, giữ nguyên hiện trường, trợ giúp người bị nạn và báo tin cho cơ quan Công an, cơ sở khám bệnh, chữa bệnh.
2. Ở lại hiện trường vụ tai nạn giao thông đường bộ cho đến khi người của cơ quan Công an đến, trừ trường hợp phải đi cấp cứu, đưa người bị nạn đi cấp cứu hoặc xét thấy bị đe dọa đến tính mạng, sức khỏe nhưng phải đến trình báo ngay cơ quan Công an, Ủy ban nhân dân nơi gần nhất.
3. Cung cấp thông tin xác định danh tính về bản thân, người liên quan đến vụ tai nạn giao thông đường bộ và thông tin liên quan của vụ tai nạn giao thông đường bộ cho cơ quan có thẩm quyền.
",https://congan.cantho.gov.vn/uploads/news/2026_04/600-cau-hoi-sat-hach.pdf,
685,Người có mặt tại nơi xảy ra vụ tai giao thông đường bộ có trách nhiệm gì?,"Giúp đỡ, cứu chữa kịp thời người bị nạn; báo tin ngay cho cơ quan Công an, cơ sở khám bệnh, chữa bệnh hoặc Ủy ban nhân dân nơi gần nhất; tham gia bảo vệ hiện trường; tham gia bảo vệ tài sản của người bị nạn; cung cấp thông tin liên quan về vụ tai nạn theo yêu cầu của cơ quan có thẩm quyền.",https://congan.cantho.gov.vn/uploads/news/2026_04/600-cau-hoi-sat-hach.pdf,
686," Khi sơ cứu ban đầu cho người bị tai nạn giao thông đường bộ không còn hô hấp, người lái xe và người có mặt tại hiện trường vụ tai nạn phải thực hiện các công việc gì?","Đặt nạn nhân nằm ngửa, khai thông đường thở của nạn nhân; thực hiện các biện pháp hô hấp nhân tạo.",https://congan.cantho.gov.vn/uploads/news/2026_04/600-cau-hoi-sat-hach.pdf,
687,Hành vi bỏ trốn sau khi gây tai nạn để trốn tránh trách nhiệm hoặc khi có điều kiện mà cố ý không cứu giúp người bị tai nạn giao thông có bị nghiêm cấm hay không?,Bị nghiêm cấm.,https://congan.cantho.gov.vn/uploads/news/2026_04/600-cau-hoi-sat-hach.pdf,
688,"Khi đang lái xe, thấy một người đi bộ đang sang đường trên vạch kẻ đường dành cho người đi bộ, người lái xe nên làm gì?",Giảm tốc độ và nhường đường cho người đi bộ.,https://congan.cantho.gov.vn/uploads/news/2026_04/600-cau-hoi-sat-hach.pdf,
689,"Khi gặp vụ tai nạn giao thông, người lái xe nên hành động như thế nào?","Dừng xe, hỗ trợ nạn nhân và báo cho cơ quan chức năng.",https://congan.cantho.gov.vn/uploads/news/2026_04/600-cau-hoi-sat-hach.pdf,
690,"Trong đoạn đường hai chiều tại khu đông dân cư đang ùn tắc, người điều khiển xe mô tô có văn hóa giao thông sẽ lựa chọn cách xử lý tình huống nào?","Kiên nhẫn tuân thủ hướng dẫn của người điều khiển giao thông hoặc tín hiệu đèn giao thông, di chuyển trên đúng phần đường bên phải theo chiều đi, nhường đường cho các phương tiện đi ngược chiều.
",https://congan.cantho.gov.vn/uploads/news/2026_04/600-cau-hoi-sat-hach.pdf,
691,"Khi điều khiển phương tiện tham gia giao thông trên đoạn đường bộ đang xảy ra ùn tắc, những hành vi nào dưới đây là thiếu văn hóa?","Bấm còi liên tục thúc giục các phương tiện phía trước nhường đường; đi trên vỉa hè, tận dụng mọi khoảng trống để nhanh chóng thoát khỏi nơi ùn tắc; lấn sang trái đường cố gắng vượt lên xe khác.",https://congan.cantho.gov.vn/uploads/news/2026_04/600-cau-hoi-sat-hach.pdf,
692,"Người lái xe, chủ phương tiện giao thông cơ giới đường bộ nên thực hiện các biện pháp phòng cháy, chữa cháy như thế nào?","1. Không lắp đặt thêm thiết bị điện, phụ kiện không đúng theo thiết kế của nhà sản xuất; tuân thủ quy trình vận hành bảo trì bảo dưỡng định kỳ; thường xuyên kiểm tra phương tiện, khi phát hiện thấy dấu hiệu khác lạ (khó nổ, có hơi xăng, có tiếng kêu bất thường, nhiệt độ của máy cao, có mùi khét) cần khắc phục ngay.
2. Khi để xe trong nhà, ở nơi trông giữ xe phải tắt khóa điện, để xa nguồn lửa, nguồn nhiệt; không mua xăng, dầu ở các điểm bán tự phát, không rõ nguồn gốc; không sử dụng các biện pháp “tiết kiệm xăng, dầu” khi chưa được kiểm chứng về mức độ an toàn có thể gây hỏng xe hoặc dẫn đến nguy cơ xảy ra cháy cao.
3. Không để các chất dễ cháy, dễ bắt lửa trong xe, dưới yên xe, trong cốp xe, trong khoang động cơ. Đối với xe điện cần chọn địa điểm sạc an toàn, sử dụng các thiết
bị sạc đúng cách và giám sát quá trình sạc.",https://congan.cantho.gov.vn/uploads/news/2026_04/600-cau-hoi-sat-hach.pdf,
693,"Người điều khiển phương tiện cơ giới đường bộ phải thực hiện những biện pháp gì dưới đây để chữa cháy trong trường hợp phương tiện bị cháy, xét thấy có khả năng dập tắt đám cháy?","1. Tắt khoá điện, hô hoán để mọi người đến trợ giúp chữa cháy, gọi Cảnh sát phòng cháy chữa cháy và cứu nạn cứu hộ (điện thoại 114).
2. Nếu nhiên liệu chưa trào ra ngoài (ngọn lửa chưa cháy dữ dội) thì có thể sử dụng nước, hoặc bất kỳ chất, phương tiện chữa cháy có được để dập lửa; nếu nhiên liệu đã trào ra ngoài (ngọn lửa cháy dữ dội) thì phải sử dụng các bình chữa cháy, cát, chăn chiên, bao tải, vải nhúng nước để dập lửa.",https://congan.cantho.gov.vn/uploads/news/2026_04/600-cau-hoi-sat-hach.pdf,
694,"Khi phát hiện thấy có ngọn lửa, khói hoặc nhiệt độ cao bất thường từ phương tiện giao thông do mình điều khiển người lái xe phải làm gì trước tiên?"," Bình tĩnh, đưa xe sát vào lề đường, tránh xa nơi có nhiều người, nhiều chất dễ cháy và tắt khóa điện, thực hiện các bước chữa cháy.",https://congan.cantho.gov.vn/uploads/news/2026_04/600-cau-hoi-sat-hach.pdf,
695,"Khi gặp nạn nhân bị bỏng trong vụ tai nạn giao thông, người lái xe cần làm gì?","1. Gọi số 115 để thông báo về tình trạng tai nạn và yêu cầu hỗ trợ y tế ngay lập tức. Quan sát hiện trường để giúp nạn nhân, đồng thời tránh gây tổn thương cho mình.
2. Nhanh chóng loại bỏ nguyên nhân gây bỏng bằng cách tách nạn nhân khỏi vật gây cháy, cởi bỏ quần áo nếu bén lửa, ngâm vùng da bị bỏng vào nước sạch hoặc đắp khăn mát, lưu ý không dùng khăn hoặc nước quá lạnh.
3. Nếu nạn nhân còn tỉnh, cần cho uống bù nước. Trong thời tiết lạnh, cần giữ ấm cho cơ thể nạn nhân, sau đó nhanh chóng đưa đến cơ sở y tế gần nhất.",https://congan.cantho.gov.vn/uploads/news/2026_04/600-cau-hoi-sat-hach.pdf,
696,"Khi điều khiển xe mô tô tay ga xuống đường dốc dài, độ dốc cao, người lái xe cần thực hiện các thao tác nào dưới đây để bảo đảm an toàn?","Giữ tay ga ở mức độ phù hợp, sử dụng phanh trước và phanh sau để giảm tốc độ.
",https://congan.cantho.gov.vn/uploads/news/2026_04/600-cau-hoi-sat-hach.pdf,
697,"Khi vào số để khởi hành xe ô tô có số tự động, người lái xe phải thực
hiện các thao tác nào để bảo đảm an toàn?","Đạp bàn đạp phanh chân hết hành trình, vào số và nhả phanh đỗ, kiểm tra lại xem có bị nhầm số không rồi mới cho xe lăn bánh.",https://congan.cantho.gov.vn/uploads/news/2026_04/600-cau-hoi-sat-hach.pdf,
698,"Khi nhả phanh đỗ cơ khí điều khiển bằng tay (phanh tay), người lái xe cần phải thực hiện các thao tác nào?","Dùng lực tay phải bóp khóa hãm đẩy cần phanh tay về phía trước hết hành
trình; nếu khóa hãm bị kẹt cứng phải kéo cần phanh tay về phía sau đồng thời
bóp khóa hãm.
",https://congan.cantho.gov.vn/uploads/news/2026_04/600-cau-hoi-sat-hach.pdf,
699,"Khi khởi hành ô tô sử dụng hộp số cơ khí trên đường bằng, người lái xe cần thực hiện các thao tác nào theo trình tự nào?","Kiểm tra an toàn xung quanh xe ô tô; đạp ly hợp (côn) hết hành trình; vào số 1; nhả hết phanh tay, báo hiệu bằng còi, đèn trước khi xuất phát; tăng ga đủ để xuất phát; nhả từ từ đến 1/2 hành trình bàn đạp côn và giữ trong khoảng 3 giây, sau đó vừa tăng ga vừa nhả hết côn để cho xe ô tô chuyển động.",https://congan.cantho.gov.vn/uploads/news/2026_04/600-cau-hoi-sat-hach.pdf,
700,"Khi quay đầu xe, người lái xe cần phải quan sát và thực hiện các thao tác nào để bảo đảm an toàn giao thông?","Quan sát biển báo hiệu để biết nơi được phép quay đầu; quan sát kỹ địa hình nơi chọn để quay đầu; lựa chọn quỹ đạo quay đầu xe cho thích hợp; quay đầu xe với tốc độ thấp; thường xuyên báo tín hiệu để người, các phương tiện xung quanh được biết; nếu quay đầu xe ở nơi nguy hiểm thì đưa đầu xe về phía nguy hiểm, đưa đuôi xe về phía an toàn.
",https://congan.cantho.gov.vn/uploads/news/2026_04/600-cau-hoi-sat-hach.pdf,
701,"Khi ngồi lái ô tô tư thế chân, lưng, tay của người lái xe như thế nào là đúng để bảo đảm an toàn và thoải mái?
","Điều chỉnh ghế sao cho chân có thể đạp phanh và ga dễ dàng, ngồi thẳng lưng, hai tay nắm vô lăng, tay trái nắm ở vị trí 9 đến 10 giờ và tay phải nắm ở vị trí từ 2 đến 4 giờ.",https://congan.cantho.gov.vn/uploads/news/2026_04/600-cau-hoi-sat-hach.pdf,
702,"Khi điều khiển ô tô lên dốc cao, người lái xe cần thực hiện các thao tác nào dưới đây để bảo đảm an toàn?","Về số thấp từ chân dốc, điều chỉnh ga cho xe từ từ lên dốc; đến gần đỉnh dốc phải đi chậm, đi sát về phía bên phải đường, có tín hiệu (còi, đèn) để báo cho người lái xe đi ngược chiều biết.
",https://congan.cantho.gov.vn/uploads/news/2026_04/600-cau-hoi-sat-hach.pdf,
703," Khi điều khiển ô tô xuống dốc dài, người lái xe cần thực hiện các thao tác nào dưới đây để bảo đảm an toàn?","Về số thấp, nhả bàn đạp ga ở mức độ phù hợp, kết hợp với phanh chân để khống chế tốc độ.",https://congan.cantho.gov.vn/uploads/news/2026_04/600-cau-hoi-sat-hach.pdf,
704,"Khi xuống dốc, muốn dừng xe, người lái xe cần thực hiện các thao tác nào để bảo đảm an toàn?","Có tín hiệu rẽ phải, điều khiển xe sát vào lề đường bên phải; đạp phanh sớm và mạnh hơn lúc dừng xe trên đường bằng để xe đi với tốc độ chậm đến mức dễ dàng dừng lại được; về số 1, đạp 1/2 ly hợp (côn) cho xe đến chỗ dừng; khi xe đã dừng, về số không (N), đạp phanh chân, sử dụng phanh đỗ.",https://congan.cantho.gov.vn/uploads/news/2026_04/600-cau-hoi-sat-hach.pdf,
705,Khi điều khiển xe trên đường vòng người lái xe cần phải làm gì để bảo đảm an toàn?,"Quan sát cẩn thận các chướng ngại vật và báo hiệu bằng coi, đèn; giảm tốc độ tới mức cần thiết, về số thấp và thực hiện quay vòng với tốc độ phù hợp với bán kính cong của đường vòng.
",https://congan.cantho.gov.vn/uploads/news/2026_04/600-cau-hoi-sat-hach.pdf,
706,"Khi điều khiển xe ô tô rẽ phải, người lái xe cần thực hiện các thao tác nào để bảo đảm an toàn?","Cách chỗ rẽ một khoảng cách an toàn có tín hiệu rẽ phải; giảm tốc độ, quan sát an toàn phía trước, sau, bên phải và điều khiển xe từ từ rẽ phải.",https://congan.cantho.gov.vn/uploads/news/2026_04/600-cau-hoi-sat-hach.pdf,
707,"Khi điều khiển xe ô tô rẽ trái, người lái xe cần thực hiện các thao tác nào để bảo đảm an toàn?","Cách chỗ rẽ một khoảng cách an toàn có tín hiệu rẽ trái; giảm tốc độ, quan sát an toàn xung quanh đặc biệt là bên trái; đổi sang làn đường bên trái và điều khiển xe từ từ rẽ trái.",https://congan.cantho.gov.vn/uploads/news/2026_04/600-cau-hoi-sat-hach.pdf,
708,"Khi điều khiển xe sử dụng hộp số cơ khí vượt qua rãnh lớn cắt ngang mặt đường, người lái xe cần thực hiện các thao tác nào để đảm bảo an toàn?","Vào số một (1) và từ từ cho hai bánh xe trước xuống rãnh, tăng ga cho hai bánh xe trước vượt lên khỏi rãnh, tiếp tục để bánh xe sau từ từ xuống rãnh rồi tăng dần ga cho xe ô tô lên khỏi rãnh.
",https://congan.cantho.gov.vn/uploads/news/2026_04/600-cau-hoi-sat-hach.pdf,
709,"Khi điều khiển xe qua đường sắt, người lái xe cần phải thực hiện các thao tác nào dưới đây để bảo đảm an toàn?","1. Khi có chuông báo hoặc thanh chắn đã hạ xuống, người lái xe phải dừng xe tạm thời đúng khoảng cách an toàn, kéo phanh tay nếu đường dốc hoặc phải chờ lâu.
2. Khi không có chuông báo hoặc thanh chắn không hạ xuống, người lái xe cần phải quan sát nếu thấy đủ điều kiện an toàn thì về số thấp, tăng ga nhẹ và không thay đổi số trong quá trình vượt qua đường sắt để tránh động cơ chết máy cho xe cho vượt qua.
",https://congan.cantho.gov.vn/uploads/news/2026_04/600-cau-hoi-sat-hach.pdf,
710,"Khi điều khiển xe ô tô tự đổ, người lái xe cần chú ý những điểm gì để bảo đảm an toàn?","1. Khi chạy trên đường xấu, nhiều ổ gà nên chạy chậm để thùng xe không bị lắc mạnh, không gây hiện tượng lệch ""ben""; khi chạy vào đường vòng, cần giảm tốc độ, không lấy lái gấp và không phanh gấp.
2. Khi đổ hàng phải chọn vị trí có nền đường cứng và phẳng, dừng hẳn xe, kéo hết phanh đỗ; sau đó mới điều khiển cơ cấu nâng ""ben"" để đổ hàng, đổ xong hàng mới hạ thùng xuống.",https://congan.cantho.gov.vn/uploads/news/2026_04/600-cau-hoi-sat-hach.pdf,
711,"Khi điều khiển xe tăng số, người lái xe cần chú ý những điểm gì để bảo đảm an toàn?","Không được nhìn xuống buồng lái, cần phải tăng thứ tự từ thấp đến cao, phối
hợp các động tác phải nhịp nhàng, chính xác.
",https://congan.cantho.gov.vn/uploads/news/2026_04/600-cau-hoi-sat-hach.pdf,
712,"Khi điều khiển xe giảm số, người lái xe cần phải chú ý những điểm gì để bảo đảm an toàn?","Không được nhìn xuống buồng lái, cần phải giảm thứ tự từ cao xuống thấp, phối hợp các động tác phải nhịp nhàng, chính xác, vù ga phải phù hợp với tốc độ.",https://congan.cantho.gov.vn/uploads/news/2026_04/600-cau-hoi-sat-hach.pdf,
713,"Để giảm tốc độ khi ô tô đi xuống đường dốc dài, người lái xe phải thực hiện các thao tác nào để bảo đảm an toàn?","Về số thấp phù hợp, nhả bàn đạp ga, kết hợp đạp phanh chân với mức độ phù hợp để giảm tốc độ.
",https://congan.cantho.gov.vn/uploads/news/2026_04/600-cau-hoi-sat-hach.pdf,
714,"Khi điều khiển ô tô qua đường ngập nước, người lái xe cần thực hiện các thao tác nào để đảm bảo an toàn?","Quan sát, ước lượng độ ngập nước mà xe ô tô có thể vượt qua an toàn, về số thấp, giữ đều ga và giữ vững tay lái để ô tô vượt qua đoạn đường ngập nước.
",https://congan.cantho.gov.vn/uploads/news/2026_04/600-cau-hoi-sat-hach.pdf,
715,"Khi điều khiển xe ô tô tới gần xe chạy ngược chiều vào ban đêm, người lái xe cần thực hiện các thao tác nào để bảo đảm an toàn?",Chuyển từ đèn chiếu xa sang đèn chiếu gần; không nhìn thẳng vào đèn của xe chạy ngược chiều mà nhìn chếch sang phía phải theo chiều chuyển động của xe mình.,https://congan.cantho.gov.vn/uploads/news/2026_04/600-cau-hoi-sat-hach.pdf,
716,Khi điều khiển xe ô tô trên đường trơn cần chú ý những điểm gì để bảo đảm an toàn?,"Giữ vững tay lái cho xe đi đúng vệt bánh xe đi trước, sử dụng số thấp đi chậm, gài cầu (nếu có), giữ đều ga, không lấy nhiều lái, không đánh lái ngoặt và phanh gấp.",https://congan.cantho.gov.vn/uploads/news/2026_04/600-cau-hoi-sat-hach.pdf,
717,"Trong các loại nhiên liệu dưới đây, loại nhiên liệu nào giảm thiểu ônhiễm môi trường?",Xăng sinh học và khí sinh học,https://congan.cantho.gov.vn/uploads/news/2026_04/600-cau-hoi-sat-hach.pdf,
718,Các biện pháp tiết kiệm nhiên liệu khi chạy xe?,"1. Bảo dưỡng xe theo định kỳ và có kế hoạch lộ trình trước khi xe chạy.
2. Kiểm tra áp suất lốp theo quy định và chạy xe với tốc độ phù hợp với tình trạng mặt đường và mật độ giao thông trên đường.",https://congan.cantho.gov.vn/uploads/news/2026_04/600-cau-hoi-sat-hach.pdf,
719,"Khi đã đỗ xe ô tô sát lề đường bên phải, người lái xe phải thực hiện các thao tác nào dưới đây khi mở cửa xuống xe để đảm bảo an toàn?","Quan sát tình hình giao thông phía trước, phía sau và phía bên mở cửa xe, mở hé cánh cửa, nếu đảm bảo an toàn thì mở cửa ở mức cần thiết để xuống xe ô tô.
",https://congan.cantho.gov.vn/uploads/news/2026_04/600-cau-hoi-sat-hach.pdf,
720,"Khi điều khiển xe ô tô qua đường sắt không có rào chắn, không có người điều khiển giao thông, người lái xe phải xử lý như thế nào? ","1. Giảm tốc độ, dừng lại trước vạch dừng, quan sát cả hai phía, nếu không có tàu đi tới, tăng ga nhẹ vượt qua đường sắt.
2. Nếu thấy có tàu đi tới thì dừng lại trước vạch dừng, chỉ khi tàu đi qua mới được đi.
",https://congan.cantho.gov.vn/uploads/news/2026_04/600-cau-hoi-sat-hach.pdf,
721,"Khi lái xe ô tô qua đường sắt không có rào chắn, không có người điều khiển giao thông, người lái xe thực hiện thao tác: “giảm tốc độ, dừng lại trước vạch dừng, quan sát cả hai phía, nếu không có tàu đi tới, tăng ga nhẹ vượt qua đường sắt. Nếu thấy có tàu đi tới thì dừng lại trước vạch dừng, chỉ khi tàu đi qua mới được đi” để đảm bảo an toàn là đúng hay không?
",Đúng.,https://congan.cantho.gov.vn/uploads/news/2026_04/600-cau-hoi-sat-hach.pdf,
722,"Khi điều khiển xe ô tô có hộp số tự động đi vào đường trơn trượt, lầy lội, người lái xe phải xử lý như thế nào để đảm bảo an toàn?","Về số thấp, kết hợp phanh chân để giảm tốc độ.",https://congan.cantho.gov.vn/uploads/news/2026_04/600-cau-hoi-sat-hach.pdf,
723,"Khi động cơ ô tô đã khởi động, muốn điều chỉnh ghế của người lái, người lái xe phải để cần số ở vị trí nào?",Vị trí N hoặc vị trí P hoặc số 0.,https://congan.cantho.gov.vn/uploads/news/2026_04/600-cau-hoi-sat-hach.pdf,
724,"Khi điều khiển xe ô tô có hộp số tự động, người lái xe sử dụng chân như thế nào là đúng để bảo đảm an toàn?",Không sử dụng chân trái; chân phải điều khiển bàn đạp phanh và bàn đạp ga.,https://congan.cantho.gov.vn/uploads/news/2026_04/600-cau-hoi-sat-hach.pdf,
725,"Khi tầm nhìn bị hạn chế bởi sương mù hoặc mưa to, người lái xe phải thực hiện các thao tác nào để bảo đảm an toàn?","Giảm tốc độ, chạy cách xa xe trước với khoảng cách an toàn, bật đèn sương mù và đèn chiếu gần.",https://congan.cantho.gov.vn/uploads/news/2026_04/600-cau-hoi-sat-hach.pdf,
726,"Khi đèn pha của xe đi ngược chiều gây chói mắt, làm giảm khả năng quan sát trên đường, người lái xe xử lý như thế nào dưới đây để bảo đảm an toàn?","Giảm tốc độ, giữ vững tay lái, nhìn chếch sang lề đường bên phải.",https://congan.cantho.gov.vn/uploads/news/2026_04/600-cau-hoi-sat-hach.pdf,
727,"Để đạt được hiệu quả phanh cao nhất, người lái xe mô tô phải sử dụng các kỹ năng như thế nào dưới đây?","Giảm hết ga, sử dụng đồng thời cả phanh sau và phanh trước.",https://congan.cantho.gov.vn/uploads/news/2026_04/600-cau-hoi-sat-hach.pdf,
728,"Khi lái xe ô tô trên mặt đường có nhiều ""ổ gà"", người lái xe phải thực hiện thao tác như thế nào để bảo đảm an toàn?","Giảm tốc độ, về số thấp và giữ đều ga.",https://congan.cantho.gov.vn/uploads/news/2026_04/600-cau-hoi-sat-hach.pdf,
729,"Khi điều khiển xe ô tô gặp mưa to hoặc sương mù, người lái xe phải làm gì để bảo đảm an toàn?","Bật đèn chiếu gần và đèn vàng (nếu có), điều khiển gạt nước, điều khiển ô tô đi với tốc độ chậm để có thể quan sát được; tìm chỗ an toàn dừng xe, bật đèn dừng khẩn cấp báo hiệu cho các xe khác biết.",https://congan.cantho.gov.vn/uploads/news/2026_04/600-cau-hoi-sat-hach.pdf,
730,"Điều khiển xe ô tô trong trời mưa, người lái xe phải xử lý như thế nào để bảo đảm an toàn?","Giảm tốc độ, tăng cường quan sát, không nên phanh gấp, không nên tăng ga hay đánh vô lăng đột ngột, bật đèn chiếu gần, mở chế độ gạt nước ở chế độ phù hợp để đảm bảo quan sát.
",https://congan.cantho.gov.vn/uploads/news/2026_04/600-cau-hoi-sat-hach.pdf,
731,"Khi lùi xe, người lái xe phải xử lý như thế nào để bảo đảm an toàn giao thông?","Quan sát bên trái, bên phải, phía sau xe, có tín hiệu cần thiết và lùi xe với tốc độ phù hợp.
",https://congan.cantho.gov.vn/uploads/news/2026_04/600-cau-hoi-sat-hach.pdf,
732,Điều khiển xe ô tô trong khu vực đông dân cư cần lưu ý điều gì dưới đây?,"1. Giảm tốc độ đến mức an toàn, quan sát, nhường đường cho người đi bộ, giữ khoảng cách an toàn với các xe phía trước.
2. Đi đúng làn đường quy định, chỉ được chuyển làn đường ở nơi cho phép, nhưng phải quan sát.",https://congan.cantho.gov.vn/uploads/news/2026_04/600-cau-hoi-sat-hach.pdf,
733,Khi điều khiển xe ô tô nhập vào đường cao tốc người lái xe cần thực hiện như thế nào dưới đây để bảo đảm an toàn giao thông?,"Quan sát, phát tín hiệu, nhường đường cho các xe đang chạy trên đường caotốc, khi đủ điều kiện an toàn thì tăng tốc độ cho xe nhập vào làn đường cao tốc, nếu có làn đường tăng tốc thì phải cho xe chạy trên làn đường đó trước khi cho xe nhập vào làn của đường cao tốc.",https://congan.cantho.gov.vn/uploads/news/2026_04/600-cau-hoi-sat-hach.pdf,
734,Khi điều khiển xe ô tô ra khỏi đường cao tốc người lái xe cần thực hiện như thế nào dưới đây để bảo đảm an toàn giao thông?,"Quan sát phía trước để tìm biển báo chỉ dẫn ""lối ra đường cao tốc"", kiểm tra tình trạng giao thông phía sau và bên phải, nếu bảo đảm điều kiện an toàn thì phát tín hiệu và điều khiển xe chuyển dần sang làn bên phải, nếu có làn đường giảm tốc thì phải cho xe di chuyển trên làn đường đó trước khi ra khỏi đường cao tốc.",https://congan.cantho.gov.vn/uploads/news/2026_04/600-cau-hoi-sat-hach.pdf,
,,,,
,,,,
,,,,
,,,,
,,,,
,,,,
,,,,
,,,,
,,,,
,,,,
,,,,
,,,,
,,,,
,,,,
,,,,
,,,,
,,,,
,,,,
,,,,
,,,,
,,,,
,,,,
,,,,
,,,,
,,,,
,,,,
,,,,
,,,,
,,,,
,,,,
,,,,
,,,,
,,,,
,,,,
,,,,
,,,,
,,,,
,,,,
,,,,
,,,,
,,,,
,,,,
,,,,
,,,,
,,,,
,,,,
,,,,
,,,,
,,,,
,,,,
,,,,
,,,,
,,,,
,,,,
,,,,
,,,,
,,,,
,,,,
,,,,
,,,,
,,,,
,,,,
,,,,
,,,,
,,,,
,,,,
,,,,
,,,,
,,,,
,,,,
,,,,
,,,,
,,,,
,,,,
,,,,
,,,,
,,,,
,,,,
,,,,
,,,,
,,,,
,,,,
,,,,
,,,,
,,,,
,,,,
,,,,
,,,,
,,,,
,,,,
,,,,
,,,,
,,,,
,,,,
,,,,
,,,,
,,,,
,,,,
,,,,
,,,,
,,,,
,,,,
,,,,
,,,,
,,,,
,,,,
,,,,
,,,,
,,,,
,,,,
,,,,
,,,,
,,,,
,,,,
,,,,
,,,,
,,,,
,,,,
,,,,
,,,,
,,,,
,,,,
,,,,
,,,,
,,,,
,,,,
,,,,
,,,,
,,,,
,,,,
,,,,
,,,,
,,,,
,,,,
,,,,
,,,,
,,,,
,,,,
,,,,
,,,,
,,,,
,,,,
,,,,
,,,,
,,,,
,,,,
,,,,
,,,,
,,,,
,,,,
,,,,
,,,,
,,,,
,,,,
,,,,
,,,,
,,,,
,,,,
,,,,
,,,,
,,,,
,,,,
,,,,
,,,,
,,,,
,,,,
,,,,
,,,,
,,,,
,,,,
,,,,
,,,,
,,,,
,,,,
,,,,
,,,,
,,,,
,,,,
,,,,
,,,,
,,,,
,,,,
,,,,
,,,,
,,,,
,,,,
,,,,
,,,,
,,,,
,,,,
,,,,
,,,,
,,,,
,,,,
,,,,
,,,,
,,,,
,,,,
,,,,
,,,,
,,,,
,,,,
,,,,
,,,,
,,,,
,,,,
,,,,
,,,,
,,,,
,,,,
,,,,
,,,,
,,,,
,,,,
,,,,
,,,,
,,,,
,,,,
,,,,
,,,,
,,,,
,,,,
,,,,
,,,,
,,,,
,,,,
,,,,
,,,,
,,,,
,,,,
,,,,
,,,,
,,,,
,,,,
,,,,
,,,,
,,,,
,,,,
,,,,
,,,,
,,,,
,,,,
,,,,
,,,,
,,,,
,,,,
,,,,
,,,,
,,,,
,,,,
,,,,
,,,,
,,,,
,,,,
,,,,
,,,,
,,,,
,,,,
,,,,
,,,,
,,,,
,,,,
,,,,
,,,,
,,,,
